nohup: ignoring input
2026/07/07 09:35:01 [cloud] cloud mode: false (RADAR_CLOUD_MODE="")
2026/07/07 09:35:01 Radar 1.8.1 starting...
2026/07/07 09:35:01 Kubeconfig loaded: mode=single, files=1, contexts=1, exec-plugins=0
2026/07/07 09:35:01 Using kubeconfig: /home/filipkonarski2/.kube/config
2026/07/07 09:35:01 MCP server enabled at http://localhost:9280/mcp
2026/07/07 09:35:01 Cleaned image layer cache directory
2026/07/07 09:35:01 Image layer cache initialized at: /tmp/radar-image-cache
2026/07/07 09:35:01 SSE broadcaster: cache not ready, waiting for connection...
2026/07/07 09:35:01 Starting Explorer server on http://localhost:9280
2026/07/07 09:35:01 [mcp] Port file written: /home/filipkonarski2/.radar/mcp-port (port 9280)
2026/07/07 09:35:01 [ops] Canceling ongoing operations (previous API calls will be interrupted)
2026/07/07 09:35:01 [ops] InitializeCluster START (context=kind-kind)
2026/07/07 09:35:01 SSE broadcaster: connection state changed to "connecting" (context=kind-kind, progress="Testing cluster connectivity...")
2026/07/07 09:35:01 Initialized in-memory event store (max 10000 events)
2026/07/07 09:35:01 Opening browser: http://localhost:9280
2026/07/07 09:35:01 Failed to open browser: exec: "xdg-open": executable file not found in $PATH
2026/07/07 09:35:01 Please open manually: http://localhost:9280
2026/07/07 09:35:01 SSE broadcaster: connection state changed to "connecting" (context=kind-kind, progress="Loading workloads...")
2026/07/07 09:35:01 API resource discovery took 14.4894ms
2026/07/07 09:35:01 Discovered 66 API resources (63 unique kinds)
2026/07/07 09:35:01 RBAC: restricted resources (no list permission): gateways, httproutes, verticalpodautoscalers
2026/07/07 09:35:01 Starting resource cache: 14 critical + 12 deferred + 1 background informers (27 total)
2026/07/07 09:35:01 SSE broadcaster: connection state changed to "connecting" (context=kind-kind, progress="Loading cluster data… 0 of 14 ready")
2026/07/07 09:35:01 Critical resource caches synced in 102.111178ms — UI can render
2026/07/07 09:35:01 SSE broadcaster: connection state changed to "connecting" (context=kind-kind, progress="Finalizing…")
2026/07/07 09:35:01 Resource breakdown (188 total): ClusterRole:74, ClusterRoleBinding:61, DaemonSet:2, Deployment:3, Namespace:5, Node:1, Pod:11, Role:12, RoleBinding:12, Service:6, StatefulSet:1
2026/07/07 09:35:01 Resource cache initialized with 29 resources
2026/07/07 09:35:01 SSE broadcaster: connection state changed to "connecting" (context=kind-kind, progress="Loading custom resources...")
2026/07/07 09:35:01 Dynamic resource cache initialized
2026/07/07 09:35:01 Metrics history collection started
2026/07/07 09:35:01 Helm client initialized (cache=/home/filipkonarski2/.cache/helm/repository, config=/home/filipkonarski2/.config/helm/repositories.yaml, data=/home/filipkonarski2/.local/share/helm/plugins)
2026/07/07 09:35:01 SSE broadcaster: connection state changed to "connected" (context=kind-kind, progress="")
2026/07/07 09:35:01 SSE broadcaster: connection became connected, scheduling topology broadcast
2026/07/07 09:35:01 SSE broadcaster: cache ready, starting resource change watcher
2026/07/07 09:35:01 SSE watcher: using 5s warmup debounce until initial sync completes
2026/07/07 09:35:01 Warming up CRD: APIService (apiregistration.k8s.io)
2026/07/07 09:35:01 Warming up CRD: CustomResourceDefinition (apiextensions.k8s.io)
2026/07/07 09:35:01 Warming up CRD: MutatingWebhookConfiguration (admissionregistration.k8s.io)
2026/07/07 09:35:01 Warming up CRD: ValidatingWebhookConfiguration (admissionregistration.k8s.io)
2026/07/07 09:35:01 Warming up CRD: ResourceClaim (resource.k8s.io)
2026/07/07 09:35:01 Warming up CRD: ResourceClaimTemplate (resource.k8s.io)
2026/07/07 09:35:01 Warming up CRD: DeviceClass (resource.k8s.io)
2026/07/07 09:35:01 Warming up CRD: ResourceSlice (resource.k8s.io)
2026/07/07 09:35:01 [metrics] Pod metrics collection failed (count=1): the server could not find the requested resource
2026/07/07 09:35:02 [metrics] Node metrics collection failed (count=1): the server could not find the requested resource
2026/07/07 09:35:02 Started watching dynamic resource: customresourcedefinitions.apiextensions.k8s.io/v1 (cluster-wide) (total dynamic informers: 1)
2026/07/07 09:35:02 Started watching dynamic resource: resourceclaimtemplates.resource.k8s.io/v1 (cluster-wide) (total dynamic informers: 2)
2026/07/07 09:35:02 Started watching dynamic resource: resourceslices.resource.k8s.io/v1 (cluster-wide) (total dynamic informers: 3)
2026/07/07 09:35:02 Started watching dynamic resource: apiservices.apiregistration.k8s.io/v1 (cluster-wide) (total dynamic informers: 4)
2026/07/07 09:35:02 Started watching dynamic resource: mutatingwebhookconfigurations.admissionregistration.k8s.io/v1 (cluster-wide) (total dynamic informers: 5)
2026/07/07 09:35:02 Started watching dynamic resource: resourceclaims.resource.k8s.io/v1 (cluster-wide) (total dynamic informers: 6)
2026/07/07 09:35:02 Started watching dynamic resource: validatingwebhookconfigurations.admissionregistration.k8s.io/v1 (cluster-wide) (total dynamic informers: 7)
2026/07/07 09:35:02 Started watching dynamic resource: deviceclasses.resource.k8s.io/v1 (cluster-wide) (total dynamic informers: 8)
2026/07/07 09:35:02 Deferred resource caches synced in 100.832368ms (total: 203.980033ms)
2026/07/07 09:35:02 SSE broadcaster: deferred informers synced, broadcasting topology update
2026/07/07 09:35:02 SSE broadcaster: warmup phase complete, switching to normal debounce
2026/07/07 09:35:02 Background Events sync complete in 100.969499ms
2026/07/07 09:35:02 SSE watcher: warmup complete (32 resources), debounce now dynamic by estimated node count (min 1s)
2026/07/07 09:35:02 [prometheus] Auto-discovery failed (109.726313ms): no Prometheus service found in cluster
2026/07/07 09:35:02 Dynamic resource synced: resourceslices.resource.k8s.io/v1 (cluster-wide)
2026/07/07 09:35:02 Dynamic resource synced: mutatingwebhookconfigurations.admissionregistration.k8s.io/v1 (cluster-wide)
2026/07/07 09:35:02 Dynamic resource synced: resourceclaimtemplates.resource.k8s.io/v1 (cluster-wide)
2026/07/07 09:35:02 Dynamic resource synced: customresourcedefinitions.apiextensions.k8s.io/v1 (cluster-wide)
2026/07/07 09:35:02 Dynamic resource synced: apiservices.apiregistration.k8s.io/v1 (cluster-wide)
2026/07/07 09:35:02 Dynamic resource synced: resourceclaims.resource.k8s.io/v1 (cluster-wide)
2026/07/07 09:35:02 All 8 dynamic resources synced
2026/07/07 09:35:02 [CRD Discovery] Starting CRD discovery...
2026/07/07 09:35:02 [policy-reports] Kyverno not detected (no kyverno.io/Policy or ClusterPolicy); leaving PolicyReports deferred
2026/07/07 09:35:02 Dynamic resource synced: deviceclasses.resource.k8s.io/v1 (cluster-wide)
2026/07/07 09:35:02 Dynamic resource synced: validatingwebhookconfigurations.admissionregistration.k8s.io/v1 (cluster-wide)
2026/07/07 09:35:02 Discovered 5 watchable CRDs (all 8 already watching from warmup)
2026/07/07 09:35:02 [CRD Discovery] CRD discovery complete
2026/07/07 09:35:06 "GET http://localhost:9280/ HTTP/1.1" from [::1]:56366 - 200 686B in 11.424395ms
2026/07/07 09:35:06 "GET http://localhost:9280/assets/rolldown-runtime-DWdDZTNf.js HTTP/1.1" from [::1]:56398 - 200 665B in 1.687971ms
2026/07/07 09:35:06 "GET http://localhost:9280/assets/ui-BDZu-UZx.css HTTP/1.1" from [::1]:56408 - 200 4217B in 932.759µs
2026/07/07 09:35:06 "GET http://localhost:9280/assets/index-B_RbFMRK.css HTTP/1.1" from [::1]:56378 - 200 37605B in 16.243379ms
2026/07/07 09:35:06 "GET http://localhost:9280/assets/monaco-v5rfKcVs.css HTTP/1.1" from [::1]:56424 - 200 30009B in 5.149683ms
2026/07/07 09:35:07 "GET http://localhost:9280/assets/vendor-nzxIv41H.js HTTP/1.1" from [::1]:56378 - 200 81648B in 17.222481ms
2026/07/07 09:35:07 "GET http://localhost:9280/assets/ui-CilCNw3t.js HTTP/1.1" from [::1]:56394 - 200 174788B in 25.241736ms
2026/07/07 09:35:07 "GET http://localhost:9280/assets/index-xwuR8WSz.js HTTP/1.1" from [::1]:56366 - 200 1347663B in 162.937691ms
2026/07/07 09:35:07 "GET http://localhost:9280/assets/monaco-BWw0l_hW.js HTTP/1.1" from [::1]:56398 - 200 1131243B in 155.974276ms
2026/07/07 09:35:07 "GET http://localhost:9280/images/radar/radar-icon.svg HTTP/1.1" from [::1]:56398 - 200 1186B in 372.09µs
2026/07/07 09:35:07 "GET http://localhost:9280/assets/radar-icon-loading-DjLUkQyV.svg HTTP/1.1" from [::1]:56394 - 200 1952B in 264.225µs
2026/07/07 09:35:07 "GET http://localhost:9280/assets/dm-mono-latin-400-normal-4GdczIuU.woff2 HTTP/1.1" from [::1]:56394 - 200 14820B in 933.652µs
2026/07/07 09:35:07 "GET http://localhost:9280/assets/dm-sans-latin-wght-normal-Xz1IZZA0.woff2 HTTP/1.1" from [::1]:56398 - 200 36932B in 6.105678ms
2026/07/07 09:35:07 SSE client connected (namespaces=[], view=full), total clients: 1
2026/07/07 09:35:07 "GET http://localhost:9280/api/auth/me HTTP/1.1" from [::1]:56394 - 200 65B in 677.332µs
2026/07/07 09:35:07 "GET http://localhost:9280/api/contexts HTTP/1.1" from [::1]:56378 - 200 121B in 2.00212ms
2026/07/07 09:35:07 "GET http://localhost:9280/api/api-resources HTTP/1.1" from [::1]:56366 - 200 1551B in 2.093332ms
2026/07/07 09:35:08 "GET http://localhost:9280/api/cluster-info HTTP/1.1" from [::1]:56424 - 200 154B in 6.028973ms
2026/07/07 09:35:08 "GET http://localhost:9280/api/namespaces HTTP/1.1" from [::1]:56394 - 200 117B in 324.459µs
2026/07/07 09:35:08 "GET http://localhost:9280/api/github/starred HTTP/1.1" from [::1]:56378 - 200 84B in 446.411µs
2026/07/07 09:35:08 "GET http://localhost:9280/api/cluster/namespace-scope HTTP/1.1" from [::1]:56408 - 200 188B in 11.042518ms
2026/07/07 09:35:08 "GET http://localhost:9280/api/connection HTTP/1.1" from [::1]:56408 - 200 144B in 1.653797ms
2026/07/07 09:35:08 "GET http://localhost:9280/api/audit HTTP/1.1" from [::1]:56424 - 200 8964B in 3.531627ms
2026/07/07 09:35:08 "GET http://localhost:9280/api/settings HTTP/1.1" from [::1]:56366 - 200 28B in 247.001µs
2026/07/07 09:35:08 "GET http://localhost:9280/api/capabilities HTTP/1.1" from [::1]:56378 - 200 386B in 10.743977ms
2026/07/07 09:35:08 "GET http://localhost:9280/api/dashboard/crds HTTP/1.1" from [::1]:56408 - 200 126B in 1.340087ms
2026/07/07 09:35:08 [dashboard] node metrics unavailable (showing requests/capacity only): the server could not find the requested resource
2026/07/07 09:35:08 "GET http://localhost:9280/api/dashboard HTTP/1.1" from [::1]:56378 - 200 1474B in 4.885611ms
2026/07/07 09:35:08 "GET http://localhost:9280/api/portforwards HTTP/1.1" from [::1]:56378 - 200 28B in 429.6µs
2026/07/07 09:35:08 "GET http://localhost:9280/api/changes?filter=all&include_managed=true&limit=1000&since=2026-07-07T06%3A35%3A08.210Z HTTP/1.1" from [::1]:56378 - 200 986B in 1.301192ms
2026/07/07 09:35:08 "GET http://localhost:9280/api/version-check HTTP/1.1" from [::1]:56394 - 200 482B in 420.754258ms
2026/07/07 09:35:08 [opencost] EnsureConnected failed (summary): no Prometheus service found in cluster
2026/07/07 09:35:08 "GET http://localhost:9280/api/opencost/summary HTTP/1.1" from [::1]:56378 - 200 70B in 207.322898ms
2026/07/07 09:35:08 "GET http://localhost:9280/api/dashboard/helm HTTP/1.1" from [::1]:56366 - 200 142B in 583.059303ms
2026/07/07 09:35:08 "GET http://localhost:9280/api/issues HTTP/1.1" from [::1]:56424 - 200 1468B in 586.067602ms
2026/07/07 09:35:20 Broadcasting topology update to 1 clients
2026/07/07 09:35:35 Broadcasting topology update to 1 clients
2026/07/07 09:35:38 [dashboard] node metrics unavailable (showing requests/capacity only): the server could not find the requested resource
2026/07/07 09:35:38 "GET http://localhost:9280/api/dashboard HTTP/1.1" from [::1]:56394 - 200 1533B in 2.748362ms
2026/07/07 09:35:38 "GET http://localhost:9280/api/portforwards HTTP/1.1" from [::1]:56394 - 200 28B in 84.632µs
2026/07/07 09:35:39 "GET http://localhost:9280/api/issues HTTP/1.1" from [::1]:56394 - 200 1655B in 335.838988ms
2026/07/07 09:35:49 [dashboard] node metrics unavailable (showing requests/capacity only): the server could not find the requested resource
2026/07/07 09:35:49 "GET http://localhost:9280/api/dashboard HTTP/1.1" from [::1]:56394 - 200 1531B in 2.454161ms
2026/07/07 09:36:08 "GET http://localhost:9280/api/audit HTTP/1.1" from [::1]:56394 - 200 8964B in 1.785857ms
2026/07/07 09:36:08 "GET http://localhost:9280/api/capabilities HTTP/1.1" from [::1]:56378 - 200 386B in 4.610876ms
2026/07/07 09:36:08 "GET http://localhost:9280/api/dashboard/crds HTTP/1.1" from [::1]:56394 - 200 126B in 506.275µs
2026/07/07 09:36:08 "GET http://localhost:9280/api/changes?filter=all&include_managed=true&limit=1000&since=2026-07-07T06%3A35%3A49.380Z HTTP/1.1" from [::1]:56394 - 200 1269B in 423.949µs
2026/07/07 09:36:08 "GET http://localhost:9280/api/portforwards HTTP/1.1" from [::1]:56394 - 200 28B in 49.564µs
2026/07/07 09:36:08 [opencost] EnsureConnected failed (summary): no Prometheus service found in cluster
2026/07/07 09:36:08 "GET http://localhost:9280/api/opencost/summary HTTP/1.1" from [::1]:56394 - 200 70B in 66.742727ms
2026/07/07 09:36:08 "GET http://localhost:9280/api/dashboard/helm HTTP/1.1" from [::1]:56394 - 200 142B in 227.448746ms
2026/07/07 09:36:09 "GET http://localhost:9280/api/issues HTTP/1.1" from [::1]:56394 - 200 1663B in 271.670443ms
2026/07/07 09:36:19 [dashboard] node metrics unavailable (showing requests/capacity only): the server could not find the requested resource
2026/07/07 09:36:19 "GET http://localhost:9280/api/dashboard HTTP/1.1" from [::1]:56394 - 200 1531B in 2.228363ms
2026/07/07 09:36:38 "GET http://localhost:9280/api/portforwards HTTP/1.1" from [::1]:56394 - 200 28B in 52.159µs
2026/07/07 09:36:39 "GET http://localhost:9280/api/issues HTTP/1.1" from [::1]:56394 - 200 1660B in 214.929771ms
2026/07/07 09:36:49 [dashboard] node metrics unavailable (showing requests/capacity only): the server could not find the requested resource
2026/07/07 09:36:49 "GET http://localhost:9280/api/dashboard HTTP/1.1" from [::1]:56394 - 200 1535B in 2.016115ms
2026/07/07 09:37:09 "GET http://localhost:9280/api/audit HTTP/1.1" from [::1]:56394 - 200 8964B in 2.453631ms
2026/07/07 09:37:09 "GET http://localhost:9280/api/capabilities HTTP/1.1" from [::1]:56378 - 200 386B in 6.449759ms
2026/07/07 09:37:09 "GET http://localhost:9280/api/dashboard/crds HTTP/1.1" from [::1]:56394 - 200 126B in 826.036µs
2026/07/07 09:37:09 "GET http://localhost:9280/api/changes?filter=all&include_managed=true&limit=1000&since=2026-07-07T06%3A36%3A49.415Z HTTP/1.1" from [::1]:56378 - 200 1269B in 680.798µs
2026/07/07 09:37:09 "GET http://localhost:9280/api/portforwards HTTP/1.1" from [::1]:36514 - 200 28B in 297.978µs
2026/07/07 09:37:09 [opencost] EnsureConnected failed (summary): no Prometheus service found in cluster
2026/07/07 09:37:09 "GET http://localhost:9280/api/opencost/summary HTTP/1.1" from [::1]:36512 - 200 70B in 150.558752ms
2026/07/07 09:37:09 "GET http://localhost:9280/api/dashboard/helm HTTP/1.1" from [::1]:36496 - 200 142B in 354.805506ms
2026/07/07 09:37:13 "GET http://localhost:9280/api/issues HTTP/1.1" from [::1]:56394 - 200 1657B in 433.411852ms
2026/07/07 09:37:19 [dashboard] node metrics unavailable (showing requests/capacity only): the server could not find the requested resource
2026/07/07 09:37:19 "GET http://localhost:9280/api/dashboard HTTP/1.1" from [::1]:56394 - 200 1528B in 2.366213ms
2026/07/07 09:37:39 "GET http://localhost:9280/api/portforwards HTTP/1.1" from [::1]:56394 - 200 28B in 297.527µs
2026/07/07 09:37:43 "GET http://localhost:9280/api/issues HTTP/1.1" from [::1]:56394 - 200 1657B in 271.979838ms
2026/07/07 09:37:49 [dashboard] node metrics unavailable (showing requests/capacity only): the server could not find the requested resource
2026/07/07 09:37:49 "GET http://localhost:9280/api/dashboard HTTP/1.1" from [::1]:56394 - 200 1531B in 2.254399ms
2026/07/07 09:38:09 "GET http://localhost:9280/api/audit HTTP/1.1" from [::1]:56394 - 200 8924B in 1.728487ms
2026/07/07 09:38:09 "GET http://localhost:9280/api/capabilities HTTP/1.1" from [::1]:56378 - 200 386B in 6.459832ms
2026/07/07 09:38:09 "GET http://localhost:9280/api/dashboard/crds HTTP/1.1" from [::1]:56394 - 200 126B in 585.076µs
2026/07/07 09:38:09 "GET http://localhost:9280/api/changes?filter=all&include_managed=true&limit=1000&since=2026-07-07T06%3A37%3A49.436Z HTTP/1.1" from [::1]:56378 - 200 1269B in 446.141µs
2026/07/07 09:38:09 "GET http://localhost:9280/api/portforwards HTTP/1.1" from [::1]:56394 - 200 28B in 74.051µs
2026/07/07 09:38:09 [opencost] EnsureConnected failed (summary): no Prometheus service found in cluster
2026/07/07 09:38:09 "GET http://localhost:9280/api/opencost/summary HTTP/1.1" from [::1]:56394 - 200 70B in 65.495015ms
2026/07/07 09:38:09 "GET http://localhost:9280/api/dashboard/helm HTTP/1.1" from [::1]:56394 - 200 142B in 204.682034ms
2026/07/07 09:38:14 "GET http://localhost:9280/api/issues HTTP/1.1" from [::1]:56394 - 200 1654B in 278.164448ms
2026/07/07 09:38:19 [dashboard] node metrics unavailable (showing requests/capacity only): the server could not find the requested resource
2026/07/07 09:38:19 "GET http://localhost:9280/api/dashboard HTTP/1.1" from [::1]:56394 - 200 1530B in 3.00965ms
2026/07/07 09:38:39 "GET http://localhost:9280/api/portforwards HTTP/1.1" from [::1]:56394 - 200 28B in 80.013µs
2026/07/07 09:38:44 "GET http://localhost:9280/api/issues HTTP/1.1" from [::1]:56394 - 200 1659B in 205.310613ms
2026/07/07 09:38:49 [dashboard] node metrics unavailable (showing requests/capacity only): the server could not find the requested resource
2026/07/07 09:38:49 "GET http://localhost:9280/api/dashboard HTTP/1.1" from [::1]:56394 - 200 1525B in 2.091809ms
2026/07/07 09:39:09 "GET http://localhost:9280/api/audit HTTP/1.1" from [::1]:56394 - 200 8924B in 2.373218ms
2026/07/07 09:39:09 "GET http://localhost:9280/api/dashboard/crds HTTP/1.1" from [::1]:56394 - 200 126B in 915.287µs
2026/07/07 09:39:09 "GET http://localhost:9280/api/capabilities HTTP/1.1" from [::1]:56378 - 200 386B in 7.63785ms
2026/07/07 09:39:09 "GET http://localhost:9280/api/changes?filter=all&include_managed=true&limit=1000&since=2026-07-07T06%3A38%3A49.469Z HTTP/1.1" from [::1]:58204 - 200 1269B in 599.964µs
2026/07/07 09:39:09 "GET http://localhost:9280/api/portforwards HTTP/1.1" from [::1]:56394 - 200 28B in 233.044µs
2026/07/07 09:39:09 [opencost] EnsureConnected failed (summary): no Prometheus service found in cluster
2026/07/07 09:39:09 "GET http://localhost:9280/api/opencost/summary HTTP/1.1" from [::1]:56394 - 200 70B in 64.589269ms
2026/07/07 09:39:09 "GET http://localhost:9280/api/dashboard/helm HTTP/1.1" from [::1]:56394 - 200 142B in 203.930511ms
2026/07/07 09:39:14 "GET http://localhost:9280/api/issues HTTP/1.1" from [::1]:56394 - 200 1659B in 266.954446ms
2026/07/07 09:39:19 [dashboard] node metrics unavailable (showing requests/capacity only): the server could not find the requested resource
2026/07/07 09:39:19 "GET http://localhost:9280/api/dashboard HTTP/1.1" from [::1]:56394 - 200 1526B in 2.028359ms
2026/07/07 09:39:25 Broadcasting topology update to 1 clients
2026/07/07 09:39:39 "GET http://localhost:9280/api/portforwards HTTP/1.1" from [::1]:56394 - 200 28B in 48.393µs
2026/07/07 09:39:44 "GET http://localhost:9280/api/issues HTTP/1.1" from [::1]:56394 - 200 1655B in 199.313225ms
2026/07/07 09:39:49 [dashboard] node metrics unavailable (showing requests/capacity only): the server could not find the requested resource
2026/07/07 09:39:49 "GET http://localhost:9280/api/dashboard HTTP/1.1" from [::1]:56394 - 200 1526B in 2.034433ms
2026/07/07 09:40:09 "GET http://localhost:9280/api/audit HTTP/1.1" from [::1]:56394 - 200 8964B in 2.423763ms
2026/07/07 09:40:09 "GET http://localhost:9280/api/changes?filter=all&include_managed=true&limit=1000&since=2026-07-07T06%3A39%3A49.498Z HTTP/1.1" from [::1]:56394 - 200 1338B in 601.658µs
2026/07/07 09:40:09 "GET http://localhost:9280/api/capabilities HTTP/1.1" from [::1]:58204 - 200 386B in 5.426683ms
2026/07/07 09:40:09 API resource discovery took 8.787104ms
2026/07/07 09:40:09 Discovered 66 API resources (63 unique kinds)
2026/07/07 09:40:09 "GET http://localhost:9280/api/dashboard/crds HTTP/1.1" from [::1]:56378 - 200 126B in 9.695216ms
2026/07/07 09:40:09 "GET http://localhost:9280/api/portforwards HTTP/1.1" from [::1]:56394 - 200 28B in 93.258µs
2026/07/07 09:40:09 [opencost] EnsureConnected failed (summary): no Prometheus service found in cluster
2026/07/07 09:40:09 "GET http://localhost:9280/api/opencost/summary HTTP/1.1" from [::1]:56394 - 200 70B in 67.765997ms
2026/07/07 09:40:10 "GET http://localhost:9280/api/dashboard/helm HTTP/1.1" from [::1]:56394 - 200 142B in 223.550659ms
2026/07/07 09:40:15 "GET http://localhost:9280/api/issues HTTP/1.1" from [::1]:56394 - 200 1655B in 250.870046ms
2026/07/07 09:40:19 [dashboard] node metrics unavailable (showing requests/capacity only): the server could not find the requested resource
2026/07/07 09:40:19 "GET http://localhost:9280/api/dashboard HTTP/1.1" from [::1]:56394 - 200 1533B in 1.933438ms
2026/07/07 09:40:27 Broadcasting topology update to 1 clients
2026/07/07 09:40:39 "GET http://localhost:9280/api/portforwards HTTP/1.1" from [::1]:56394 - 200 28B in 168.522µs
2026/07/07 09:40:45 "GET http://localhost:9280/api/issues HTTP/1.1" from [::1]:56394 - 200 1656B in 308.504064ms
2026/07/07 09:40:49 [dashboard] node metrics unavailable (showing requests/capacity only): the server could not find the requested resource
2026/07/07 09:40:49 "GET http://localhost:9280/api/dashboard HTTP/1.1" from [::1]:56394 - 200 1528B in 2.475225ms
2026/07/07 09:40:52 Broadcasting topology update to 1 clients
2026/07/07 09:41:07 [dashboard] node metrics unavailable (showing requests/capacity only): the server could not find the requested resource
2026/07/07 09:41:07 "GET http://localhost:9280/api/dashboard HTTP/1.1" from [::1]:56394 - 200 1558B in 2.377937ms
2026/07/07 09:41:09 "GET http://localhost:9280/api/audit HTTP/1.1" from [::1]:56394 - 200 8924B in 951.946µs
2026/07/07 09:41:09 "GET http://localhost:9280/api/changes?filter=all&include_managed=true&limit=1000&since=2026-07-07T06%3A41%3A07.480Z HTTP/1.1" from [::1]:56394 - 200 1451B in 541.793µs
2026/07/07 09:41:09 "GET http://localhost:9280/api/dashboard/crds HTTP/1.1" from [::1]:58204 - 200 126B in 1.008594ms
2026/07/07 09:41:09 "GET http://localhost:9280/api/capabilities HTTP/1.1" from [::1]:56378 - 200 386B in 4.565809ms
2026/07/07 09:41:09 "GET http://localhost:9280/api/portforwards HTTP/1.1" from [::1]:56394 - 200 28B in 1.529247ms
2026/07/07 09:41:09 [opencost] EnsureConnected failed (summary): no Prometheus service found in cluster
2026/07/07 09:41:09 "GET http://localhost:9280/api/opencost/summary HTTP/1.1" from [::1]:56394 - 200 70B in 61.80148ms
2026/07/07 09:41:10 "GET http://localhost:9280/api/dashboard/helm HTTP/1.1" from [::1]:56394 - 200 142B in 218.682522ms
2026/07/07 09:41:15 "GET http://localhost:9280/api/issues HTTP/1.1" from [::1]:56394 - 200 1468B in 274.006002ms
2026/07/07 09:41:37 [dashboard] node metrics unavailable (showing requests/capacity only): the server could not find the requested resource
2026/07/07 09:41:37 "GET http://localhost:9280/api/dashboard HTTP/1.1" from [::1]:56394 - 200 1558B in 2.074603ms
2026/07/07 09:41:39 "GET http://localhost:9280/api/portforwards HTTP/1.1" from [::1]:56394 - 200 28B in 56.137µs
2026/07/07 09:41:45 "GET http://localhost:9280/api/issues HTTP/1.1" from [::1]:56394 - 200 1468B in 206.469972ms
2026/07/07 09:41:55 Broadcasting topology update to 1 clients
2026/07/07 09:42:07 [dashboard] node metrics unavailable (showing requests/capacity only): the server could not find the requested resource
2026/07/07 09:42:07 "GET http://localhost:9280/api/dashboard HTTP/1.1" from [::1]:56394 - 200 1578B in 2.27053ms
2026/07/07 09:42:09 "GET http://localhost:9280/api/audit HTTP/1.1" from [::1]:56394 - 200 8964B in 772.885µs
2026/07/07 09:42:09 "GET http://localhost:9280/api/changes?filter=all&include_managed=true&limit=1000&since=2026-07-07T06%3A42%3A07.510Z HTTP/1.1" from [::1]:56394 - 200 1535B in 666.481µs
2026/07/07 09:42:09 "GET http://localhost:9280/api/dashboard/crds HTTP/1.1" from [::1]:56378 - 200 126B in 330.4µs
2026/07/07 09:42:09 "GET http://localhost:9280/api/capabilities HTTP/1.1" from [::1]:56394 - 200 386B in 5.186455ms
2026/07/07 09:42:09 "GET http://localhost:9280/api/portforwards HTTP/1.1" from [::1]:56394 - 200 28B in 181.496µs
2026/07/07 09:42:09 [opencost] EnsureConnected failed (summary): no Prometheus service found in cluster
2026/07/07 09:42:09 "GET http://localhost:9280/api/opencost/summary HTTP/1.1" from [::1]:56394 - 200 70B in 62.030741ms
2026/07/07 09:42:09 [dashboard] node metrics unavailable (showing requests/capacity only): the server could not find the requested resource
2026/07/07 09:42:09 "GET http://localhost:9280/api/dashboard HTTP/1.1" from [::1]:56394 - 200 1575B in 2.279929ms
2026/07/07 09:42:10 "GET http://localhost:9280/api/dashboard/helm HTTP/1.1" from [::1]:56394 - 200 142B in 237.685557ms
2026/07/07 09:42:16 "GET http://localhost:9280/api/issues HTTP/1.1" from [::1]:56394 - 200 1469B in 202.519419ms
2026/07/07 09:42:39 "GET http://localhost:9280/api/portforwards HTTP/1.1" from [::1]:56394 - 200 28B in 1.254975ms
2026/07/07 09:42:39 [dashboard] node metrics unavailable (showing requests/capacity only): the server could not find the requested resource
2026/07/07 09:42:39 "GET http://localhost:9280/api/dashboard HTTP/1.1" from [::1]:56394 - 200 1578B in 2.33653ms
2026/07/07 09:42:46 "GET http://localhost:9280/api/issues HTTP/1.1" from [::1]:56394 - 200 1469B in 190.123759ms
2026/07/07 09:42:55 Broadcasting topology update to 1 clients
2026/07/07 09:43:09 "GET http://localhost:9280/api/audit HTTP/1.1" from [::1]:56394 - 200 8924B in 1.429787ms
2026/07/07 09:43:09 "GET http://localhost:9280/api/changes?filter=all&include_managed=true&limit=1000&since=2026-07-07T06%3A42%3A55.884Z HTTP/1.1" from [::1]:56394 - 200 1577B in 471.058µs
2026/07/07 09:43:09 "GET http://localhost:9280/api/dashboard/crds HTTP/1.1" from [::1]:56378 - 200 126B in 518.83µs
2026/07/07 09:43:09 "GET http://localhost:9280/api/capabilities HTTP/1.1" from [::1]:56394 - 200 386B in 4.121713ms
2026/07/07 09:43:09 "GET http://localhost:9280/api/portforwards HTTP/1.1" from [::1]:56394 - 200 28B in 77.348µs
2026/07/07 09:43:09 [opencost] EnsureConnected failed (summary): no Prometheus service found in cluster
2026/07/07 09:43:09 "GET http://localhost:9280/api/opencost/summary HTTP/1.1" from [::1]:56394 - 200 70B in 73.801931ms
2026/07/07 09:43:09 [dashboard] node metrics unavailable (showing requests/capacity only): the server could not find the requested resource
2026/07/07 09:43:09 "GET http://localhost:9280/api/dashboard HTTP/1.1" from [::1]:56394 - 200 1600B in 2.525116ms
2026/07/07 09:43:09 [dashboard] node metrics unavailable (showing requests/capacity only): the server could not find the requested resource
2026/07/07 09:43:09 "GET http://localhost:9280/api/dashboard HTTP/1.1" from [::1]:56394 - 200 1597B in 2.261215ms
2026/07/07 09:43:10 "GET http://localhost:9280/api/dashboard/helm HTTP/1.1" from [::1]:56394 - 200 142B in 204.553483ms
2026/07/07 09:43:16 "GET http://localhost:9280/api/issues HTTP/1.1" from [::1]:56394 - 200 1655B in 200.339977ms
2026/07/07 09:43:39 "GET http://localhost:9280/api/portforwards HTTP/1.1" from [::1]:56394 - 200 28B in 294.241µs
2026/07/07 09:43:39 [dashboard] node metrics unavailable (showing requests/capacity only): the server could not find the requested resource
2026/07/07 09:43:39 "GET http://localhost:9280/api/dashboard HTTP/1.1" from [::1]:56394 - 200 1602B in 1.820694ms
2026/07/07 09:43:46 "GET http://localhost:9280/api/issues HTTP/1.1" from [::1]:56394 - 200 1655B in 193.617963ms
2026/07/07 09:44:09 "GET http://localhost:9280/api/changes?filter=all&include_managed=true&limit=1000&since=2026-07-07T06%3A43%3A46.674Z HTTP/1.1" from [::1]:56378 - 200 1577B in 521.855µs
2026/07/07 09:44:09 "GET http://localhost:9280/api/audit HTTP/1.1" from [::1]:56394 - 200 8964B in 2.242979ms
2026/07/07 09:44:09 "GET http://localhost:9280/api/dashboard/crds HTTP/1.1" from [::1]:53330 - 200 126B in 552.854µs
2026/07/07 09:44:09 "GET http://localhost:9280/api/capabilities HTTP/1.1" from [::1]:56394 - 200 386B in 8.930807ms
2026/07/07 09:44:09 "GET http://localhost:9280/api/portforwards HTTP/1.1" from [::1]:56394 - 200 28B in 68.931µs
2026/07/07 09:44:09 [opencost] EnsureConnected failed (summary): no Prometheus service found in cluster
2026/07/07 09:44:09 "GET http://localhost:9280/api/opencost/summary HTTP/1.1" from [::1]:56394 - 200 70B in 57.270996ms
2026/07/07 09:44:09 [dashboard] node metrics unavailable (showing requests/capacity only): the server could not find the requested resource
2026/07/07 09:44:09 "GET http://localhost:9280/api/dashboard HTTP/1.1" from [::1]:56394 - 200 1598B in 2.568799ms
2026/07/07 09:44:10 "GET http://localhost:9280/api/dashboard/helm HTTP/1.1" from [::1]:56394 - 200 142B in 199.71473ms
2026/07/07 09:44:16 "GET http://localhost:9280/api/issues HTTP/1.1" from [::1]:56394 - 200 1660B in 223.242721ms
2026/07/07 09:44:26 Broadcasting topology update to 1 clients
2026/07/07 09:44:32 [metrics] Pod metrics collection failed (count=20): the server could not find the requested resource
2026/07/07 09:44:32 [metrics] Node metrics collection failed (count=20): the server could not find the requested resource
2026/07/07 09:44:39 "GET http://localhost:9280/api/portforwards HTTP/1.1" from [::1]:56394 - 200 28B in 197.086µs
2026/07/07 09:44:39 [dashboard] node metrics unavailable (showing requests/capacity only): the server could not find the requested resource
2026/07/07 09:44:39 "GET http://localhost:9280/api/dashboard HTTP/1.1" from [::1]:56394 - 200 1593B in 2.305929ms
2026/07/07 09:44:47 "GET http://localhost:9280/api/issues HTTP/1.1" from [::1]:56394 - 200 1655B in 288.61032ms
2026/07/07 09:45:09 "GET http://localhost:9280/api/changes?filter=all&include_managed=true&limit=1000&since=2026-07-07T06%3A44%3A47.226Z HTTP/1.1" from [::1]:56394 - 200 1619B in 724.472µs
2026/07/07 09:45:09 "GET http://localhost:9280/api/audit HTTP/1.1" from [::1]:56378 - 200 8964B in 1.552342ms
2026/07/07 09:45:09 API resource discovery took 5.742133ms
2026/07/07 09:45:09 Discovered 66 API resources (63 unique kinds)
2026/07/07 09:45:09 "GET http://localhost:9280/api/dashboard/crds HTTP/1.1" from [::1]:56394 - 200 126B in 6.33246ms
2026/07/07 09:45:09 "GET http://localhost:9280/api/capabilities HTTP/1.1" from [::1]:56394 - 200 386B in 5.012273ms
2026/07/07 09:45:09 "GET http://localhost:9280/api/portforwards HTTP/1.1" from [::1]:56394 - 200 28B in 75.103µs
2026/07/07 09:45:09 [opencost] EnsureConnected failed (summary): no Prometheus service found in cluster
2026/07/07 09:45:09 "GET http://localhost:9280/api/opencost/summary HTTP/1.1" from [::1]:56394 - 200 70B in 65.788837ms
2026/07/07 09:45:09 [dashboard] node metrics unavailable (showing requests/capacity only): the server could not find the requested resource
2026/07/07 09:45:09 "GET http://localhost:9280/api/dashboard HTTP/1.1" from [::1]:56394 - 200 1601B in 2.845879ms
2026/07/07 09:45:11 "GET http://localhost:9280/api/dashboard/helm HTTP/1.1" from [::1]:56394 - 200 142B in 236.910767ms
2026/07/07 09:45:17 "GET http://localhost:9280/api/issues HTTP/1.1" from [::1]:56394 - 200 1655B in 203.905874ms
2026/07/07 09:45:33 Broadcasting topology update to 1 clients
2026/07/07 09:45:39 "GET http://localhost:9280/api/portforwards HTTP/1.1" from [::1]:56394 - 200 28B in 59.674µs
2026/07/07 09:45:40 [dashboard] node metrics unavailable (showing requests/capacity only): the server could not find the requested resource
2026/07/07 09:45:40 "GET http://localhost:9280/api/dashboard HTTP/1.1" from [::1]:56394 - 200 1593B in 2.080329ms
2026/07/07 09:45:44 Broadcasting topology update to 1 clients
2026/07/07 09:45:47 "GET http://localhost:9280/api/issues HTTP/1.1" from [::1]:56394 - 200 1655B in 226.846554ms
2026/07/07 09:46:09 "GET http://localhost:9280/api/changes?filter=all&include_managed=true&limit=1000&since=2026-07-07T06%3A45%3A47.668Z HTTP/1.1" from [::1]:56394 - 200 1582B in 623.339µs
2026/07/07 09:46:09 "GET http://localhost:9280/api/audit HTTP/1.1" from [::1]:56394 - 200 8924B in 1.439246ms
2026/07/07 09:46:09 "GET http://localhost:9280/api/dashboard/crds HTTP/1.1" from [::1]:56394 - 200 126B in 719.914µs
2026/07/07 09:46:09 "GET http://localhost:9280/api/capabilities HTTP/1.1" from [::1]:56394 - 200 386B in 7.3277ms
2026/07/07 09:46:09 "GET http://localhost:9280/api/portforwards HTTP/1.1" from [::1]:56394 - 200 28B in 216.443µs
2026/07/07 09:46:09 [opencost] EnsureConnected failed (summary): no Prometheus service found in cluster
2026/07/07 09:46:09 "GET http://localhost:9280/api/opencost/summary HTTP/1.1" from [::1]:56394 - 200 70B in 58.368167ms
2026/07/07 09:46:10 [dashboard] node metrics unavailable (showing requests/capacity only): the server could not find the requested resource
2026/07/07 09:46:10 "GET http://localhost:9280/api/dashboard HTTP/1.1" from [::1]:56394 - 200 1596B in 2.215354ms
2026/07/07 09:46:11 "GET http://localhost:9280/api/dashboard/helm HTTP/1.1" from [::1]:56394 - 200 142B in 186.988517ms
2026/07/07 09:46:17 "GET http://localhost:9280/api/issues HTTP/1.1" from [::1]:56394 - 200 1655B in 182.318197ms
2026/07/07 09:46:39 "GET http://localhost:9280/api/portforwards HTTP/1.1" from [::1]:56394 - 200 28B in 287.629µs
2026/07/07 09:46:40 [dashboard] node metrics unavailable (showing requests/capacity only): the server could not find the requested resource
2026/07/07 09:46:40 "GET http://localhost:9280/api/dashboard HTTP/1.1" from [::1]:56394 - 200 1599B in 1.941604ms
2026/07/07 09:46:48 "GET http://localhost:9280/api/issues HTTP/1.1" from [::1]:56394 - 200 1656B in 205.063493ms
2026/07/07 09:47:09 "GET http://localhost:9280/api/changes?filter=all&include_managed=true&limit=1000&since=2026-07-07T06%3A46%3A48.096Z HTTP/1.1" from [::1]:56394 - 200 1582B in 557.423µs
2026/07/07 09:47:09 "GET http://localhost:9280/api/audit HTTP/1.1" from [::1]:53384 - 200 8924B in 1.445568ms
2026/07/07 09:47:09 "GET http://localhost:9280/api/dashboard/crds HTTP/1.1" from [::1]:56394 - 200 126B in 436.964µs
2026/07/07 09:47:09 "GET http://localhost:9280/api/capabilities HTTP/1.1" from [::1]:56394 - 200 386B in 3.882817ms
2026/07/07 09:47:09 "GET http://localhost:9280/api/portforwards HTTP/1.1" from [::1]:56394 - 200 28B in 73.149µs
2026/07/07 09:47:09 [opencost] EnsureConnected failed (summary): no Prometheus service found in cluster
2026/07/07 09:47:09 "GET http://localhost:9280/api/opencost/summary HTTP/1.1" from [::1]:56394 - 200 70B in 57.293879ms
2026/07/07 09:47:10 [dashboard] node metrics unavailable (showing requests/capacity only): the server could not find the requested resource
2026/07/07 09:47:10 "GET http://localhost:9280/api/dashboard HTTP/1.1" from [::1]:56394 - 200 1596B in 1.869546ms
2026/07/07 09:47:11 "GET http://localhost:9280/api/dashboard/helm HTTP/1.1" from [::1]:56394 - 200 142B in 185.628088ms
2026/07/07 09:47:18 "GET http://localhost:9280/api/issues HTTP/1.1" from [::1]:56394 - 200 1655B in 250.407874ms
2026/07/07 09:47:39 "GET http://localhost:9280/api/portforwards HTTP/1.1" from [::1]:56394 - 200 28B in 50.356µs
2026/07/07 09:47:40 [dashboard] node metrics unavailable (showing requests/capacity only): the server could not find the requested resource
2026/07/07 09:47:40 "GET http://localhost:9280/api/dashboard HTTP/1.1" from [::1]:56394 - 200 1596B in 2.133461ms
2026/07/07 09:47:48 "GET http://localhost:9280/api/issues HTTP/1.1" from [::1]:56394 - 200 1655B in 219.792227ms
2026/07/07 09:48:09 "GET http://localhost:9280/api/changes?filter=all&include_managed=true&limit=1000&since=2026-07-07T06%3A47%3A48.584Z HTTP/1.1" from [::1]:56394 - 200 1582B in 399.863µs
2026/07/07 09:48:09 "GET http://localhost:9280/api/audit HTTP/1.1" from [::1]:56394 - 200 8964B in 1.874586ms
2026/07/07 09:48:09 "GET http://localhost:9280/api/dashboard/crds HTTP/1.1" from [::1]:56394 - 200 126B in 432.024µs
2026/07/07 09:48:09 "GET http://localhost:9280/api/capabilities HTTP/1.1" from [::1]:56394 - 200 386B in 6.760998ms
2026/07/07 09:48:09 "GET http://localhost:9280/api/portforwards HTTP/1.1" from [::1]:56394 - 200 28B in 217.715µs
2026/07/07 09:48:10 [opencost] EnsureConnected failed (summary): no Prometheus service found in cluster
2026/07/07 09:48:10 "GET http://localhost:9280/api/opencost/summary HTTP/1.1" from [::1]:56394 - 200 70B in 73.892048ms
2026/07/07 09:48:10 [dashboard] node metrics unavailable (showing requests/capacity only): the server could not find the requested resource
2026/07/07 09:48:10 "GET http://localhost:9280/api/dashboard HTTP/1.1" from [::1]:56394 - 200 1597B in 2.882918ms
2026/07/07 09:48:11 "GET http://localhost:9280/api/dashboard/helm HTTP/1.1" from [::1]:56394 - 200 142B in 228.649242ms
2026/07/07 09:48:18 "GET http://localhost:9280/api/issues HTTP/1.1" from [::1]:56394 - 200 1656B in 256.443802ms
2026/07/07 09:48:21 Broadcasting topology update to 1 clients
2026/07/07 09:48:22 Broadcasting topology update to 1 clients
2026/07/07 09:48:36 [dashboard] node metrics unavailable (showing requests/capacity only): the server could not find the requested resource
2026/07/07 09:48:36 "GET http://localhost:9280/api/dashboard HTTP/1.1" from [::1]:56394 - 200 1602B in 2.66857ms
2026/07/07 09:48:39 "GET http://localhost:9280/api/portforwards HTTP/1.1" from [::1]:56394 - 200 28B in 217.876µs
2026/07/07 09:48:49 "GET http://localhost:9280/api/issues HTTP/1.1" from [::1]:56394 - 200 1470B in 219.046997ms
2026/07/07 09:49:06 [dashboard] node metrics unavailable (showing requests/capacity only): the server could not find the requested resource
2026/07/07 09:49:06 "GET http://localhost:9280/api/dashboard HTTP/1.1" from [::1]:56394 - 200 1598B in 2.249581ms
2026/07/07 09:49:09 "GET http://localhost:9280/api/changes?filter=all&include_managed=true&limit=1000&since=2026-07-07T06%3A49%3A06.998Z HTTP/1.1" from [::1]:56394 - 200 1739B in 389.864µs
2026/07/07 09:49:09 "GET http://localhost:9280/api/audit HTTP/1.1" from [::1]:42014 - 200 8964B in 1.1796ms
2026/07/07 09:49:09 "GET http://localhost:9280/api/dashboard/crds HTTP/1.1" from [::1]:56394 - 200 126B in 374.314µs
2026/07/07 09:49:09 "GET http://localhost:9280/api/capabilities HTTP/1.1" from [::1]:56394 - 200 386B in 3.64864ms
2026/07/07 09:49:09 "GET http://localhost:9280/api/portforwards HTTP/1.1" from [::1]:56394 - 200 28B in 179.623µs
2026/07/07 09:49:10 [opencost] EnsureConnected failed (summary): no Prometheus service found in cluster
2026/07/07 09:49:10 "GET http://localhost:9280/api/opencost/summary HTTP/1.1" from [::1]:56394 - 200 70B in 60.342215ms
2026/07/07 09:49:12 "GET http://localhost:9280/api/dashboard/helm HTTP/1.1" from [::1]:56394 - 200 142B in 163.559237ms
2026/07/07 09:49:19 "GET http://localhost:9280/api/issues HTTP/1.1" from [::1]:56394 - 200 1471B in 311.143181ms
2026/07/07 09:49:25 Broadcasting topology update to 1 clients
2026/07/07 09:49:26 Broadcasting topology update to 1 clients
2026/07/07 09:49:37 [dashboard] node metrics unavailable (showing requests/capacity only): the server could not find the requested resource
2026/07/07 09:49:37 "GET http://localhost:9280/api/dashboard HTTP/1.1" from [::1]:56394 - 200 1595B in 2.460015ms
2026/07/07 09:49:39 "GET http://localhost:9280/api/portforwards HTTP/1.1" from [::1]:56394 - 200 28B in 51.147µs
2026/07/07 09:49:40 [dashboard] node metrics unavailable (showing requests/capacity only): the server could not find the requested resource
2026/07/07 09:49:40 "GET http://localhost:9280/api/dashboard HTTP/1.1" from [::1]:56394 - 200 1595B in 2.762439ms
2026/07/07 09:49:49 "GET http://localhost:9280/api/issues HTTP/1.1" from [::1]:56394 - 200 1472B in 220.192217ms
2026/07/07 09:50:09 "GET http://localhost:9280/api/changes?filter=all&include_managed=true&limit=1000&since=2026-07-07T06%3A49%3A49.633Z HTTP/1.1" from [::1]:56394 - 200 1812B in 640.031µs
2026/07/07 09:50:09 "GET http://localhost:9280/api/audit HTTP/1.1" from [::1]:56394 - 200 8924B in 2.034091ms
2026/07/07 09:50:09 API resource discovery took 5.550318ms
2026/07/07 09:50:09 Discovered 66 API resources (63 unique kinds)
2026/07/07 09:50:09 "GET http://localhost:9280/api/dashboard/crds HTTP/1.1" from [::1]:56394 - 200 126B in 6.144331ms
2026/07/07 09:50:09 "GET http://localhost:9280/api/capabilities HTTP/1.1" from [::1]:56394 - 200 386B in 3.501289ms
2026/07/07 09:50:09 "GET http://localhost:9280/api/portforwards HTTP/1.1" from [::1]:56394 - 200 28B in 71.476µs
2026/07/07 09:50:10 [dashboard] node metrics unavailable (showing requests/capacity only): the server could not find the requested resource
2026/07/07 09:50:10 "GET http://localhost:9280/api/dashboard HTTP/1.1" from [::1]:42014 - 200 1598B in 2.508986ms
2026/07/07 09:50:10 [opencost] EnsureConnected failed (summary): no Prometheus service found in cluster
2026/07/07 09:50:10 "GET http://localhost:9280/api/opencost/summary HTTP/1.1" from [::1]:56394 - 200 70B in 70.441229ms
2026/07/07 09:50:12 "GET http://localhost:9280/api/dashboard/helm HTTP/1.1" from [::1]:56394 - 200 142B in 191.615014ms
2026/07/07 09:50:19 "GET http://localhost:9280/api/issues HTTP/1.1" from [::1]:56394 - 200 1470B in 257.361364ms
2026/07/07 09:50:25 Broadcasting topology update to 1 clients
2026/07/07 09:50:39 "GET http://localhost:9280/api/portforwards HTTP/1.1" from [::1]:56394 - 200 28B in 206.855µs
2026/07/07 09:50:39 [dashboard] node metrics unavailable (showing requests/capacity only): the server could not find the requested resource
2026/07/07 09:50:39 "GET http://localhost:9280/api/dashboard HTTP/1.1" from [::1]:56394 - 200 1606B in 2.363508ms
2026/07/07 09:50:40 Broadcasting topology update to 1 clients
2026/07/07 09:50:50 "GET http://localhost:9280/api/issues HTTP/1.1" from [::1]:56394 - 200 1660B in 232.08587ms
2026/07/07 09:51:09 "GET http://localhost:9280/api/changes?filter=all&include_managed=true&limit=1000&since=2026-07-07T06%3A50%3A50.151Z HTTP/1.1" from [::1]:56394 - 200 1850B in 501.857µs
2026/07/07 09:51:09 "GET http://localhost:9280/api/audit HTTP/1.1" from [::1]:56394 - 200 8964B in 1.21114ms
2026/07/07 09:51:09 "GET http://localhost:9280/api/dashboard/crds HTTP/1.1" from [::1]:56394 - 200 126B in 501.517µs
2026/07/07 09:51:09 "GET http://localhost:9280/api/capabilities HTTP/1.1" from [::1]:56394 - 200 386B in 5.385405ms
2026/07/07 09:51:09 "GET http://localhost:9280/api/portforwards HTTP/1.1" from [::1]:56394 - 200 28B in 78.29µs
2026/07/07 09:51:09 [dashboard] node metrics unavailable (showing requests/capacity only): the server could not find the requested resource
2026/07/07 09:51:09 "GET http://localhost:9280/api/dashboard HTTP/1.1" from [::1]:56394 - 200 1607B in 2.536507ms
2026/07/07 09:51:10 [opencost] EnsureConnected failed (summary): no Prometheus service found in cluster
2026/07/07 09:51:10 "GET http://localhost:9280/api/opencost/summary HTTP/1.1" from [::1]:56394 - 200 70B in 68.420154ms
2026/07/07 09:51:12 "GET http://localhost:9280/api/dashboard/helm HTTP/1.1" from [::1]:56394 - 200 142B in 221.704875ms
2026/07/07 09:51:20 "GET http://localhost:9280/api/issues HTTP/1.1" from [::1]:56394 - 200 1655B in 232.627064ms
2026/07/07 09:51:39 "GET http://localhost:9280/api/portforwards HTTP/1.1" from [::1]:56394 - 200 28B in 69.352µs
2026/07/07 09:51:39 [dashboard] node metrics unavailable (showing requests/capacity only): the server could not find the requested resource
2026/07/07 09:51:39 "GET http://localhost:9280/api/dashboard HTTP/1.1" from [::1]:56394 - 200 1608B in 2.303236ms
2026/07/07 09:51:47 "GET http://localhost:9280/api/events/stream HTTP/1.1" from [::1]:56398 - 200 228389B in 16m39.963239747s
2026/07/07 09:51:47 SSE client disconnected, total clients: 0
2026/07/07 09:56:28 "GET http://localhost:9280/api/dashboard/crds HTTP/1.1" from [::1]:50542 - 200 126B in 839.581µs
2026/07/07 09:56:28 [dashboard] node metrics unavailable (showing requests/capacity only): the server could not find the requested resource
2026/07/07 09:56:28 "GET http://localhost:9280/api/audit HTTP/1.1" from [::1]:50552 - 200 8924B in 2.467216ms
2026/07/07 09:56:28 "GET http://localhost:9280/api/dashboard HTTP/1.1" from [::1]:50542 - 200 1607B in 34.823253ms
2026/07/07 09:56:28 "GET http://localhost:9280/api/changes?filter=all&include_managed=true&limit=1000&since=2026-07-07T06%3A51%3A50.408Z HTTP/1.1" from [::1]:50556 - 200 1850B in 724.252µs
2026/07/07 09:56:28 "GET http://localhost:9280/api/portforwards HTTP/1.1" from [::1]:50568 - 200 28B in 315.351µs
2026/07/07 09:56:28 "GET http://localhost:9280/api/capabilities HTTP/1.1" from [::1]:50558 - 200 386B in 303.94µs
2026/07/07 09:56:28 [opencost] EnsureConnected failed (summary): no Prometheus service found in cluster
2026/07/07 09:56:28 "GET http://localhost:9280/api/opencost/summary HTTP/1.1" from [::1]:50552 - 200 70B in 473.407426ms
2026/07/07 09:56:28 "GET http://localhost:9280/api/issues HTTP/1.1" from [::1]:50536 - 200 1657B in 734.070989ms
2026/07/07 09:56:29 "GET http://localhost:9280/api/dashboard/helm HTTP/1.1" from [::1]:50542 - 200 142B in 834.827971ms
2026/07/07 09:56:29 SSE client connected (namespaces=[], view=full), total clients: 1
2026/07/07 09:56:29 "GET http://localhost:9280/api/capabilities HTTP/1.1" from [::1]:50556 - 200 386B in 538.577µs
2026/07/07 09:56:29 "GET http://localhost:9280/api/audit HTTP/1.1" from [::1]:50536 - 200 8924B in 1.411763ms
2026/07/07 09:56:29 "GET http://localhost:9280/api/portforwards HTTP/1.1" from [::1]:50542 - 200 28B in 348.726µs
2026/07/07 09:56:29 "GET http://localhost:9280/api/dashboard/crds HTTP/1.1" from [::1]:50542 - 200 126B in 524.811µs
2026/07/07 09:56:29 "GET http://localhost:9280/api/changes?filter=all&include_managed=true&limit=1000&since=2026-07-07T06%3A56%3A29.202Z HTTP/1.1" from [::1]:50568 - 200 1850B in 823.481µs
2026/07/07 09:56:29 [dashboard] node metrics unavailable (showing requests/capacity only): the server could not find the requested resource
2026/07/07 09:56:29 "GET http://localhost:9280/api/dashboard HTTP/1.1" from [::1]:50536 - 200 1607B in 3.796913ms
2026/07/07 09:56:29 "GET http://localhost:9280/api/connection HTTP/1.1" from [::1]:50536 - 200 144B in 856.033µs
2026/07/07 09:56:29 "GET http://localhost:9280/api/auth/me HTTP/1.1" from [::1]:50536 - 200 65B in 130.018µs
2026/07/07 09:56:29 "GET http://localhost:9280/api/api-resources HTTP/1.1" from [::1]:50536 - 200 1508B in 431.553µs
2026/07/07 09:56:29 "GET http://localhost:9280/api/namespaces HTTP/1.1" from [::1]:50536 - 200 117B in 329.689µs
2026/07/07 09:56:29 "GET http://localhost:9280/api/contexts HTTP/1.1" from [::1]:50568 - 200 121B in 1.051076ms
2026/07/07 09:56:29 "GET http://localhost:9280/api/cluster-info HTTP/1.1" from [::1]:50568 - 200 154B in 296.476µs
2026/07/07 09:56:29 "GET http://localhost:9280/api/version-check HTTP/1.1" from [::1]:50568 - 200 482B in 169.323µs
2026/07/07 09:56:29 "GET http://localhost:9280/api/cluster/namespace-scope HTTP/1.1" from [::1]:50536 - 200 188B in 18.234305ms
2026/07/07 09:56:29 [opencost] EnsureConnected failed (summary): no Prometheus service found in cluster
2026/07/07 09:56:29 "GET http://localhost:9280/api/opencost/summary HTTP/1.1" from [::1]:50542 - 200 70B in 448.94976ms
2026/07/07 09:56:30 "GET http://localhost:9280/api/dashboard/helm HTTP/1.1" from [::1]:50558 - 200 142B in 729.905306ms
2026/07/07 09:56:30 "GET http://localhost:9280/api/issues HTTP/1.1" from [::1]:50556 - 200 1660B in 880.64468ms
2026/07/07 09:56:34 "GET http://localhost:9280/api/events/stream HTTP/1.1" from [::1]:50552 - 200 13295B in 5.44208259s
2026/07/07 09:56:34 SSE client disconnected, total clients: 0
2026/07/07 09:56:37 SSE client connected (namespaces=[], view=full), total clients: 1
2026/07/07 09:56:37 "GET http://localhost:9280/api/capabilities HTTP/1.1" from [::1]:50556 - 200 386B in 324.309µs
2026/07/07 09:56:37 "GET http://localhost:9280/api/auth/me HTTP/1.1" from [::1]:50542 - 200 65B in 96.534µs
2026/07/07 09:56:37 "GET http://localhost:9280/api/connection HTTP/1.1" from [::1]:50568 - 200 144B in 1.255234ms
2026/07/07 09:56:37 "GET http://localhost:9280/api/api-resources HTTP/1.1" from [::1]:50558 - 200 1508B in 504.122µs
2026/07/07 09:56:37 "GET http://localhost:9280/api/namespaces HTTP/1.1" from [::1]:50556 - 200 119B in 205.072µs
2026/07/07 09:56:37 "GET http://localhost:9280/api/portforwards HTTP/1.1" from [::1]:50558 - 200 28B in 77.417µs
2026/07/07 09:56:37 "GET http://localhost:9280/api/cluster-info HTTP/1.1" from [::1]:50558 - 200 154B in 176.346µs
2026/07/07 09:56:37 "GET http://localhost:9280/api/contexts HTTP/1.1" from [::1]:50556 - 200 121B in 1.172677ms
2026/07/07 09:56:37 "GET http://localhost:9280/api/version-check HTTP/1.1" from [::1]:50558 - 200 482B in 528.288µs
2026/07/07 09:56:37 [dashboard] node metrics unavailable (showing requests/capacity only): the server could not find the requested resource
2026/07/07 09:56:37 "GET http://localhost:9280/api/dashboard HTTP/1.1" from [::1]:50556 - 200 1607B in 4.127465ms
2026/07/07 09:56:37 "GET http://localhost:9280/api/audit HTTP/1.1" from [::1]:50542 - 200 8964B in 19.567138ms
2026/07/07 09:56:37 "GET http://localhost:9280/api/cluster/namespace-scope HTTP/1.1" from [::1]:50568 - 200 188B in 32.482004ms
2026/07/07 09:56:37 "GET http://localhost:9280/api/dashboard/crds HTTP/1.1" from [::1]:50556 - 200 126B in 634.31µs
2026/07/07 09:56:37 "GET http://localhost:9280/api/changes?filter=all&include_managed=true&limit=1000&since=2026-07-07T06%3A56%3A37.692Z HTTP/1.1" from [::1]:50568 - 200 1850B in 713.431µs
2026/07/07 09:56:38 [opencost] EnsureConnected failed (summary): no Prometheus service found in cluster
2026/07/07 09:56:38 "GET http://localhost:9280/api/opencost/summary HTTP/1.1" from [::1]:50568 - 200 70B in 401.004439ms
2026/07/07 09:56:38 "GET http://localhost:9280/api/issues HTTP/1.1" from [::1]:50558 - 200 1659B in 887.668261ms
2026/07/07 09:56:38 "GET http://localhost:9280/api/dashboard/helm HTTP/1.1" from [::1]:50542 - 200 142B in 949.413422ms
2026/07/07 09:57:10 Broadcasting topology update to 1 clients
2026/07/07 09:57:20 Broadcasting topology update to 1 clients
2026/07/07 09:57:21 Broadcasting topology update to 1 clients
2026/07/07 09:57:22 Broadcasting topology update to 1 clients
2026/07/07 09:57:23 [dashboard] node metrics unavailable (showing requests/capacity only): the server could not find the requested resource
2026/07/07 09:57:23 "GET http://localhost:9280/api/dashboard HTTP/1.1" from [::1]:50542 - 200 1650B in 2.1887ms
2026/07/07 09:57:24 Broadcasting topology update to 1 clients
2026/07/07 09:57:25 [dashboard] node metrics unavailable (showing requests/capacity only): the server could not find the requested resource
2026/07/07 09:57:25 "GET http://localhost:9280/api/dashboard HTTP/1.1" from [::1]:50542 - 200 1647B in 2.547252ms
2026/07/07 09:57:40 Broadcasting topology update to 1 clients
2026/07/07 09:57:54 Broadcasting topology update to 1 clients
2026/07/07 09:57:54 [dashboard] node metrics unavailable (showing requests/capacity only): the server could not find the requested resource
2026/07/07 09:57:54 "GET http://localhost:9280/api/dashboard HTTP/1.1" from [::1]:50542 - 200 1602B in 2.868103ms
2026/07/07 09:57:56 [dashboard] node metrics unavailable (showing requests/capacity only): the server could not find the requested resource
2026/07/07 09:57:56 "GET http://localhost:9280/api/dashboard HTTP/1.1" from [::1]:50542 - 200 1603B in 2.329502ms
2026/07/07 09:58:02 Broadcasting topology update to 1 clients
2026/07/07 09:58:04 Broadcasting topology update to 1 clients
2026/07/07 09:58:05 [dashboard] node metrics unavailable (showing requests/capacity only): the server could not find the requested resource
2026/07/07 09:58:05 "GET http://localhost:9280/api/dashboard HTTP/1.1" from [::1]:50542 - 200 1681B in 2.317542ms
2026/07/07 09:58:08 Broadcasting topology update to 1 clients
2026/07/07 09:58:13 Broadcasting topology update to 1 clients
2026/07/07 09:58:14 Broadcasting topology update to 1 clients
2026/07/07 09:58:15 Broadcasting topology update to 1 clients
2026/07/07 09:58:15 [dashboard] node metrics unavailable (showing requests/capacity only): the server could not find the requested resource
2026/07/07 09:58:15 "GET http://localhost:9280/api/dashboard HTTP/1.1" from [::1]:50542 - 200 1649B in 2.114965ms
2026/07/07 09:58:16 Broadcasting topology update to 1 clients
2026/07/07 09:58:17 Broadcasting topology update to 1 clients
2026/07/07 09:58:17 [dashboard] node metrics unavailable (showing requests/capacity only): the server could not find the requested resource
2026/07/07 09:58:17 "GET http://localhost:9280/api/dashboard HTTP/1.1" from [::1]:50542 - 200 1638B in 2.296811ms
2026/07/07 09:58:29 "GET http://localhost:9280/assets/radar-icon-loading-DjLUkQyV.svg HTTP/1.1" from [::1]:50542 - 200 1952B in 340.6µs
2026/07/07 09:58:29 "GET http://localhost:9280/api/capabilities HTTP/1.1" from [::1]:50542 - 200 386B in 6.612549ms
2026/07/07 09:58:29 "GET http://localhost:9280/api/audit HTTP/1.1" from [::1]:50556 - 200 8633B in 2.47848ms
2026/07/07 09:58:29 "GET http://localhost:9280/api/secrets/certificate-expiry HTTP/1.1" from [::1]:50556 - 200 28B in 297.758µs
2026/07/07 09:58:29 "GET http://localhost:9280/api/settings HTTP/1.1" from [::1]:50568 - 200 28B in 136.38µs
2026/07/07 09:58:29 "GET http://localhost:9280/api/resource-counts? HTTP/1.1" from [::1]:50542 - 200 477B in 10.322053ms
2026/07/07 09:58:29 "GET http://localhost:9280/api/metrics/top/pods HTTP/1.1" from [::1]:50556 - 200 468B in 224.959µs
2026/07/07 09:58:29 "GET http://localhost:9280/api/resources/pods? HTTP/1.1" from [::1]:50542 - 200 14013B in 5.289063ms
2026/07/07 09:58:30 "GET http://localhost:9280/api/dashboard/crds HTTP/1.1" from [::1]:50558 - 200 126B in 677.824µs
2026/07/07 09:58:30 "GET http://localhost:9280/api/changes?filter=all&include_managed=true&limit=1000&since=2026-07-07T06%3A58%3A30.687Z HTTP/1.1" from [::1]:50542 - 200 10269B in 1.950412ms
2026/07/07 09:58:30 [opencost] EnsureConnected failed (summary): no Prometheus service found in cluster
2026/07/07 09:58:30 "GET http://localhost:9280/api/opencost/summary HTTP/1.1" from [::1]:50556 - 200 70B in 118.95831ms
2026/07/07 09:58:31 "GET http://localhost:9280/api/issues HTTP/1.1" from [::1]:50568 - 200 456B in 320.339197ms
2026/07/07 09:58:31 "GET http://localhost:9280/api/dashboard/helm HTTP/1.1" from [::1]:57264 - 200 139B in 314.981888ms
2026/07/07 09:58:31 "GET http://localhost:9280/api/settings HTTP/1.1" from [::1]:50542 - 200 28B in 251.38µs
2026/07/07 09:58:32 "GET http://localhost:9280/api/resources/jobs? HTTP/1.1" from [::1]:50542 - 200 1794B in 830.865µs
2026/07/07 09:58:38 "GET http://localhost:9280/api/portforwards HTTP/1.1" from [::1]:50542 - 200 28B in 52.721µs
2026/07/07 09:58:43 Broadcasting topology update to 1 clients
2026/07/07 09:58:45 "GET http://localhost:9280/api/resources/pods? HTTP/1.1" from [::1]:50542 - 200 13707B in 1.585785ms
2026/07/07 09:58:45 "GET http://localhost:9280/api/resource-counts? HTTP/1.1" from [::1]:50556 - 200 478B in 5.199819ms
2026/07/07 09:58:47 Broadcasting topology update to 1 clients
2026/07/07 09:58:49 "GET http://localhost:9280/api/resources/pods? HTTP/1.1" from [::1]:50542 - 200 12854B in 1.376736ms
2026/07/07 09:58:49 "GET http://localhost:9280/api/resource-counts? HTTP/1.1" from [::1]:50556 - 200 477B in 5.957604ms
2026/07/07 09:58:57 "GET http://localhost:9280/api/resources/pods? HTTP/1.1" from [::1]:50542 - 200 12424B in 980.751µs
2026/07/07 09:59:06 "GET http://localhost:9280/api/metrics/top/pods HTTP/1.1" from [::1]:50542 - 200 445B in 239.898µs
2026/07/07 09:59:08 "GET http://localhost:9280/api/portforwards HTTP/1.1" from [::1]:50542 - 200 28B in 89.871µs
2026/07/07 09:59:10 [metrics] Pod metrics collection failed (count=40): the server could not find the requested resource
2026/07/07 09:59:10 [metrics] Node metrics collection failed (count=40): the server could not find the requested resource
2026/07/07 09:59:29 "GET http://localhost:9280/api/audit HTTP/1.1" from [::1]:50556 - 200 8633B in 3.770915ms
2026/07/07 09:59:29 "GET http://localhost:9280/api/capabilities HTTP/1.1" from [::1]:50542 - 200 386B in 8.254098ms
2026/07/07 09:59:31 "GET http://localhost:9280/api/secrets/certificate-expiry HTTP/1.1" from [::1]:50542 - 200 28B in 135.849µs
2026/07/07 09:59:36 "GET http://localhost:9280/api/metrics/top/pods HTTP/1.1" from [::1]:50542 - 200 469B in 294.222µs
2026/07/07 09:59:38 "GET http://localhost:9280/api/portforwards HTTP/1.1" from [::1]:50542 - 200 28B in 62.74µs
2026/07/07 09:59:49 API resource discovery took 5.268621ms
2026/07/07 09:59:49 Discovered 66 API resources (63 unique kinds)
2026/07/07 09:59:49 "GET http://localhost:9280/api/resource-counts? HTTP/1.1" from [::1]:50542 - 200 477B in 9.850352ms
2026/07/07 10:00:23 Broadcasting topology update to 1 clients
2026/07/07 10:05:29 Broadcasting topology update to 1 clients
2026/07/07 10:06:52 API resource discovery took 4.653117ms
2026/07/07 10:06:52 Discovered 66 API resources (63 unique kinds)
2026/07/07 10:06:52 "GET http://localhost:9280/api/resource-counts? HTTP/1.1" from [::1]:40014 - 200 477B in 9.125078ms
2026/07/07 10:06:59 "GET http://localhost:9280/api/resources/pods? HTTP/1.1" from [::1]:40014 - 200 12237B in 2.466315ms
2026/07/07 10:07:13 "GET http://localhost:9280/api/metrics/top/pods HTTP/1.1" from [::1]:40014 - 200 474B in 183.37µs
2026/07/07 10:07:15 "GET http://localhost:9280/api/portforwards HTTP/1.1" from [::1]:40014 - 200 28B in 67.769µs
2026/07/07 10:07:34 "GET http://localhost:9280/api/audit HTTP/1.1" from [::1]:40014 - 200 8633B in 2.097952ms
2026/07/07 10:07:34 "GET http://localhost:9280/api/capabilities HTTP/1.1" from [::1]:47740 - 200 386B in 7.248378ms
2026/07/07 10:07:35 "GET http://localhost:9280/api/secrets/certificate-expiry HTTP/1.1" from [::1]:40014 - 200 28B in 95.452µs
2026/07/07 10:07:43 "GET http://localhost:9280/api/metrics/top/pods HTTP/1.1" from [::1]:40014 - 200 452B in 173.931µs
2026/07/07 10:07:45 "GET http://localhost:9280/api/portforwards HTTP/1.1" from [::1]:40014 - 200 28B in 48.272µs
2026/07/07 10:09:10 [metrics] Pod metrics collection failed (count=60): the server could not find the requested resource
2026/07/07 10:09:10 [metrics] Node metrics collection failed (count=60): the server could not find the requested resource
2026/07/07 10:09:35 "GET http://localhost:9280/api/audit HTTP/1.1" from [::1]:40014 - 200 8633B in 2.607494ms
2026/07/07 10:09:35 "GET http://localhost:9280/api/capabilities HTTP/1.1" from [::1]:36808 - 200 386B in 6.297784ms
2026/07/07 10:09:36 "GET http://localhost:9280/api/secrets/certificate-expiry HTTP/1.1" from [::1]:40014 - 200 28B in 104.289µs
2026/07/07 10:09:44 "GET http://localhost:9280/api/metrics/top/pods HTTP/1.1" from [::1]:40014 - 200 448B in 374.354µs
2026/07/07 10:09:46 "GET http://localhost:9280/api/portforwards HTTP/1.1" from [::1]:40014 - 200 28B in 106.474µs
2026/07/07 10:09:59 Broadcasting topology update to 1 clients
2026/07/07 10:10:14 "GET http://localhost:9280/api/metrics/top/pods HTTP/1.1" from [::1]:40014 - 200 484B in 453.185µs
2026/07/07 10:10:16 "GET http://localhost:9280/api/portforwards HTTP/1.1" from [::1]:40014 - 200 28B in 72.939µs
2026/07/07 10:10:35 "GET http://localhost:9280/api/audit HTTP/1.1" from [::1]:40014 - 200 8633B in 1.335708ms
2026/07/07 10:10:35 "GET http://localhost:9280/api/capabilities HTTP/1.1" from [::1]:36808 - 200 386B in 4.205934ms
2026/07/07 10:10:35 Broadcasting topology update to 1 clients
2026/07/07 10:10:36 "GET http://localhost:9280/api/secrets/certificate-expiry HTTP/1.1" from [::1]:40014 - 200 28B in 93.138µs
2026/07/07 10:10:44 "GET http://localhost:9280/api/metrics/top/pods HTTP/1.1" from [::1]:40014 - 200 484B in 198.088µs
2026/07/07 10:10:46 "GET http://localhost:9280/api/portforwards HTTP/1.1" from [::1]:40014 - 200 28B in 205.161µs
2026/07/07 10:10:54 "GET http://localhost:9280/api/resource-counts? HTTP/1.1" from [::1]:40014 - 200 477B in 3.91567ms
2026/07/07 10:10:59 "GET http://localhost:9280/api/resources/pods? HTTP/1.1" from [::1]:40014 - 200 13149B in 1.515401ms
2026/07/07 10:11:14 "GET http://localhost:9280/api/metrics/top/pods HTTP/1.1" from [::1]:40014 - 200 452B in 203.849µs
2026/07/07 10:11:16 "GET http://localhost:9280/api/portforwards HTTP/1.1" from [::1]:40014 - 200 28B in 129.717µs
2026/07/07 10:11:35 "GET http://localhost:9280/api/audit HTTP/1.1" from [::1]:40014 - 200 8633B in 2.156243ms
2026/07/07 10:11:35 "GET http://localhost:9280/api/capabilities HTTP/1.1" from [::1]:36808 - 200 386B in 6.163225ms
2026/07/07 10:11:36 "GET http://localhost:9280/api/secrets/certificate-expiry HTTP/1.1" from [::1]:40014 - 200 28B in 132.943µs
2026/07/07 10:11:44 "GET http://localhost:9280/api/metrics/top/pods HTTP/1.1" from [::1]:40014 - 200 452B in 211.413µs
2026/07/07 10:11:46 "GET http://localhost:9280/api/portforwards HTTP/1.1" from [::1]:40014 - 200 28B in 54.664µs
2026/07/07 10:11:54 API resource discovery took 5.982212ms
2026/07/07 10:11:54 Discovered 66 API resources (63 unique kinds)
2026/07/07 10:11:54 "GET http://localhost:9280/api/resource-counts? HTTP/1.1" from [::1]:40014 - 200 477B in 12.170488ms
2026/07/07 10:12:14 "GET http://localhost:9280/api/metrics/top/pods HTTP/1.1" from [::1]:40014 - 200 466B in 212.686µs
2026/07/07 10:12:16 "GET http://localhost:9280/api/portforwards HTTP/1.1" from [::1]:40014 - 200 28B in 51.969µs
2026/07/07 10:12:35 "GET http://localhost:9280/api/audit HTTP/1.1" from [::1]:40014 - 200 8574B in 2.692717ms
2026/07/07 10:12:35 "GET http://localhost:9280/api/capabilities HTTP/1.1" from [::1]:36808 - 200 386B in 5.410491ms
2026/07/07 10:12:36 "GET http://localhost:9280/api/secrets/certificate-expiry HTTP/1.1" from [::1]:40014 - 200 28B in 113.046µs
2026/07/07 10:12:44 "GET http://localhost:9280/api/metrics/top/pods HTTP/1.1" from [::1]:40014 - 200 452B in 425.993µs
2026/07/07 10:12:47 "GET http://localhost:9280/api/portforwards HTTP/1.1" from [::1]:40014 - 200 28B in 52.38µs
2026/07/07 10:12:54 "GET http://localhost:9280/api/resource-counts? HTTP/1.1" from [::1]:40014 - 200 477B in 5.028353ms
2026/07/07 10:12:59 "GET http://localhost:9280/api/resources/pods? HTTP/1.1" from [::1]:40014 - 200 13080B in 1.707276ms
2026/07/07 10:13:14 "GET http://localhost:9280/api/metrics/top/pods HTTP/1.1" from [::1]:40014 - 200 466B in 201.825µs
2026/07/07 10:13:17 "GET http://localhost:9280/api/portforwards HTTP/1.1" from [::1]:40014 - 200 28B in 47.531µs
2026/07/07 10:13:35 "GET http://localhost:9280/api/audit HTTP/1.1" from [::1]:40014 - 200 8633B in 1.536411ms
2026/07/07 10:13:35 "GET http://localhost:9280/api/capabilities HTTP/1.1" from [::1]:40014 - 200 386B in 8.959304ms
2026/07/07 10:13:36 "GET http://localhost:9280/api/secrets/certificate-expiry HTTP/1.1" from [::1]:40014 - 200 28B in 153.283µs
2026/07/07 10:13:45 "GET http://localhost:9280/api/metrics/top/pods HTTP/1.1" from [::1]:40014 - 200 459B in 193.94µs
2026/07/07 10:13:47 "GET http://localhost:9280/api/portforwards HTTP/1.1" from [::1]:40014 - 200 28B in 57.88µs
2026/07/07 10:13:54 "GET http://localhost:9280/api/resource-counts? HTTP/1.1" from [::1]:40014 - 200 477B in 5.777272ms
2026/07/07 10:14:15 "GET http://localhost:9280/api/metrics/top/pods HTTP/1.1" from [::1]:40014 - 200 475B in 324.409µs
2026/07/07 10:14:17 "GET http://localhost:9280/api/portforwards HTTP/1.1" from [::1]:40014 - 200 28B in 69.132µs
2026/07/07 10:14:35 "GET http://localhost:9280/api/audit HTTP/1.1" from [::1]:40014 - 200 8633B in 1.471406ms
2026/07/07 10:14:35 "GET http://localhost:9280/api/capabilities HTTP/1.1" from [::1]:40014 - 200 386B in 6.052565ms
2026/07/07 10:14:36 "GET http://localhost:9280/api/secrets/certificate-expiry HTTP/1.1" from [::1]:40014 - 200 28B in 113.977µs
2026/07/07 10:14:45 "GET http://localhost:9280/api/metrics/top/pods HTTP/1.1" from [::1]:40014 - 200 466B in 867.575µs
2026/07/07 10:14:47 "GET http://localhost:9280/api/portforwards HTTP/1.1" from [::1]:40014 - 200 28B in 64.663µs
2026/07/07 10:14:54 "GET http://localhost:9280/api/resource-counts? HTTP/1.1" from [::1]:40014 - 200 477B in 4.129879ms
2026/07/07 10:14:59 "GET http://localhost:9280/api/resources/pods? HTTP/1.1" from [::1]:40014 - 200 12485B in 1.295311ms
2026/07/07 10:15:15 "GET http://localhost:9280/api/metrics/top/pods HTTP/1.1" from [::1]:40014 - 200 445B in 264.475µs
2026/07/07 10:15:17 "GET http://localhost:9280/api/portforwards HTTP/1.1" from [::1]:40014 - 200 28B in 92.336µs
2026/07/07 10:15:35 "GET http://localhost:9280/api/audit HTTP/1.1" from [::1]:40014 - 200 8574B in 1.506433ms
2026/07/07 10:15:35 "GET http://localhost:9280/api/capabilities HTTP/1.1" from [::1]:40014 - 200 386B in 4.604304ms
2026/07/07 10:15:36 "GET http://localhost:9280/api/secrets/certificate-expiry HTTP/1.1" from [::1]:40014 - 200 28B in 127.062µs
2026/07/07 10:15:41 Broadcasting topology update to 1 clients
2026/07/07 10:15:45 "GET http://localhost:9280/api/metrics/top/pods HTTP/1.1" from [::1]:40014 - 200 469B in 157.22µs
2026/07/07 10:15:47 "GET http://localhost:9280/api/portforwards HTTP/1.1" from [::1]:40014 - 200 28B in 204.671µs
2026/07/07 10:15:54 "GET http://localhost:9280/api/resource-counts? HTTP/1.1" from [::1]:40014 - 200 477B in 4.889748ms
2026/07/07 10:16:15 "GET http://localhost:9280/api/metrics/top/pods HTTP/1.1" from [::1]:40014 - 200 452B in 228.817µs
2026/07/07 10:16:17 "GET http://localhost:9280/api/portforwards HTTP/1.1" from [::1]:40014 - 200 28B in 75.985µs
2026/07/07 10:16:35 "GET http://localhost:9280/api/audit HTTP/1.1" from [::1]:40014 - 200 8633B in 1.501515ms
2026/07/07 10:16:35 "GET http://localhost:9280/api/capabilities HTTP/1.1" from [::1]:40014 - 200 386B in 4.972376ms
2026/07/07 10:16:36 "GET http://localhost:9280/api/secrets/certificate-expiry HTTP/1.1" from [::1]:40014 - 200 28B in 142.742µs
2026/07/07 10:16:45 "GET http://localhost:9280/api/metrics/top/pods HTTP/1.1" from [::1]:40014 - 200 452B in 161.217µs
2026/07/07 10:16:47 "GET http://localhost:9280/api/portforwards HTTP/1.1" from [::1]:40014 - 200 28B in 69.101µs
2026/07/07 10:16:54 API resource discovery took 4.912922ms
2026/07/07 10:16:54 Discovered 66 API resources (63 unique kinds)
2026/07/07 10:16:54 "GET http://localhost:9280/api/resource-counts? HTTP/1.1" from [::1]:40014 - 200 477B in 9.789866ms
2026/07/07 10:16:59 "GET http://localhost:9280/api/resources/pods? HTTP/1.1" from [::1]:40014 - 200 12354B in 1.915413ms
2026/07/07 10:17:15 "GET http://localhost:9280/api/metrics/top/pods HTTP/1.1" from [::1]:40014 - 200 474B in 199.63µs
2026/07/07 10:17:17 "GET http://localhost:9280/api/portforwards HTTP/1.1" from [::1]:40014 - 200 28B in 86.535µs
2026/07/07 10:17:34 Broadcasting topology update to 1 clients
2026/07/07 10:17:35 "GET http://localhost:9280/api/audit HTTP/1.1" from [::1]:40014 - 200 8633B in 2.9152ms
2026/07/07 10:17:35 "GET http://localhost:9280/api/capabilities HTTP/1.1" from [::1]:40014 - 200 386B in 5.847045ms
2026/07/07 10:17:36 "GET http://localhost:9280/api/resource-counts? HTTP/1.1" from [::1]:40014 - 200 473B in 5.511833ms
2026/07/07 10:17:36 "GET http://localhost:9280/api/secrets/certificate-expiry HTTP/1.1" from [::1]:40014 - 200 28B in 442.784µs
2026/07/07 10:17:45 "GET http://localhost:9280/api/metrics/top/pods HTTP/1.1" from [::1]:40014 - 200 452B in 341.492µs
2026/07/07 10:17:47 "GET http://localhost:9280/api/portforwards HTTP/1.1" from [::1]:40014 - 200 28B in 56.377µs
2026/07/07 10:17:55 Broadcasting topology update to 1 clients
2026/07/07 10:17:56 Broadcasting topology update to 1 clients
2026/07/07 10:17:57 "GET http://localhost:9280/api/resources/pods? HTTP/1.1" from [::1]:40014 - 200 15085B in 1.529407ms
2026/07/07 10:17:57 "GET http://localhost:9280/api/secrets/certificate-expiry HTTP/1.1" from [::1]:46378 - 200 28B in 386.237µs
2026/07/07 10:17:57 "GET http://localhost:9280/api/resource-counts? HTTP/1.1" from [::1]:40014 - 200 476B in 7.456174ms
2026/07/07 10:17:58 Broadcasting topology update to 1 clients
2026/07/07 10:17:59 Broadcasting topology update to 1 clients
2026/07/07 10:18:04 Broadcasting topology update to 1 clients
2026/07/07 10:18:06 "GET http://localhost:9280/api/resources/pods? HTTP/1.1" from [::1]:40014 - 200 13864B in 2.08639ms
2026/07/07 10:18:06 "GET http://localhost:9280/api/resource-counts? HTTP/1.1" from [::1]:46378 - 200 477B in 7.047765ms
2026/07/07 10:18:10 Broadcasting topology update to 1 clients
2026/07/07 10:18:10 "GET http://localhost:9280/api/resources/pods? HTTP/1.1" from [::1]:40014 - 200 14006B in 1.432843ms
2026/07/07 10:18:11 Broadcasting topology update to 1 clients
2026/07/07 10:18:12 Broadcasting topology update to 1 clients
2026/07/07 10:18:13 "GET http://localhost:9280/api/resources/pods? HTTP/1.1" from [::1]:40014 - 200 11529B in 2.042898ms
2026/07/07 10:18:13 "GET http://localhost:9280/api/resource-counts? HTTP/1.1" from [::1]:46378 - 200 478B in 6.849517ms
2026/07/07 10:18:13 Broadcasting topology update to 1 clients
2026/07/07 10:18:15 "GET http://localhost:9280/api/metrics/top/pods HTTP/1.1" from [::1]:40014 - 200 440B in 362.261µs
2026/07/07 10:18:17 "GET http://localhost:9280/api/portforwards HTTP/1.1" from [::1]:40014 - 200 28B in 68.731µs
2026/07/07 10:18:26 "GET http://localhost:9280/api/resources/pods? HTTP/1.1" from [::1]:40014 - 200 11529B in 1.417795ms
2026/07/07 10:18:29 Broadcasting topology update to 1 clients
2026/07/07 10:18:31 "GET http://localhost:9280/api/resources/pods? HTTP/1.1" from [::1]:40014 - 200 11245B in 1.759146ms
2026/07/07 10:18:31 "GET http://localhost:9280/api/resource-counts? HTTP/1.1" from [::1]:46378 - 200 479B in 4.891621ms
2026/07/07 10:18:35 "GET http://localhost:9280/api/audit HTTP/1.1" from [::1]:40014 - 200 8964B in 2.27512ms
2026/07/07 10:18:35 "GET http://localhost:9280/api/capabilities HTTP/1.1" from [::1]:40014 - 200 386B in 3.581781ms
2026/07/07 10:18:45 "GET http://localhost:9280/api/metrics/top/pods HTTP/1.1" from [::1]:40014 - 200 403B in 210.862µs
2026/07/07 10:18:47 "GET http://localhost:9280/api/portforwards HTTP/1.1" from [::1]:40014 - 200 28B in 307.647µs
2026/07/07 10:18:57 "GET http://localhost:9280/api/secrets/certificate-expiry HTTP/1.1" from [::1]:40014 - 200 28B in 103.627µs
2026/07/07 10:19:10 [metrics] Pod metrics collection failed (count=80): the server could not find the requested resource
2026/07/07 10:19:10 [metrics] Node metrics collection failed (count=80): the server could not find the requested resource
2026/07/07 10:19:15 "GET http://localhost:9280/api/metrics/top/pods HTTP/1.1" from [::1]:40014 - 200 432B in 690.968µs
2026/07/07 10:19:17 "GET http://localhost:9280/api/portforwards HTTP/1.1" from [::1]:40014 - 200 28B in 62.61µs
2026/07/07 10:19:31 "GET http://localhost:9280/api/resource-counts? HTTP/1.1" from [::1]:40014 - 200 479B in 4.340991ms
2026/07/07 10:19:35 "GET http://localhost:9280/api/audit HTTP/1.1" from [::1]:40014 - 200 8964B in 1.815523ms
2026/07/07 10:19:35 "GET http://localhost:9280/api/capabilities HTTP/1.1" from [::1]:40014 - 200 386B in 6.482907ms
2026/07/07 10:19:45 "GET http://localhost:9280/api/metrics/top/pods HTTP/1.1" from [::1]:40014 - 200 405B in 214.77µs
2026/07/07 10:19:47 "GET http://localhost:9280/api/portforwards HTTP/1.1" from [::1]:40014 - 200 28B in 53.683µs
2026/07/07 10:19:54 Broadcasting topology update to 1 clients
2026/07/07 10:19:56 "GET http://localhost:9280/api/resource-counts? HTTP/1.1" from [::1]:40014 - 200 473B in 3.999822ms
2026/07/07 10:19:57 "GET http://localhost:9280/api/secrets/certificate-expiry HTTP/1.1" from [::1]:40014 - 200 28B in 115.01µs
2026/07/07 10:20:03 Broadcasting topology update to 1 clients
2026/07/07 10:20:04 Broadcasting topology update to 1 clients
2026/07/07 10:20:05 "GET http://localhost:9280/api/resources/pods? HTTP/1.1" from [::1]:40014 - 200 13284B in 1.499641ms
2026/07/07 10:20:05 "GET http://localhost:9280/api/secrets/certificate-expiry HTTP/1.1" from [::1]:48178 - 200 28B in 636.354µs
2026/07/07 10:20:05 "GET http://localhost:9280/api/resource-counts? HTTP/1.1" from [::1]:46378 - 200 476B in 7.17137ms
2026/07/07 10:20:05 Broadcasting topology update to 1 clients
2026/07/07 10:20:06 Broadcasting topology update to 1 clients
2026/07/07 10:20:15 "GET http://localhost:9280/api/metrics/top/pods HTTP/1.1" from [::1]:40014 - 200 468B in 158.943µs
2026/07/07 10:20:17 "GET http://localhost:9280/api/portforwards HTTP/1.1" from [::1]:40014 - 200 28B in 54.804µs
2026/07/07 10:20:17 "GET http://localhost:9280/api/resources/pods? HTTP/1.1" from [::1]:40014 - 200 13690B in 1.165203ms
2026/07/07 10:20:20 Broadcasting topology update to 1 clients
2026/07/07 10:20:21 Broadcasting topology update to 1 clients
2026/07/07 10:20:22 Broadcasting topology update to 1 clients
2026/07/07 10:20:23 Broadcasting topology update to 1 clients
2026/07/07 10:20:25 "GET http://localhost:9280/api/resources/pods? HTTP/1.1" from [::1]:40014 - 200 11947B in 1.608078ms
2026/07/07 10:20:25 "GET http://localhost:9280/api/resource-counts? HTTP/1.1" from [::1]:46378 - 200 476B in 5.584033ms
2026/07/07 10:20:29 Broadcasting topology update to 1 clients
2026/07/07 10:20:31 "GET http://localhost:9280/api/resource-counts? HTTP/1.1" from [::1]:40014 - 200 477B in 4.599557ms
2026/07/07 10:20:34 "GET http://localhost:9280/api/resources/pods? HTTP/1.1" from [::1]:40014 - 200 11947B in 1.058629ms
2026/07/07 10:20:35 "GET http://localhost:9280/api/audit HTTP/1.1" from [::1]:40014 - 200 8924B in 3.954654ms
2026/07/07 10:20:35 "GET http://localhost:9280/api/capabilities HTTP/1.1" from [::1]:40014 - 200 386B in 6.853354ms
2026/07/07 10:20:37 Broadcasting topology update to 1 clients
2026/07/07 10:20:39 "GET http://localhost:9280/api/resources/pods? HTTP/1.1" from [::1]:40014 - 200 11245B in 1.864336ms
2026/07/07 10:20:39 "GET http://localhost:9280/api/resource-counts? HTTP/1.1" from [::1]:46378 - 200 473B in 8.285286ms
2026/07/07 10:20:45 "GET http://localhost:9280/api/metrics/top/pods HTTP/1.1" from [::1]:40014 - 200 394B in 172.349µs
2026/07/07 10:20:47 "GET http://localhost:9280/api/portforwards HTTP/1.1" from [::1]:40014 - 200 28B in 84.421µs
2026/07/07 10:20:47 Broadcasting topology update to 1 clients
2026/07/07 10:21:05 "GET http://localhost:9280/api/secrets/certificate-expiry HTTP/1.1" from [::1]:40014 - 200 28B in 640.692µs
2026/07/07 10:21:15 "GET http://localhost:9280/api/metrics/top/pods HTTP/1.1" from [::1]:40014 - 200 405B in 174.172µs
2026/07/07 10:21:17 "GET http://localhost:9280/api/portforwards HTTP/1.1" from [::1]:40014 - 200 28B in 50.096µs
2026/07/07 10:21:35 "GET http://localhost:9280/api/audit HTTP/1.1" from [::1]:40014 - 200 8964B in 1.112933ms
2026/07/07 10:21:35 "GET http://localhost:9280/api/capabilities HTTP/1.1" from [::1]:40014 - 200 386B in 3.631949ms
2026/07/07 10:21:39 "GET http://localhost:9280/api/resource-counts? HTTP/1.1" from [::1]:40014 - 200 473B in 5.626504ms
2026/07/07 10:21:45 "GET http://localhost:9280/api/metrics/top/pods HTTP/1.1" from [::1]:40014 - 200 394B in 333.566µs
2026/07/07 10:21:47 "GET http://localhost:9280/api/portforwards HTTP/1.1" from [::1]:40014 - 200 28B in 93.128µs
2026/07/07 10:21:49 Broadcasting topology update to 1 clients
2026/07/07 10:21:50 Broadcasting topology update to 1 clients
2026/07/07 10:21:51 "GET http://localhost:9280/api/secrets/certificate-expiry HTTP/1.1" from [::1]:48178 - 200 28B in 80.834µs
2026/07/07 10:21:51 "GET http://localhost:9280/api/resources/pods? HTTP/1.1" from [::1]:40014 - 200 12765B in 1.664135ms
2026/07/07 10:21:51 "GET http://localhost:9280/api/resource-counts? HTTP/1.1" from [::1]:46378 - 200 476B in 7.026247ms
2026/07/07 10:21:51 Broadcasting topology update to 1 clients
2026/07/07 10:21:52 Broadcasting topology update to 1 clients
2026/07/07 10:21:53 Broadcasting topology update to 1 clients
2026/07/07 10:22:03 "GET http://localhost:9280/api/resources/pods? HTTP/1.1" from [::1]:40014 - 200 13661B in 1.135967ms
2026/07/07 10:22:15 "GET http://localhost:9280/api/metrics/top/pods HTTP/1.1" from [::1]:40014 - 200 484B in 494.614µs
2026/07/07 10:22:17 "GET http://localhost:9280/api/portforwards HTTP/1.1" from [::1]:40014 - 200 28B in 66.056µs
2026/07/07 10:22:23 Broadcasting topology update to 1 clients
2026/07/07 10:22:25 "GET http://localhost:9280/api/resources/pods? HTTP/1.1" from [::1]:40014 - 200 13169B in 1.040776ms
2026/07/07 10:22:25 API resource discovery took 7.004011ms
2026/07/07 10:22:25 Discovered 66 API resources (63 unique kinds)
2026/07/07 10:22:25 "GET http://localhost:9280/api/resource-counts? HTTP/1.1" from [::1]:46378 - 200 478B in 15.252577ms
2026/07/07 10:22:35 "GET http://localhost:9280/api/audit HTTP/1.1" from [::1]:40014 - 200 8633B in 2.120104ms
2026/07/07 10:22:35 "GET http://localhost:9280/api/capabilities HTTP/1.1" from [::1]:40014 - 200 386B in 5.891298ms
2026/07/07 10:22:45 "GET http://localhost:9280/api/metrics/top/pods HTTP/1.1" from [::1]:40014 - 200 484B in 212.906µs
2026/07/07 10:22:47 "GET http://localhost:9280/api/portforwards HTTP/1.1" from [::1]:40014 - 200 28B in 62.57µs
2026/07/07 10:22:51 "GET http://localhost:9280/api/secrets/certificate-expiry HTTP/1.1" from [::1]:40014 - 200 28B in 107.576µs
2026/07/07 10:23:15 "GET http://localhost:9280/api/metrics/top/pods HTTP/1.1" from [::1]:40014 - 200 445B in 315.151µs
2026/07/07 10:23:17 "GET http://localhost:9280/api/portforwards HTTP/1.1" from [::1]:40014 - 200 28B in 84.792µs
2026/07/07 10:23:25 "GET http://localhost:9280/api/resource-counts? HTTP/1.1" from [::1]:40014 - 200 478B in 5.106045ms
2026/07/07 10:23:35 "GET http://localhost:9280/api/audit HTTP/1.1" from [::1]:40014 - 200 8633B in 1.995436ms
2026/07/07 10:23:35 "GET http://localhost:9280/api/capabilities HTTP/1.1" from [::1]:46378 - 200 386B in 5.172603ms
2026/07/07 10:23:45 "GET http://localhost:9280/api/metrics/top/pods HTTP/1.1" from [::1]:40014 - 200 456B in 201.093µs
2026/07/07 10:23:47 "GET http://localhost:9280/api/portforwards HTTP/1.1" from [::1]:40014 - 200 28B in 57.85µs
2026/07/07 10:23:51 "GET http://localhost:9280/api/secrets/certificate-expiry HTTP/1.1" from [::1]:40014 - 200 28B in 131.511µs
2026/07/07 10:24:15 "GET http://localhost:9280/api/metrics/top/pods HTTP/1.1" from [::1]:40014 - 200 473B in 216.763µs
2026/07/07 10:24:17 "GET http://localhost:9280/api/portforwards HTTP/1.1" from [::1]:40014 - 200 28B in 50.346µs
2026/07/07 10:24:25 "GET http://localhost:9280/api/resources/pods? HTTP/1.1" from [::1]:40014 - 200 12346B in 1.219546ms
2026/07/07 10:24:25 "GET http://localhost:9280/api/resource-counts? HTTP/1.1" from [::1]:40014 - 200 478B in 4.705666ms
2026/07/07 10:24:35 "GET http://localhost:9280/api/audit HTTP/1.1" from [::1]:40014 - 200 8633B in 5.023924ms
2026/07/07 10:24:35 "GET http://localhost:9280/api/capabilities HTTP/1.1" from [::1]:46378 - 200 386B in 6.458602ms
2026/07/07 10:24:45 "GET http://localhost:9280/api/metrics/top/pods HTTP/1.1" from [::1]:40014 - 200 445B in 572.953µs
2026/07/07 10:24:47 "GET http://localhost:9280/api/portforwards HTTP/1.1" from [::1]:40014 - 200 28B in 106.854µs
2026/07/07 10:24:51 "GET http://localhost:9280/api/secrets/certificate-expiry HTTP/1.1" from [::1]:40014 - 200 28B in 154.625µs
2026/07/07 10:24:57 Broadcasting topology update to 1 clients
2026/07/07 10:25:16 "GET http://localhost:9280/api/metrics/top/pods HTTP/1.1" from [::1]:40014 - 200 456B in 850.893µs
2026/07/07 10:25:17 "GET http://localhost:9280/api/portforwards HTTP/1.1" from [::1]:40014 - 200 28B in 212.104µs
2026/07/07 10:25:25 "GET http://localhost:9280/api/resource-counts? HTTP/1.1" from [::1]:40014 - 200 479B in 7.897745ms
2026/07/07 10:25:35 "GET http://localhost:9280/api/audit HTTP/1.1" from [::1]:40014 - 200 8633B in 4.326472ms
2026/07/07 10:25:35 "GET http://localhost:9280/api/capabilities HTTP/1.1" from [::1]:46378 - 200 386B in 6.50374ms
2026/07/07 10:25:38 Broadcasting topology update to 1 clients
2026/07/07 10:25:40 "GET http://localhost:9280/api/resource-counts? HTTP/1.1" from [::1]:40014 - 200 474B in 3.891473ms
2026/07/07 10:25:45 Broadcasting topology update to 1 clients
2026/07/07 10:25:46 "GET http://localhost:9280/api/metrics/top/pods HTTP/1.1" from [::1]:40014 - 200 526B in 276.368µs
2026/07/07 10:25:46 Broadcasting topology update to 1 clients
2026/07/07 10:25:47 "GET http://localhost:9280/api/portforwards HTTP/1.1" from [::1]:40014 - 200 28B in 73.851µs
2026/07/07 10:25:47 "GET http://localhost:9280/api/resources/pods? HTTP/1.1" from [::1]:40014 - 200 14359B in 2.497044ms
2026/07/07 10:25:47 "GET http://localhost:9280/api/secrets/certificate-expiry HTTP/1.1" from [::1]:49664 - 200 28B in 415.974µs
2026/07/07 10:25:47 "GET http://localhost:9280/api/resource-counts? HTTP/1.1" from [::1]:46378 - 200 469B in 7.816953ms
2026/07/07 10:25:48 Broadcasting topology update to 1 clients
2026/07/07 10:25:49 Broadcasting topology update to 1 clients
2026/07/07 10:25:53 Broadcasting topology update to 1 clients
2026/07/07 10:25:59 "GET http://localhost:9280/api/resources/pods? HTTP/1.1" from [::1]:40014 - 200 14401B in 2.155081ms
2026/07/07 10:26:08 Broadcasting topology update to 1 clients
2026/07/07 10:26:10 "GET http://localhost:9280/api/resources/pods? HTTP/1.1" from [::1]:40014 - 200 13626B in 1.419528ms
2026/07/07 10:26:10 "GET http://localhost:9280/api/resource-counts? HTTP/1.1" from [::1]:46378 - 200 470B in 7.522272ms
2026/07/07 10:26:16 "GET http://localhost:9280/api/metrics/top/pods HTTP/1.1" from [::1]:40014 - 200 488B in 212.696µs
2026/07/07 10:26:17 "GET http://localhost:9280/api/portforwards HTTP/1.1" from [::1]:40014 - 200 28B in 86.706µs
2026/07/07 10:26:19 Broadcasting topology update to 1 clients
2026/07/07 10:26:21 "GET http://localhost:9280/api/resources/pods? HTTP/1.1" from [::1]:40014 - 200 12847B in 1.861922ms
2026/07/07 10:26:21 "GET http://localhost:9280/api/resource-counts? HTTP/1.1" from [::1]:46378 - 200 470B in 6.423405ms
2026/07/07 10:26:22 "GET http://localhost:9280/api/resources/pods? HTTP/1.1" from [::1]:40014 - 200 13076B in 1.522334ms
2026/07/07 10:26:35 "GET http://localhost:9280/api/audit HTTP/1.1" from [::1]:40014 - 200 8633B in 8.458435ms
2026/07/07 10:26:35 "GET http://localhost:9280/api/capabilities HTTP/1.1" from [::1]:46378 - 200 386B in 8.569448ms
2026/07/07 10:26:46 "GET http://localhost:9280/api/metrics/top/pods HTTP/1.1" from [::1]:40014 - 200 445B in 243.304µs
2026/07/07 10:26:47 "GET http://localhost:9280/api/portforwards HTTP/1.1" from [::1]:40014 - 200 28B in 394.683µs
2026/07/07 10:26:47 "GET http://localhost:9280/api/secrets/certificate-expiry HTTP/1.1" from [::1]:40014 - 200 28B in 148.263µs
2026/07/07 10:27:16 "GET http://localhost:9280/api/metrics/top/pods HTTP/1.1" from [::1]:40014 - 200 475B in 262.18µs
2026/07/07 10:27:17 "GET http://localhost:9280/api/portforwards HTTP/1.1" from [::1]:40014 - 200 28B in 74.753µs
2026/07/07 10:27:21 "GET http://localhost:9280/api/resource-counts? HTTP/1.1" from [::1]:40014 - 200 470B in 6.118923ms
2026/07/07 10:27:35 "GET http://localhost:9280/api/audit HTTP/1.1" from [::1]:40014 - 200 8574B in 2.21712ms
2026/07/07 10:27:35 "GET http://localhost:9280/api/capabilities HTTP/1.1" from [::1]:46378 - 200 386B in 5.168431ms
2026/07/07 10:27:46 "GET http://localhost:9280/api/metrics/top/pods HTTP/1.1" from [::1]:40014 - 200 484B in 161.888µs
2026/07/07 10:27:47 "GET http://localhost:9280/api/portforwards HTTP/1.1" from [::1]:40014 - 200 28B in 69.834µs
2026/07/07 10:27:47 "GET http://localhost:9280/api/secrets/certificate-expiry HTTP/1.1" from [::1]:40014 - 200 28B in 143.624µs
2026/07/07 10:28:16 "GET http://localhost:9280/api/metrics/top/pods HTTP/1.1" from [::1]:40014 - 200 451B in 408.46µs
2026/07/07 10:28:17 "GET http://localhost:9280/api/portforwards HTTP/1.1" from [::1]:40014 - 200 28B in 81.135µs
2026/07/07 10:28:21 API resource discovery took 5.655739ms
2026/07/07 10:28:21 Discovered 66 API resources (63 unique kinds)
2026/07/07 10:28:21 "GET http://localhost:9280/api/resource-counts? HTTP/1.1" from [::1]:40014 - 200 470B in 10.089797ms
2026/07/07 10:28:22 "GET http://localhost:9280/api/resources/pods? HTTP/1.1" from [::1]:40014 - 200 12980B in 2.363058ms
2026/07/07 10:28:35 "GET http://localhost:9280/api/audit HTTP/1.1" from [::1]:40014 - 200 8633B in 2.175801ms
2026/07/07 10:28:36 "GET http://localhost:9280/api/capabilities HTTP/1.1" from [::1]:40014 - 200 386B in 4.357582ms
2026/07/07 10:28:46 "GET http://localhost:9280/api/metrics/top/pods HTTP/1.1" from [::1]:40014 - 200 448B in 540.682µs
2026/07/07 10:28:47 "GET http://localhost:9280/api/portforwards HTTP/1.1" from [::1]:40014 - 200 28B in 54.123µs
2026/07/07 10:28:47 "GET http://localhost:9280/api/secrets/certificate-expiry HTTP/1.1" from [::1]:40014 - 200 28B in 130.369µs
2026/07/07 10:29:10 [metrics] Pod metrics collection failed (count=100): the server could not find the requested resource
2026/07/07 10:29:10 [metrics] Node metrics collection failed (count=100): the server could not find the requested resource
2026/07/07 10:29:16 "GET http://localhost:9280/api/metrics/top/pods HTTP/1.1" from [::1]:40014 - 200 451B in 169.082µs
2026/07/07 10:29:17 "GET http://localhost:9280/api/portforwards HTTP/1.1" from [::1]:40014 - 200 28B in 66.607µs
2026/07/07 10:29:21 "GET http://localhost:9280/api/resource-counts? HTTP/1.1" from [::1]:40014 - 200 470B in 5.222652ms
2026/07/07 10:29:36 "GET http://localhost:9280/api/audit HTTP/1.1" from [::1]:40014 - 200 8633B in 1.34204ms
2026/07/07 10:29:36 "GET http://localhost:9280/api/capabilities HTTP/1.1" from [::1]:40014 - 200 386B in 4.168603ms
2026/07/07 10:29:46 "GET http://localhost:9280/api/metrics/top/pods HTTP/1.1" from [::1]:40014 - 200 484B in 227.504µs
2026/07/07 10:29:47 "GET http://localhost:9280/api/portforwards HTTP/1.1" from [::1]:40014 - 200 28B in 68.48µs
2026/07/07 10:29:47 "GET http://localhost:9280/api/secrets/certificate-expiry HTTP/1.1" from [::1]:40014 - 200 28B in 99.459µs
2026/07/07 10:30:16 "GET http://localhost:9280/api/metrics/top/pods HTTP/1.1" from [::1]:40014 - 200 451B in 190.774µs
2026/07/07 10:30:17 "GET http://localhost:9280/api/portforwards HTTP/1.1" from [::1]:40014 - 200 28B in 74.382µs
2026/07/07 10:30:21 "GET http://localhost:9280/api/resource-counts? HTTP/1.1" from [::1]:40014 - 200 470B in 3.748722ms
2026/07/07 10:30:22 "GET http://localhost:9280/api/resources/pods? HTTP/1.1" from [::1]:40014 - 200 12161B in 1.084509ms
2026/07/07 10:30:36 "GET http://localhost:9280/api/audit HTTP/1.1" from [::1]:40014 - 200 8633B in 2.654844ms
2026/07/07 10:30:36 "GET http://localhost:9280/api/capabilities HTTP/1.1" from [::1]:40014 - 200 386B in 4.646564ms
2026/07/07 10:30:46 "GET http://localhost:9280/api/metrics/top/pods HTTP/1.1" from [::1]:40014 - 200 448B in 494.433µs
2026/07/07 10:30:47 "GET http://localhost:9280/api/portforwards HTTP/1.1" from [::1]:40014 - 200 28B in 71.026µs
2026/07/07 10:30:47 "GET http://localhost:9280/api/secrets/certificate-expiry HTTP/1.1" from [::1]:40014 - 200 28B in 104.249µs
2026/07/07 10:30:59 Broadcasting topology update to 1 clients
2026/07/07 10:31:16 "GET http://localhost:9280/api/metrics/top/pods HTTP/1.1" from [::1]:40014 - 200 445B in 173.931µs
2026/07/07 10:31:17 "GET http://localhost:9280/api/portforwards HTTP/1.1" from [::1]:40014 - 200 28B in 249.245µs
2026/07/07 10:31:21 "GET http://localhost:9280/api/resource-counts? HTTP/1.1" from [::1]:40014 - 200 470B in 6.89798ms
2026/07/07 10:31:36 "GET http://localhost:9280/api/audit HTTP/1.1" from [::1]:40014 - 200 8633B in 1.984666ms
2026/07/07 10:31:36 "GET http://localhost:9280/api/capabilities HTTP/1.1" from [::1]:36120 - 200 386B in 5.921638ms
2026/07/07 10:31:46 "GET http://localhost:9280/api/metrics/top/pods HTTP/1.1" from [::1]:40014 - 200 475B in 157.891µs
2026/07/07 10:31:47 "GET http://localhost:9280/api/portforwards HTTP/1.1" from [::1]:40014 - 200 28B in 79.923µs
2026/07/07 10:31:47 "GET http://localhost:9280/api/secrets/certificate-expiry HTTP/1.1" from [::1]:40014 - 200 28B in 101.484µs
2026/07/07 10:32:16 "GET http://localhost:9280/api/metrics/top/pods HTTP/1.1" from [::1]:40014 - 200 451B in 369.485µs
2026/07/07 10:32:17 "GET http://localhost:9280/api/portforwards HTTP/1.1" from [::1]:40014 - 200 28B in 60.105µs
2026/07/07 10:32:21 "GET http://localhost:9280/api/resource-counts? HTTP/1.1" from [::1]:40014 - 200 470B in 5.675708ms
2026/07/07 10:32:22 "GET http://localhost:9280/api/resources/pods? HTTP/1.1" from [::1]:40014 - 200 12285B in 1.077175ms
2026/07/07 10:32:36 "GET http://localhost:9280/api/audit HTTP/1.1" from [::1]:40014 - 200 8633B in 3.425395ms
2026/07/07 10:32:36 "GET http://localhost:9280/api/capabilities HTTP/1.1" from [::1]:40014 - 200 386B in 6.190217ms
2026/07/07 10:32:46 "GET http://localhost:9280/api/metrics/top/pods HTTP/1.1" from [::1]:40014 - 200 473B in 490.575µs
2026/07/07 10:32:47 "GET http://localhost:9280/api/portforwards HTTP/1.1" from [::1]:40014 - 200 28B in 70.574µs
2026/07/07 10:32:47 "GET http://localhost:9280/api/secrets/certificate-expiry HTTP/1.1" from [::1]:40014 - 200 28B in 117.404µs
2026/07/07 10:35:51 Broadcasting topology update to 1 clients
2026/07/07 10:35:53 API resource discovery took 5.294326ms
2026/07/07 10:35:53 Discovered 66 API resources (63 unique kinds)
2026/07/07 10:35:53 "GET http://localhost:9280/api/resource-counts? HTTP/1.1" from [::1]:48312 - 200 465B in 11.164918ms
2026/07/07 10:36:05 Broadcasting topology update to 1 clients
2026/07/07 10:36:21 Broadcasting topology update to 1 clients
2026/07/07 10:36:23 "GET http://localhost:9280/api/resources/pods? HTTP/1.1" from [::1]:48312 - 200 10881B in 1.701867ms
2026/07/07 10:36:23 "GET http://localhost:9280/api/resource-counts? HTTP/1.1" from [::1]:52860 - 200 462B in 4.063432ms
2026/07/07 10:36:35 "GET http://localhost:9280/api/resources/pods? HTTP/1.1" from [::1]:48312 - 200 10928B in 1.297154ms
2026/07/07 10:36:46 Broadcasting topology update to 1 clients
2026/07/07 10:36:47 Broadcasting topology update to 1 clients
2026/07/07 10:36:48 "GET http://localhost:9280/api/resources/pods? HTTP/1.1" from [::1]:48312 - 200 13447B in 3.8005ms
2026/07/07 10:36:48 "GET http://localhost:9280/api/secrets/certificate-expiry HTTP/1.1" from [::1]:51778 - 200 28B in 1.102854ms
2026/07/07 10:36:48 "GET http://localhost:9280/api/resource-counts? HTTP/1.1" from [::1]:52860 - 200 470B in 9.151759ms
2026/07/07 10:36:48 Broadcasting topology update to 1 clients
2026/07/07 10:36:49 Broadcasting topology update to 1 clients
2026/07/07 10:36:50 Broadcasting topology update to 1 clients
2026/07/07 10:37:00 "GET http://localhost:9280/api/resources/pods? HTTP/1.1" from [::1]:48312 - 200 13561B in 1.443353ms
2026/07/07 10:37:20 Broadcasting topology update to 1 clients
2026/07/07 10:37:22 "GET http://localhost:9280/api/resources/pods? HTTP/1.1" from [::1]:48312 - 200 12502B in 1.303397ms
2026/07/07 10:37:22 "GET http://localhost:9280/api/resource-counts? HTTP/1.1" from [::1]:52860 - 200 470B in 6.586724ms
2026/07/07 10:38:20 Broadcasting topology update to 1 clients
2026/07/07 10:38:22 "GET http://localhost:9280/api/resource-counts? HTTP/1.1" from [::1]:48312 - 200 466B in 4.764218ms
2026/07/07 10:38:50 Broadcasting topology update to 1 clients
2026/07/07 10:38:52 "GET http://localhost:9280/api/resources/pods? HTTP/1.1" from [::1]:48312 - 200 11245B in 1.961702ms
2026/07/07 10:38:52 "GET http://localhost:9280/api/resource-counts? HTTP/1.1" from [::1]:52860 - 200 464B in 6.100587ms
2026/07/07 10:39:04 "GET http://localhost:9280/api/resources/pods? HTTP/1.1" from [::1]:48312 - 200 10916B in 1.941363ms
2026/07/07 10:39:10 [metrics] Pod metrics collection failed (count=120): the server could not find the requested resource
2026/07/07 10:39:10 [metrics] Node metrics collection failed (count=120): the server could not find the requested resource
2026/07/07 10:41:11 Broadcasting topology update to 1 clients
2026/07/07 10:46:17 Broadcasting topology update to 1 clients
2026/07/07 10:49:10 [metrics] Pod metrics collection failed (count=140): the server could not find the requested resource
2026/07/07 10:49:10 [metrics] Node metrics collection failed (count=140): the server could not find the requested resource
2026/07/07 10:49:50 Broadcasting topology update to 1 clients
2026/07/07 10:49:51 Broadcasting topology update to 1 clients
2026/07/07 10:49:52 Broadcasting topology update to 1 clients
2026/07/07 10:49:52 "GET http://localhost:9280/api/resources/pods? HTTP/1.1" from [::1]:33454 - 200 13472B in 2.948354ms
2026/07/07 10:49:52 "GET http://localhost:9280/api/secrets/certificate-expiry HTTP/1.1" from [::1]:33470 - 200 28B in 296.847µs
2026/07/07 10:49:52 API resource discovery took 8.255428ms
2026/07/07 10:49:52 Discovered 66 API resources (63 unique kinds)
2026/07/07 10:49:52 "GET http://localhost:9280/api/resource-counts? HTTP/1.1" from [::1]:33464 - 200 470B in 15.553852ms
2026/07/07 10:49:53 Broadcasting topology update to 1 clients
2026/07/07 10:49:54 Broadcasting topology update to 1 clients
2026/07/07 10:50:04 "GET http://localhost:9280/api/resources/pods? HTTP/1.1" from [::1]:33454 - 200 13006B in 1.402606ms
2026/07/07 10:50:05 Broadcasting topology update to 1 clients
2026/07/07 10:50:16 Broadcasting topology update to 1 clients
2026/07/07 10:50:24 Broadcasting topology update to 1 clients
2026/07/07 10:50:26 "GET http://localhost:9280/api/resources/pods? HTTP/1.1" from [::1]:33454 - 200 12407B in 1.984706ms
2026/07/07 10:50:26 "GET http://localhost:9280/api/resource-counts? HTTP/1.1" from [::1]:33464 - 200 471B in 6.017599ms
2026/07/07 10:50:31 Broadcasting topology update to 1 clients
2026/07/07 10:50:44 Broadcasting topology update to 1 clients
2026/07/07 10:50:59 Broadcasting topology update to 1 clients
2026/07/07 10:51:12 Broadcasting topology update to 1 clients
2026/07/07 10:51:22 Broadcasting topology update to 1 clients
2026/07/07 10:51:23 "GET http://localhost:9280/api/resources/pods/default/fk-vault-restore-20260707-104948-vgr2r HTTP/1.1" from [::1]:33454 - 200 2308B in 5.222584ms
2026/07/07 10:51:23 "GET http://localhost:9280/api/resources/pods/default/fk-vault-restore-20260707-104948-vgr2r/cascade-preview HTTP/1.1" from [::1]:33454 - 200 136B in 905.518µs
2026/07/07 10:51:23 "GET http://localhost:9280/api/changes?namespace=default&kind=Pod&name=fk-vault-restore-20260707-104948-vgr2r&include_managed=true&since=2026-07-06T08%3A51%3A23.351Z&sources=k8s_event&limit=500 HTTP/1.1" from [::1]:33464 - 200 881B in 5.280874ms
2026/07/07 10:51:23 "GET http://localhost:9280/api/changes?namespace=default&kind=Pod&name=fk-vault-restore-20260707-104948-vgr2r&include_managed=true&since=2026-07-06T08%3A51%3A23.351Z&sources=informer%2Chistorical&limit=50 HTTP/1.1" from [::1]:33470 - 200 713B in 5.703411ms
2026/07/07 10:51:23 "GET http://localhost:9280/api/issues/resource/pods/default/fk-vault-restore-20260707-104948-vgr2r HTTP/1.1" from [::1]:58898 - 200 601B in 8.021333ms
2026/07/07 10:51:23 "GET http://localhost:9280/api/config HTTP/1.1" from [::1]:33464 - 200 139B in 987.594µs
2026/07/07 10:51:23 "GET http://localhost:9280/api/capabilities?namespace=default HTTP/1.1" from [::1]:33454 - 200 386B in 17.00939ms
2026/07/07 10:51:23 "GET http://localhost:9280/assets/radar-icon-loading-DjLUkQyV.svg HTTP/1.1" from [::1]:33454 - 200 1952B in 1.142329ms
2026/07/07 10:51:23 "GET http://localhost:9280/api/resources/jobs/default/fk-vault-restore-20260707-104948?group=batch HTTP/1.1" from [::1]:33470 - 200 1560B in 801.198µs
2026/07/07 10:51:23 "GET http://localhost:9280/api/audit/resource/Pod/default/fk-vault-restore-20260707-104948-vgr2r HTTP/1.1" from [::1]:33464 - 200 28B in 1.769826ms
2026/07/07 10:51:23 "GET http://localhost:9280/api/metrics/pods/default/fk-vault-restore-20260707-104948-vgr2r/history HTTP/1.1" from [::1]:33454 - 200 279B in 8.044503ms
2026/07/07 10:51:23 "GET http://localhost:9280/api/prometheus/status HTTP/1.1" from [::1]:33470 - 200 89B in 422.195µs
2026/07/07 10:51:23 "GET http://localhost:9280/api/rbac/subject/ServiceAccount/default/fk-vault HTTP/1.1" from [::1]:33464 - 200 655B in 1.589212ms
2026/07/07 10:51:26 Broadcasting topology update to 1 clients
2026/07/07 10:51:26 "GET http://localhost:9280/api/resource-counts? HTTP/1.1" from [::1]:33454 - 200 471B in 5.213185ms
2026/07/07 10:51:31 "GET http://localhost:9280/api/metrics/top/pods HTTP/1.1" from [::1]:33454 - 200 443B in 225.871µs
2026/07/07 10:51:32 "GET http://localhost:9280/api/portforwards HTTP/1.1" from [::1]:33454 - 200 28B in 91.725µs
2026/07/07 10:51:38 "GET http://localhost:9280/api/changes?namespace=default&kind=Pod&name=fk-vault-restore-20260707-104948-vgr2r&include_managed=true&since=2026-07-06T08%3A51%3A38.065Z&sources=k8s_event&limit=500 HTTP/1.1" from [::1]:33454 - 200 937B in 981.843µs
2026/07/07 10:51:38 "GET http://localhost:9280/api/changes?namespace=default&kind=Pod&name=fk-vault-restore-20260707-104948-vgr2r&include_managed=true&since=2026-07-06T08%3A51%3A38.065Z&sources=informer%2Chistorical&limit=50 HTTP/1.1" from [::1]:33470 - 200 713B in 878.576µs
2026/07/07 10:51:39 Broadcasting topology update to 1 clients
2026/07/07 10:51:50 "GET http://localhost:9280/api/capabilities HTTP/1.1" from [::1]:33470 - 200 386B in 120.51µs
2026/07/07 10:51:50 "GET http://localhost:9280/api/audit HTTP/1.1" from [::1]:33454 - 200 8633B in 2.356966ms
2026/07/07 10:51:51 Broadcasting topology update to 1 clients
2026/07/07 10:51:52 Broadcasting topology update to 1 clients
2026/07/07 10:51:53 "GET http://localhost:9280/api/secrets/certificate-expiry HTTP/1.1" from [::1]:33454 - 200 28B in 154.866µs
2026/07/07 10:51:53 "GET http://localhost:9280/api/changes?namespace=default&kind=Pod&name=fk-vault-restore-20260707-104948-vgr2r&include_managed=true&since=2026-07-06T08%3A51%3A52.775Z&sources=k8s_event&limit=500 HTTP/1.1" from [::1]:33454 - 200 952B in 1.621664ms
2026/07/07 10:51:53 "GET http://localhost:9280/api/changes?namespace=default&kind=Pod&name=fk-vault-restore-20260707-104948-vgr2r&include_managed=true&since=2026-07-06T08%3A51%3A53.520Z&sources=informer%2Chistorical&limit=50 HTTP/1.1" from [::1]:33454 - 200 954B in 1.152609ms
2026/07/07 10:51:53 "GET http://localhost:9280/api/metrics/pods/default/fk-vault-restore-20260707-104948-vgr2r/history HTTP/1.1" from [::1]:33454 - 200 279B in 4.151612ms
2026/07/07 10:51:53 Broadcasting topology update to 1 clients
2026/07/07 10:51:54 "GET http://localhost:9280/api/resources/jobs/default/fk-vault-restore-20260707-104948?group=batch HTTP/1.1" from [::1]:33454 - 404 94B in 135.037µs
2026/07/07 10:51:54 "GET http://localhost:9280/api/resources/pods/default/fk-vault-restore-20260707-104948-vgr2r HTTP/1.1" from [::1]:33470 - 404 94B in 107.916µs
2026/07/07 10:51:54 "GET http://localhost:9280/api/resources/pods? HTTP/1.1" from [::1]:33454 - 200 11282B in 1.588471ms
2026/07/07 10:51:54 "GET http://localhost:9280/api/resource-counts? HTTP/1.1" from [::1]:33470 - 200 462B in 10.156005ms
2026/07/07 10:51:55 "GET http://localhost:9280/api/resources/pods/default/fk-vault-restore-20260707-104948-vgr2r HTTP/1.1" from [::1]:33454 - 404 94B in 380.326µs
2026/07/07 10:51:55 "GET http://localhost:9280/api/resources/jobs/default/fk-vault-restore-20260707-104948?group=batch HTTP/1.1" from [::1]:33470 - 404 94B in 228.855µs
2026/07/07 10:52:01 "GET http://localhost:9280/api/metrics/top/pods HTTP/1.1" from [::1]:33454 - 200 419B in 149.535µs
2026/07/07 10:52:02 "GET http://localhost:9280/api/portforwards HTTP/1.1" from [::1]:33454 - 200 28B in 82.518µs
2026/07/07 10:52:07 "GET http://localhost:9280/api/resources/pods? HTTP/1.1" from [::1]:33454 - 200 11897B in 1.034523ms
2026/07/07 10:52:08 "GET http://localhost:9280/api/changes?namespace=default&kind=Pod&name=fk-vault-restore-20260707-104948-vgr2r&include_managed=true&since=2026-07-06T08%3A51%3A55.683Z&sources=k8s_event&limit=500 HTTP/1.1" from [::1]:33454 - 200 952B in 1.397035ms
2026/07/07 10:52:08 "GET http://localhost:9280/api/changes?namespace=default&kind=Pod&name=fk-vault-restore-20260707-104948-vgr2r&include_managed=true&since=2026-07-06T08%3A51%3A55.683Z&sources=informer%2Chistorical&limit=50 HTTP/1.1" from [::1]:33454 - 200 954B in 1.46792ms
2026/07/07 10:52:23 "GET http://localhost:9280/api/changes?namespace=default&kind=Pod&name=fk-vault-restore-20260707-104948-vgr2r&include_managed=true&since=2026-07-06T08%3A51%3A55.683Z&sources=k8s_event&limit=500 HTTP/1.1" from [::1]:33454 - 200 952B in 865.1µs
2026/07/07 10:52:23 "GET http://localhost:9280/api/prometheus/status HTTP/1.1" from [::1]:33454 - 200 89B in 112.675µs
2026/07/07 10:52:23 "GET http://localhost:9280/api/changes?namespace=default&kind=Pod&name=fk-vault-restore-20260707-104948-vgr2r&include_managed=true&since=2026-07-06T08%3A51%3A55.683Z&sources=informer%2Chistorical&limit=50 HTTP/1.1" from [::1]:33454 - 200 954B in 1.087725ms
2026/07/07 10:52:23 "GET http://localhost:9280/api/metrics/pods/default/fk-vault-restore-20260707-104948-vgr2r/history HTTP/1.1" from [::1]:33454 - 200 279B in 4.697902ms
2026/07/07 10:52:31 "GET http://localhost:9280/api/metrics/top/pods HTTP/1.1" from [::1]:33454 - 200 403B in 251.52µs
2026/07/07 10:52:32 "GET http://localhost:9280/api/portforwards HTTP/1.1" from [::1]:33454 - 200 28B in 69.733µs
2026/07/07 10:52:38 "GET http://localhost:9280/api/changes?namespace=default&kind=Pod&name=fk-vault-restore-20260707-104948-vgr2r&include_managed=true&since=2026-07-06T08%3A51%3A55.683Z&sources=k8s_event&limit=500 HTTP/1.1" from [::1]:33454 - 200 952B in 1.439907ms
2026/07/07 10:52:38 "GET http://localhost:9280/api/changes?namespace=default&kind=Pod&name=fk-vault-restore-20260707-104948-vgr2r&include_managed=true&since=2026-07-06T08%3A51%3A55.683Z&sources=informer%2Chistorical&limit=50 HTTP/1.1" from [::1]:33454 - 200 954B in 777.143µs
2026/07/07 10:52:50 "GET http://localhost:9280/api/audit HTTP/1.1" from [::1]:33470 - 200 8964B in 3.395544ms
2026/07/07 10:52:50 "GET http://localhost:9280/api/capabilities HTTP/1.1" from [::1]:33454 - 200 386B in 6.220026ms
2026/07/07 10:52:53 "GET http://localhost:9280/api/secrets/certificate-expiry HTTP/1.1" from [::1]:33454 - 200 28B in 168.912µs
2026/07/07 10:52:53 "GET http://localhost:9280/api/changes?namespace=default&kind=Pod&name=fk-vault-restore-20260707-104948-vgr2r&include_managed=true&since=2026-07-06T08%3A52%3A50.236Z&sources=k8s_event&limit=500 HTTP/1.1" from [::1]:33454 - 200 952B in 1.734218ms
2026/07/07 10:52:53 "GET http://localhost:9280/api/changes?namespace=default&kind=Pod&name=fk-vault-restore-20260707-104948-vgr2r&include_managed=true&since=2026-07-06T08%3A52%3A50.236Z&sources=informer%2Chistorical&limit=50 HTTP/1.1" from [::1]:33454 - 200 954B in 1.278148ms
2026/07/07 10:52:53 "GET http://localhost:9280/api/metrics/pods/default/fk-vault-restore-20260707-104948-vgr2r/history HTTP/1.1" from [::1]:33470 - 200 279B in 5.659585ms
2026/07/07 10:52:54 "GET http://localhost:9280/api/resource-counts? HTTP/1.1" from [::1]:33454 - 200 470B in 4.240187ms
2026/07/07 10:52:55 Broadcasting topology update to 1 clients
2026/07/07 10:52:56 Broadcasting topology update to 1 clients
2026/07/07 10:52:57 "GET http://localhost:9280/api/resources/pods/default/fk-vault-restore-20260707-104948-vgr2r HTTP/1.1" from [::1]:33454 - 404 94B in 108.798µs
2026/07/07 10:52:57 "GET http://localhost:9280/api/resources/jobs/default/fk-vault-restore-20260707-104948?group=batch HTTP/1.1" from [::1]:33470 - 404 94B in 169.563µs
2026/07/07 10:52:57 "GET http://localhost:9280/api/secrets/certificate-expiry HTTP/1.1" from [::1]:33470 - 200 28B in 153.833µs
2026/07/07 10:52:57 "GET http://localhost:9280/api/resources/pods? HTTP/1.1" from [::1]:33464 - 200 12926B in 2.606572ms
2026/07/07 10:52:57 "GET http://localhost:9280/api/resource-counts? HTTP/1.1" from [::1]:58898 - 200 470B in 12.153291ms
2026/07/07 10:52:57 Broadcasting topology update to 1 clients
2026/07/07 10:52:58 "GET http://localhost:9280/api/resources/jobs/default/fk-vault-restore-20260707-104948?group=batch HTTP/1.1" from [::1]:33454 - 404 94B in 102.726µs
2026/07/07 10:52:58 "GET http://localhost:9280/api/resources/pods/default/fk-vault-restore-20260707-104948-vgr2r HTTP/1.1" from [::1]:33464 - 404 94B in 91.314µs
2026/07/07 10:52:59 Broadcasting topology update to 1 clients
2026/07/07 10:53:00 "GET http://localhost:9280/api/resources/pods/default/fk-vault-restore-20260707-104948-vgr2r HTTP/1.1" from [::1]:33454 - 404 94B in 87.286µs
2026/07/07 10:53:00 "GET http://localhost:9280/api/resources/jobs/default/fk-vault-restore-20260707-104948?group=batch HTTP/1.1" from [::1]:33464 - 404 94B in 90.462µs
2026/07/07 10:53:01 "GET http://localhost:9280/api/resources/jobs/default/fk-vault-restore-20260707-104948?group=batch HTTP/1.1" from [::1]:33464 - 404 94B in 61.708µs
2026/07/07 10:53:01 "GET http://localhost:9280/api/resources/pods/default/fk-vault-restore-20260707-104948-vgr2r HTTP/1.1" from [::1]:33454 - 404 94B in 119.689µs
2026/07/07 10:53:01 "GET http://localhost:9280/api/metrics/top/pods HTTP/1.1" from [::1]:33454 - 200 499B in 273.592µs
2026/07/07 10:53:02 "GET http://localhost:9280/api/portforwards HTTP/1.1" from [::1]:33454 - 200 28B in 89.311µs
2026/07/07 10:53:08 "GET http://localhost:9280/api/changes?namespace=default&kind=Pod&name=fk-vault-restore-20260707-104948-vgr2r&include_managed=true&since=2026-07-06T08%3A53%3A01.251Z&sources=k8s_event&limit=500 HTTP/1.1" from [::1]:33454 - 200 952B in 834.081µs
2026/07/07 10:53:08 "GET http://localhost:9280/api/changes?namespace=default&kind=Pod&name=fk-vault-restore-20260707-104948-vgr2r&include_managed=true&since=2026-07-06T08%3A53%3A01.251Z&sources=informer%2Chistorical&limit=50 HTTP/1.1" from [::1]:33454 - 200 954B in 767.564µs
2026/07/07 10:53:09 "GET http://localhost:9280/api/resources/pods? HTTP/1.1" from [::1]:33454 - 200 13025B in 1.409429ms
2026/07/07 10:53:23 "GET http://localhost:9280/api/prometheus/status HTTP/1.1" from [::1]:33454 - 200 89B in 94.34µs
2026/07/07 10:53:23 "GET http://localhost:9280/api/changes?namespace=default&kind=Pod&name=fk-vault-restore-20260707-104948-vgr2r&include_managed=true&since=2026-07-06T08%3A53%3A01.251Z&sources=k8s_event&limit=500 HTTP/1.1" from [::1]:33454 - 200 952B in 2.037216ms
2026/07/07 10:53:23 "GET http://localhost:9280/api/changes?namespace=default&kind=Pod&name=fk-vault-restore-20260707-104948-vgr2r&include_managed=true&since=2026-07-06T08%3A53%3A01.251Z&sources=informer%2Chistorical&limit=50 HTTP/1.1" from [::1]:33464 - 200 954B in 1.725982ms
2026/07/07 10:53:23 "GET http://localhost:9280/api/metrics/pods/default/fk-vault-restore-20260707-104948-vgr2r/history HTTP/1.1" from [::1]:33454 - 200 279B in 4.94785ms
2026/07/07 10:53:29 Broadcasting topology update to 1 clients
2026/07/07 10:53:31 "GET http://localhost:9280/api/resources/pods/default/fk-vault-restore-20260707-104948-vgr2r HTTP/1.1" from [::1]:33454 - 404 94B in 147.241µs
2026/07/07 10:53:31 "GET http://localhost:9280/api/resources/jobs/default/fk-vault-restore-20260707-104948?group=batch HTTP/1.1" from [::1]:33464 - 404 94B in 110.691µs
2026/07/07 10:53:31 "GET http://localhost:9280/api/resources/pods? HTTP/1.1" from [::1]:33470 - 200 13009B in 2.04418ms
2026/07/07 10:53:31 "GET http://localhost:9280/api/resource-counts? HTTP/1.1" from [::1]:58898 - 200 470B in 6.654985ms
2026/07/07 10:53:31 "GET http://localhost:9280/api/metrics/top/pods HTTP/1.1" from [::1]:33454 - 200 459B in 291.366µs
2026/07/07 10:53:32 "GET http://localhost:9280/api/resources/jobs/default/fk-vault-restore-20260707-104948?group=batch HTTP/1.1" from [::1]:33454 - 404 94B in 144.436µs
2026/07/07 10:53:32 "GET http://localhost:9280/api/resources/pods/default/fk-vault-restore-20260707-104948-vgr2r HTTP/1.1" from [::1]:33454 - 404 94B in 158.102µs
2026/07/07 10:53:32 Broadcasting topology update to 1 clients
2026/07/07 10:53:32 "GET http://localhost:9280/api/portforwards HTTP/1.1" from [::1]:33454 - 200 28B in 63.29µs
2026/07/07 10:53:33 Broadcasting topology update to 1 clients
2026/07/07 10:53:34 "GET http://localhost:9280/api/resources/pods/default/fk-vault-restore-20260707-104948-vgr2r HTTP/1.1" from [::1]:33454 - 404 94B in 123.345µs
2026/07/07 10:53:34 "GET http://localhost:9280/api/resources/jobs/default/fk-vault-restore-20260707-104948?group=batch HTTP/1.1" from [::1]:33470 - 404 94B in 106.964µs
2026/07/07 10:53:34 "GET http://localhost:9280/api/secrets/certificate-expiry HTTP/1.1" from [::1]:33454 - 200 28B in 161.979µs
2026/07/07 10:53:34 "GET http://localhost:9280/api/resources/pods? HTTP/1.1" from [::1]:33464 - 200 14599B in 2.434113ms
2026/07/07 10:53:34 "GET http://localhost:9280/api/resource-counts? HTTP/1.1" from [::1]:33470 - 200 470B in 7.987837ms
2026/07/07 10:53:35 Broadcasting topology update to 1 clients
2026/07/07 10:53:35 "GET http://localhost:9280/api/resources/jobs/default/fk-vault-restore-20260707-104948?group=batch HTTP/1.1" from [::1]:33464 - 404 94B in 157.39µs
2026/07/07 10:53:35 "GET http://localhost:9280/api/resources/pods/default/fk-vault-restore-20260707-104948-vgr2r HTTP/1.1" from [::1]:33454 - 404 94B in 141.249µs
2026/07/07 10:53:36 Broadcasting topology update to 1 clients
2026/07/07 10:53:38 "GET http://localhost:9280/api/resources/jobs/default/fk-vault-restore-20260707-104948?group=batch HTTP/1.1" from [::1]:33464 - 404 94B in 144.807µs
2026/07/07 10:53:38 "GET http://localhost:9280/api/changes?namespace=default&kind=Pod&name=fk-vault-restore-20260707-104948-vgr2r&include_managed=true&since=2026-07-06T08%3A53%3A36.323Z&sources=k8s_event&limit=500 HTTP/1.1" from [::1]:33464 - 200 952B in 880.008µs
2026/07/07 10:53:38 "GET http://localhost:9280/api/changes?namespace=default&kind=Pod&name=fk-vault-restore-20260707-104948-vgr2r&include_managed=true&since=2026-07-06T08%3A53%3A36.323Z&sources=informer%2Chistorical&limit=50 HTTP/1.1" from [::1]:33464 - 200 954B in 1.002703ms
2026/07/07 10:53:39 "GET http://localhost:9280/api/resources/jobs/default/fk-vault-restore-20260707-104948?group=batch HTTP/1.1" from [::1]:33464 - 404 94B in 122.423µs
2026/07/07 10:53:46 Broadcasting topology update to 1 clients
2026/07/07 10:53:46 "GET http://localhost:9280/api/resources/pods? HTTP/1.1" from [::1]:33464 - 200 14516B in 1.332983ms
2026/07/07 10:53:50 "GET http://localhost:9280/api/audit HTTP/1.1" from [::1]:33464 - 200 8633B in 1.670707ms
2026/07/07 10:53:50 "GET http://localhost:9280/api/capabilities HTTP/1.1" from [::1]:33464 - 200 386B in 4.805017ms
2026/07/07 10:54:00 Broadcasting topology update to 1 clients
2026/07/07 10:54:01 "GET http://localhost:9280/api/metrics/top/pods HTTP/1.1" from [::1]:33464 - 200 520B in 300.263µs
2026/07/07 10:54:02 Broadcasting topology update to 1 clients
2026/07/07 10:54:02 "GET http://localhost:9280/api/portforwards HTTP/1.1" from [::1]:33464 - 200 28B in 55.876µs
2026/07/07 10:54:03 Broadcasting topology update to 1 clients
2026/07/07 10:54:05 "GET http://localhost:9280/api/resources/pods? HTTP/1.1" from [::1]:33464 - 200 13096B in 2.330275ms
2026/07/07 10:54:05 "GET http://localhost:9280/api/resource-counts? HTTP/1.1" from [::1]:33454 - 200 469B in 10.297594ms
2026/07/07 10:54:06 Broadcasting topology update to 1 clients
2026/07/07 10:54:08 "GET http://localhost:9280/api/resources/pods? HTTP/1.1" from [::1]:33464 - 200 11907B in 1.350587ms
2026/07/07 10:54:08 "GET http://localhost:9280/api/resource-counts? HTTP/1.1" from [::1]:33454 - 200 471B in 5.586127ms
2026/07/07 10:54:14 Broadcasting topology update to 1 clients
2026/07/07 10:54:17 "GET http://localhost:9280/api/resources/pods? HTTP/1.1" from [::1]:33464 - 200 12419B in 1.078056ms
2026/07/07 10:54:28 Broadcasting topology update to 1 clients
2026/07/07 10:54:31 "GET http://localhost:9280/api/metrics/top/pods HTTP/1.1" from [::1]:33464 - 200 469B in 299.221µs
2026/07/07 10:54:32 "GET http://localhost:9280/api/portforwards HTTP/1.1" from [::1]:33464 - 200 28B in 83.209µs
2026/07/07 10:54:34 "GET http://localhost:9280/api/secrets/certificate-expiry HTTP/1.1" from [::1]:33464 - 200 28B in 159.013µs
2026/07/07 10:54:43 Broadcasting topology update to 1 clients
2026/07/07 10:54:50 "GET http://localhost:9280/api/audit HTTP/1.1" from [::1]:33464 - 200 8574B in 2.387985ms
2026/07/07 10:54:50 "GET http://localhost:9280/api/capabilities HTTP/1.1" from [::1]:33464 - 200 386B in 6.333312ms
2026/07/07 10:54:57 Broadcasting topology update to 1 clients
2026/07/07 10:55:01 "GET http://localhost:9280/api/metrics/top/pods HTTP/1.1" from [::1]:33464 - 200 479B in 257.541µs
2026/07/07 10:55:02 "GET http://localhost:9280/api/portforwards HTTP/1.1" from [::1]:33464 - 200 28B in 151.699µs
2026/07/07 10:55:03 Broadcasting topology update to 1 clients
2026/07/07 10:55:08 API resource discovery took 6.264761ms
2026/07/07 10:55:08 Discovered 66 API resources (63 unique kinds)
2026/07/07 10:55:08 "GET http://localhost:9280/api/resource-counts? HTTP/1.1" from [::1]:33464 - 200 470B in 12.865706ms
2026/07/07 10:55:10 Broadcasting topology update to 1 clients
2026/07/07 10:55:22 Broadcasting topology update to 1 clients
2026/07/07 10:55:31 "GET http://localhost:9280/api/metrics/top/pods HTTP/1.1" from [::1]:33464 - 200 495B in 257.561µs
2026/07/07 10:55:32 "GET http://localhost:9280/api/portforwards HTTP/1.1" from [::1]:33464 - 200 28B in 106.853µs
2026/07/07 10:55:34 "GET http://localhost:9280/api/secrets/certificate-expiry HTTP/1.1" from [::1]:33464 - 200 28B in 739.611µs
2026/07/07 10:55:36 Broadcasting topology update to 1 clients
2026/07/07 10:55:41 Broadcasting topology update to 1 clients
2026/07/07 10:55:43 "GET http://localhost:9280/api/resources/pods? HTTP/1.1" from [::1]:33464 - 200 11022B in 1.612707ms
2026/07/07 10:55:43 "GET http://localhost:9280/api/resource-counts? HTTP/1.1" from [::1]:33454 - 200 464B in 6.151455ms
2026/07/07 10:55:47 Broadcasting topology update to 1 clients
2026/07/07 10:55:48 Broadcasting topology update to 1 clients
2026/07/07 10:55:49 "GET http://localhost:9280/api/resources/pods? HTTP/1.1" from [::1]:33464 - 200 13432B in 3.474188ms
2026/07/07 10:55:49 "GET http://localhost:9280/api/resource-counts? HTTP/1.1" from [::1]:33454 - 200 470B in 6.816253ms
2026/07/07 10:55:49 "GET http://localhost:9280/api/secrets/certificate-expiry HTTP/1.1" from [::1]:60864 - 200 28B in 208.508µs
2026/07/07 10:55:50 "GET http://localhost:9280/api/audit HTTP/1.1" from [::1]:33464 - 200 8633B in 1.458232ms
2026/07/07 10:55:50 "GET http://localhost:9280/api/capabilities HTTP/1.1" from [::1]:33464 - 200 386B in 4.440681ms
2026/07/07 10:55:50 Broadcasting topology update to 1 clients
2026/07/07 10:55:51 Broadcasting topology update to 1 clients
2026/07/07 10:55:55 "GET http://localhost:9280/api/resources/pods? HTTP/1.1" from [::1]:33464 - 200 13213B in 1.078728ms
2026/07/07 10:56:01 Broadcasting topology update to 1 clients
2026/07/07 10:56:01 "GET http://localhost:9280/api/metrics/top/pods HTTP/1.1" from [::1]:33464 - 200 477B in 344.737µs
2026/07/07 10:56:02 "GET http://localhost:9280/api/portforwards HTTP/1.1" from [::1]:33464 - 200 28B in 62.59µs
2026/07/07 10:56:14 Broadcasting topology update to 1 clients
2026/07/07 10:56:21 Broadcasting topology update to 1 clients
2026/07/07 10:56:23 "GET http://localhost:9280/api/resources/pods? HTTP/1.1" from [::1]:33464 - 200 12613B in 1.931515ms
2026/07/07 10:56:23 "GET http://localhost:9280/api/resource-counts? HTTP/1.1" from [::1]:33454 - 200 471B in 5.672082ms
2026/07/07 10:56:28 Broadcasting topology update to 1 clients
2026/07/07 10:56:29 Broadcasting topology update to 1 clients
2026/07/07 10:56:31 "GET http://localhost:9280/api/metrics/top/pods HTTP/1.1" from [::1]:33464 - 200 459B in 375.036µs
2026/07/07 10:56:32 "GET http://localhost:9280/api/portforwards HTTP/1.1" from [::1]:33464 - 200 28B in 57.62µs
2026/07/07 10:56:42 Broadcasting topology update to 1 clients
2026/07/07 10:56:49 "GET http://localhost:9280/api/secrets/certificate-expiry HTTP/1.1" from [::1]:33464 - 200 28B in 142.802µs
2026/07/07 10:56:50 "GET http://localhost:9280/api/audit HTTP/1.1" from [::1]:33464 - 200 8574B in 2.412983ms
2026/07/07 10:56:50 "GET http://localhost:9280/api/capabilities HTTP/1.1" from [::1]:33464 - 200 386B in 7.185846ms
2026/07/07 10:56:57 Broadcasting topology update to 1 clients
2026/07/07 10:57:01 "GET http://localhost:9280/api/metrics/top/pods HTTP/1.1" from [::1]:33464 - 200 460B in 158.202µs
2026/07/07 10:57:02 "GET http://localhost:9280/api/portforwards HTTP/1.1" from [::1]:33464 - 200 28B in 53.472µs
2026/07/07 10:57:09 Broadcasting topology update to 1 clients
2026/07/07 10:57:23 "GET http://localhost:9280/api/resource-counts? HTTP/1.1" from [::1]:33464 - 200 471B in 5.048085ms
2026/07/07 10:57:24 Broadcasting topology update to 1 clients
2026/07/07 10:57:31 "GET http://localhost:9280/api/metrics/top/pods HTTP/1.1" from [::1]:33464 - 200 472B in 189.632µs
2026/07/07 10:57:32 "GET http://localhost:9280/api/portforwards HTTP/1.1" from [::1]:33464 - 200 28B in 395.564µs
2026/07/07 10:57:39 Broadcasting topology update to 1 clients
2026/07/07 10:57:49 "GET http://localhost:9280/api/secrets/certificate-expiry HTTP/1.1" from [::1]:33464 - 200 28B in 384.674µs
2026/07/07 10:57:50 "GET http://localhost:9280/api/audit HTTP/1.1" from [::1]:33464 - 200 8633B in 1.981931ms
2026/07/07 10:57:50 "GET http://localhost:9280/api/capabilities HTTP/1.1" from [::1]:33464 - 200 386B in 6.359763ms
2026/07/07 10:57:52 Broadcasting topology update to 1 clients
2026/07/07 10:58:01 "GET http://localhost:9280/api/metrics/top/pods HTTP/1.1" from [::1]:33464 - 200 449B in 162.289µs
2026/07/07 10:58:02 "GET http://localhost:9280/api/portforwards HTTP/1.1" from [::1]:33464 - 200 28B in 56.608µs
2026/07/07 10:58:04 Broadcasting topology update to 1 clients
2026/07/07 10:58:05 Broadcasting topology update to 1 clients
2026/07/07 10:58:06 "GET http://localhost:9280/api/resources/pods? HTTP/1.1" from [::1]:33464 - 200 11022B in 2.067855ms
2026/07/07 10:58:06 "GET http://localhost:9280/api/resource-counts? HTTP/1.1" from [::1]:33454 - 200 463B in 6.103474ms
2026/07/07 10:58:08 Broadcasting topology update to 1 clients
2026/07/07 10:58:09 Broadcasting topology update to 1 clients
2026/07/07 10:58:10 "GET http://localhost:9280/api/resources/pods? HTTP/1.1" from [::1]:33464 - 200 13367B in 4.55968ms
2026/07/07 10:58:10 "GET http://localhost:9280/api/secrets/certificate-expiry HTTP/1.1" from [::1]:49208 - 200 28B in 940.845µs
2026/07/07 10:58:10 "GET http://localhost:9280/api/resource-counts? HTTP/1.1" from [::1]:33454 - 200 470B in 7.578346ms
2026/07/07 10:58:11 Broadcasting topology update to 1 clients
2026/07/07 10:58:12 Broadcasting topology update to 1 clients
2026/07/07 10:58:13 Broadcasting topology update to 1 clients
2026/07/07 10:58:19 "GET http://localhost:9280/api/resources/pods? HTTP/1.1" from [::1]:33464 - 200 13315B in 1.392406ms
2026/07/07 10:58:20 Broadcasting topology update to 1 clients
2026/07/07 10:58:23 "GET http://localhost:9280/api/resources/pods/default/fk-vault-restore-20260707-105806-ftlgx HTTP/1.1" from [::1]:33464 - 200 2301B in 422.597µs
2026/07/07 10:58:23 "GET http://localhost:9280/api/changes?namespace=default&kind=Pod&name=fk-vault-restore-20260707-105806-ftlgx&include_managed=true&since=2026-07-06T08%3A58%3A23.095Z&sources=k8s_event&limit=500 HTTP/1.1" from [::1]:33464 - 200 696B in 1.885998ms
2026/07/07 10:58:23 "GET http://localhost:9280/api/changes?namespace=default&kind=Pod&name=fk-vault-restore-20260707-105806-ftlgx&include_managed=true&since=2026-07-06T08%3A58%3A23.095Z&sources=informer%2Chistorical&limit=50 HTTP/1.1" from [::1]:33464 - 200 711B in 1.809633ms
2026/07/07 10:58:23 "GET http://localhost:9280/api/resources/pods/default/fk-vault-restore-20260707-105806-ftlgx/cascade-preview HTTP/1.1" from [::1]:49208 - 200 136B in 413.258µs
2026/07/07 10:58:23 "GET http://localhost:9280/api/capabilities?namespace=default HTTP/1.1" from [::1]:33454 - 200 386B in 5.785547ms
2026/07/07 10:58:23 "GET http://localhost:9280/api/issues/resource/pods/default/fk-vault-restore-20260707-105806-ftlgx HTTP/1.1" from [::1]:33464 - 200 599B in 2.83071ms
2026/07/07 10:58:23 "GET http://localhost:9280/assets/radar-icon-loading-DjLUkQyV.svg HTTP/1.1" from [::1]:33464 - 200 1952B in 290.695µs
2026/07/07 10:58:23 "GET http://localhost:9280/api/prometheus/status HTTP/1.1" from [::1]:33454 - 200 89B in 61.768µs
2026/07/07 10:58:23 "GET http://localhost:9280/api/rbac/subject/ServiceAccount/default/fk-vault HTTP/1.1" from [::1]:49208 - 200 655B in 446.221µs
2026/07/07 10:58:23 "GET http://localhost:9280/api/resources/jobs/default/fk-vault-restore-20260707-105806?group=batch HTTP/1.1" from [::1]:49208 - 200 1548B in 455.399µs
2026/07/07 10:58:23 "GET http://localhost:9280/api/audit/resource/Pod/default/fk-vault-restore-20260707-105806-ftlgx HTTP/1.1" from [::1]:33454 - 200 28B in 1.265975ms
2026/07/07 10:58:23 "GET http://localhost:9280/api/metrics/pods/default/fk-vault-restore-20260707-105806-ftlgx/history HTTP/1.1" from [::1]:33464 - 200 279B in 5.820545ms
2026/07/07 10:58:24 Broadcasting topology update to 1 clients
2026/07/07 10:58:31 "GET http://localhost:9280/api/metrics/top/pods HTTP/1.1" from [::1]:33464 - 200 522B in 174.553µs
2026/07/07 10:58:32 "GET http://localhost:9280/api/portforwards HTTP/1.1" from [::1]:33464 - 200 28B in 63.16µs
2026/07/07 10:58:38 "GET http://localhost:9280/api/changes?namespace=default&kind=Pod&name=fk-vault-restore-20260707-105806-ftlgx&include_managed=true&since=2026-07-06T08%3A58%3A38.044Z&sources=informer%2Chistorical&limit=50 HTTP/1.1" from [::1]:33454 - 200 711B in 882.553µs
2026/07/07 10:58:38 "GET http://localhost:9280/api/changes?namespace=default&kind=Pod&name=fk-vault-restore-20260707-105806-ftlgx&include_managed=true&since=2026-07-06T08%3A58%3A38.044Z&sources=k8s_event&limit=500 HTTP/1.1" from [::1]:33464 - 200 733B in 1.381014ms
2026/07/07 10:58:39 Broadcasting topology update to 1 clients
2026/07/07 10:58:43 Broadcasting topology update to 1 clients
2026/07/07 10:58:45 "GET http://localhost:9280/api/resources/pods/default/fk-vault-restore-20260707-105806-ftlgx HTTP/1.1" from [::1]:33464 - 200 2272B in 550.269µs
2026/07/07 10:58:45 "GET http://localhost:9280/api/resources/jobs/default/fk-vault-restore-20260707-105806?group=batch HTTP/1.1" from [::1]:33454 - 200 1548B in 401.637µs
2026/07/07 10:58:45 "GET http://localhost:9280/api/resources/pods? HTTP/1.1" from [::1]:49208 - 200 13158B in 1.974326ms
2026/07/07 10:58:45 "GET http://localhost:9280/api/resource-counts? HTTP/1.1" from [::1]:33454 - 200 470B in 6.90919ms
2026/07/07 10:58:50 Broadcasting topology update to 1 clients
2026/07/07 10:58:50 "GET http://localhost:9280/api/audit HTTP/1.1" from [::1]:33464 - 200 8574B in 1.321331ms
2026/07/07 10:58:50 "GET http://localhost:9280/api/capabilities HTTP/1.1" from [::1]:33464 - 200 386B in 4.18304ms
2026/07/07 10:58:53 "GET http://localhost:9280/api/changes?namespace=default&kind=Pod&name=fk-vault-restore-20260707-105806-ftlgx&include_managed=true&since=2026-07-06T08%3A58%3A50.335Z&sources=informer%2Chistorical&limit=50 HTTP/1.1" from [::1]:33464 - 200 711B in 1.258471ms
2026/07/07 10:58:53 "GET http://localhost:9280/api/changes?namespace=default&kind=Pod&name=fk-vault-restore-20260707-105806-ftlgx&include_managed=true&since=2026-07-06T08%3A58%3A50.335Z&sources=k8s_event&limit=500 HTTP/1.1" from [::1]:33454 - 200 785B in 1.323966ms
2026/07/07 10:58:53 "GET http://localhost:9280/api/metrics/pods/default/fk-vault-restore-20260707-105806-ftlgx/history HTTP/1.1" from [::1]:33464 - 200 279B in 4.422467ms
2026/07/07 10:59:01 Broadcasting topology update to 1 clients
2026/07/07 10:59:01 "GET http://localhost:9280/api/metrics/top/pods HTTP/1.1" from [::1]:33464 - 200 462B in 235.218µs
2026/07/07 10:59:02 "GET http://localhost:9280/api/portforwards HTTP/1.1" from [::1]:33464 - 200 28B in 95.753µs
2026/07/07 10:59:08 "GET http://localhost:9280/api/changes?namespace=default&kind=Pod&name=fk-vault-restore-20260707-105806-ftlgx&include_managed=true&since=2026-07-06T08%3A59%3A01.038Z&sources=k8s_event&limit=500 HTTP/1.1" from [::1]:33454 - 200 801B in 1.112082ms
2026/07/07 10:59:08 "GET http://localhost:9280/api/changes?namespace=default&kind=Pod&name=fk-vault-restore-20260707-105806-ftlgx&include_managed=true&since=2026-07-06T08%3A59%3A01.038Z&sources=informer%2Chistorical&limit=50 HTTP/1.1" from [::1]:33464 - 200 711B in 1.473361ms
2026/07/07 10:59:10 [metrics] Pod metrics collection failed (count=160): the server could not find the requested resource
2026/07/07 10:59:10 [metrics] Node metrics collection failed (count=160): the server could not find the requested resource
2026/07/07 10:59:10 "GET http://localhost:9280/api/secrets/certificate-expiry HTTP/1.1" from [::1]:33464 - 200 28B in 544.098µs
2026/07/07 10:59:13 Broadcasting topology update to 1 clients
2026/07/07 10:59:23 "GET http://localhost:9280/api/changes?namespace=default&kind=Pod&name=fk-vault-restore-20260707-105806-ftlgx&include_managed=true&since=2026-07-06T08%3A59%3A13.034Z&sources=k8s_event&limit=500 HTTP/1.1" from [::1]:33464 - 200 828B in 2.332971ms
2026/07/07 10:59:23 "GET http://localhost:9280/api/prometheus/status HTTP/1.1" from [::1]:33464 - 200 89B in 118.737µs
2026/07/07 10:59:23 "GET http://localhost:9280/api/changes?namespace=default&kind=Pod&name=fk-vault-restore-20260707-105806-ftlgx&include_managed=true&since=2026-07-06T08%3A59%3A23.283Z&sources=informer%2Chistorical&limit=50 HTTP/1.1" from [::1]:49208 - 200 711B in 2.377977ms
2026/07/07 10:59:23 "GET http://localhost:9280/api/metrics/pods/default/fk-vault-restore-20260707-105806-ftlgx/history HTTP/1.1" from [::1]:33454 - 200 279B in 6.949803ms
2026/07/07 10:59:26 Broadcasting topology update to 1 clients
2026/07/07 10:59:31 "GET http://localhost:9280/api/metrics/top/pods HTTP/1.1" from [::1]:33464 - 200 481B in 195.703µs
2026/07/07 10:59:32 "GET http://localhost:9280/api/portforwards HTTP/1.1" from [::1]:33464 - 200 28B in 76.807µs
2026/07/07 10:59:34 Broadcasting topology update to 1 clients
2026/07/07 10:59:35 Broadcasting topology update to 1 clients
2026/07/07 10:59:37 Broadcasting topology update to 1 clients
2026/07/07 10:59:37 "GET http://localhost:9280/api/resources/pods/default/fk-vault-restore-20260707-105806-ftlgx HTTP/1.1" from [::1]:33464 - 404 94B in 141.209µs
2026/07/07 10:59:37 "GET http://localhost:9280/api/resources/jobs/default/fk-vault-restore-20260707-105806?group=batch HTTP/1.1" from [::1]:33454 - 200 1556B in 489.503µs
2026/07/07 10:59:37 "GET http://localhost:9280/api/resources/pods? HTTP/1.1" from [::1]:49208 - 200 12718B in 1.914001ms
2026/07/07 10:59:37 "GET http://localhost:9280/api/resource-counts? HTTP/1.1" from [::1]:33454 - 200 469B in 8.737598ms
2026/07/07 10:59:38 "GET http://localhost:9280/api/changes?namespace=default&kind=Pod&name=fk-vault-restore-20260707-105806-ftlgx&include_managed=true&since=2026-07-06T08%3A59%3A37.501Z&sources=k8s_event&limit=500 HTTP/1.1" from [::1]:33464 - 200 848B in 1.506814ms
2026/07/07 10:59:38 "GET http://localhost:9280/api/changes?namespace=default&kind=Pod&name=fk-vault-restore-20260707-105806-ftlgx&include_managed=true&since=2026-07-06T08%3A59%3A38.298Z&sources=informer%2Chistorical&limit=50 HTTP/1.1" from [::1]:33464 - 200 949B in 1.457721ms
2026/07/07 10:59:38 "GET http://localhost:9280/api/resources/pods/default/fk-vault-restore-20260707-105806-ftlgx HTTP/1.1" from [::1]:33464 - 404 94B in 107.064µs
2026/07/07 10:59:40 Broadcasting topology update to 1 clients
2026/07/07 10:59:41 Broadcasting topology update to 1 clients
2026/07/07 10:59:42 "GET http://localhost:9280/api/resources/jobs/default/fk-vault-restore-20260707-105806?group=batch HTTP/1.1" from [::1]:33464 - 404 94B in 162.049µs
2026/07/07 10:59:42 "GET http://localhost:9280/api/resources/pods/default/fk-vault-restore-20260707-105806-ftlgx HTTP/1.1" from [::1]:33454 - 404 94B in 96.384µs
2026/07/07 10:59:42 "GET http://localhost:9280/api/resources/pods? HTTP/1.1" from [::1]:49208 - 200 10626B in 1.130777ms
2026/07/07 10:59:42 "GET http://localhost:9280/api/resource-counts? HTTP/1.1" from [::1]:40692 - 200 464B in 6.171271ms
2026/07/07 10:59:43 "GET http://localhost:9280/api/resources/jobs/default/fk-vault-restore-20260707-105806?group=batch HTTP/1.1" from [::1]:33464 - 404 94B in 101.363µs
2026/07/07 10:59:43 "GET http://localhost:9280/api/resources/pods/default/fk-vault-restore-20260707-105806-ftlgx HTTP/1.1" from [::1]:33454 - 404 94B in 41.67µs
2026/07/07 10:59:49 "GET http://localhost:9280/api/resources/pods? HTTP/1.1" from [::1]:33464 - 200 11897B in 1.123003ms
2026/07/07 10:59:50 "GET http://localhost:9280/api/audit HTTP/1.1" from [::1]:33464 - 200 8964B in 1.295381ms
2026/07/07 10:59:50 "GET http://localhost:9280/api/capabilities HTTP/1.1" from [::1]:33464 - 200 386B in 3.331466ms
2026/07/07 10:59:53 "GET http://localhost:9280/api/changes?namespace=default&kind=Pod&name=fk-vault-restore-20260707-105806-ftlgx&include_managed=true&since=2026-07-06T08%3A59%3A50.346Z&sources=k8s_event&limit=500 HTTP/1.1" from [::1]:33464 - 200 848B in 1.615623ms
2026/07/07 10:59:53 "GET http://localhost:9280/api/changes?namespace=default&kind=Pod&name=fk-vault-restore-20260707-105806-ftlgx&include_managed=true&since=2026-07-06T08%3A59%3A50.346Z&sources=informer%2Chistorical&limit=50 HTTP/1.1" from [::1]:49208 - 200 949B in 1.699332ms
2026/07/07 10:59:53 "GET http://localhost:9280/api/metrics/pods/default/fk-vault-restore-20260707-105806-ftlgx/history HTTP/1.1" from [::1]:33454 - 200 279B in 4.776402ms
2026/07/07 11:00:01 "GET http://localhost:9280/api/metrics/top/pods HTTP/1.1" from [::1]:33464 - 200 470B in 245.368µs
2026/07/07 11:00:02 Broadcasting topology update to 1 clients
2026/07/07 11:00:02 "GET http://localhost:9280/api/portforwards HTTP/1.1" from [::1]:33464 - 200 28B in 95.332µs
2026/07/07 11:00:03 Broadcasting topology update to 1 clients
2026/07/07 11:00:04 "GET http://localhost:9280/api/resources/pods/default/fk-vault-restore-20260707-105806-ftlgx HTTP/1.1" from [::1]:33464 - 404 94B in 170.796µs
2026/07/07 11:00:04 "GET http://localhost:9280/api/resources/jobs/default/fk-vault-restore-20260707-105806?group=batch HTTP/1.1" from [::1]:33454 - 404 94B in 157.55µs
2026/07/07 11:00:04 "GET http://localhost:9280/api/resources/pods? HTTP/1.1" from [::1]:49208 - 200 13011B in 2.271022ms
2026/07/07 11:00:04 "GET http://localhost:9280/api/secrets/certificate-expiry HTTP/1.1" from [::1]:33454 - 200 28B in 710.696µs
2026/07/07 11:00:04 "GET http://localhost:9280/api/resource-counts? HTTP/1.1" from [::1]:40692 - 200 470B in 9.415181ms
2026/07/07 11:00:04 Broadcasting topology update to 1 clients
2026/07/07 11:00:05 "GET http://localhost:9280/api/resources/pods/default/fk-vault-restore-20260707-105806-ftlgx HTTP/1.1" from [::1]:33454 - 404 94B in 290.465µs
2026/07/07 11:00:05 "GET http://localhost:9280/api/resources/jobs/default/fk-vault-restore-20260707-105806?group=batch HTTP/1.1" from [::1]:33464 - 404 94B in 525.722µs
2026/07/07 11:00:05 Broadcasting topology update to 1 clients
2026/07/07 11:00:06 Broadcasting topology update to 1 clients
2026/07/07 11:00:07 "GET http://localhost:9280/api/resources/pods/default/fk-vault-restore-20260707-105806-ftlgx HTTP/1.1" from [::1]:33464 - 404 94B in 105.652µs
2026/07/07 11:00:07 "GET http://localhost:9280/api/resources/jobs/default/fk-vault-restore-20260707-105806?group=batch HTTP/1.1" from [::1]:33454 - 404 94B in 67.879µs
2026/07/07 11:00:08 "GET http://localhost:9280/api/changes?namespace=default&kind=Pod&name=fk-vault-restore-20260707-105806-ftlgx&include_managed=true&since=2026-07-06T09%3A00%3A06.669Z&sources=k8s_event&limit=500 HTTP/1.1" from [::1]:33464 - 200 848B in 2.419967ms
2026/07/07 11:00:08 "GET http://localhost:9280/api/changes?namespace=default&kind=Pod&name=fk-vault-restore-20260707-105806-ftlgx&include_managed=true&since=2026-07-06T09%3A00%3A06.669Z&sources=informer%2Chistorical&limit=50 HTTP/1.1" from [::1]:33454 - 200 949B in 2.209344ms
2026/07/07 11:00:08 "GET http://localhost:9280/api/resources/pods/default/fk-vault-restore-20260707-105806-ftlgx HTTP/1.1" from [::1]:33464 - 404 94B in 161.328µs
2026/07/07 11:00:08 "GET http://localhost:9280/api/resources/jobs/default/fk-vault-restore-20260707-105806?group=batch HTTP/1.1" from [::1]:33464 - 404 94B in 247.151µs
2026/07/07 11:00:11 "GET http://localhost:9280/api/resources/jobs? HTTP/1.1" from [::1]:33464 - 200 1796B in 487.179µs
2026/07/07 11:00:14 "GET http://localhost:9280/api/resources/pods/default/fk-vault-restore-20260707-110000-45j66 HTTP/1.1" from [::1]:33464 - 200 2403B in 520.563µs
2026/07/07 11:00:14 "GET http://localhost:9280/api/changes?namespace=default&kind=Pod&name=fk-vault-restore-20260707-110000-45j66&include_managed=true&since=2026-07-06T09%3A00%3A14.600Z&sources=k8s_event&limit=500 HTTP/1.1" from [::1]:33464 - 200 599B in 1.929961ms
2026/07/07 11:00:14 "GET http://localhost:9280/api/changes?namespace=default&kind=Pod&name=fk-vault-restore-20260707-110000-45j66&include_managed=true&since=2026-07-06T09%3A00%3A14.600Z&sources=informer%2Chistorical&limit=50 HTTP/1.1" from [::1]:33454 - 200 866B in 1.799503ms
2026/07/07 11:00:14 "GET http://localhost:9280/api/resources/pods/default/fk-vault-restore-20260707-110000-45j66/cascade-preview HTTP/1.1" from [::1]:49208 - 200 136B in 150.397µs
2026/07/07 11:00:14 "GET http://localhost:9280/api/issues/resource/pods/default/fk-vault-restore-20260707-110000-45j66 HTTP/1.1" from [::1]:40692 - 200 28B in 1.580556ms
2026/07/07 11:00:14 "GET http://localhost:9280/api/capabilities?namespace=default HTTP/1.1" from [::1]:33464 - 200 386B in 5.799568ms
2026/07/07 11:00:14 "GET http://localhost:9280/api/prometheus/status HTTP/1.1" from [::1]:49208 - 200 89B in 118.877µs
2026/07/07 11:00:14 "GET http://localhost:9280/api/rbac/subject/ServiceAccount/default/fk-vault HTTP/1.1" from [::1]:40692 - 200 658B in 613.751µs
2026/07/07 11:00:14 "GET http://localhost:9280/api/metrics/pods/default/fk-vault-restore-20260707-110000-45j66/history HTTP/1.1" from [::1]:33454 - 200 280B in 6.252508ms
2026/07/07 11:00:14 "GET http://localhost:9280/api/portforwards/available/pod/default/fk-vault-restore-20260707-110000-45j66 HTTP/1.1" from [::1]:33464 - 200 40B in 8.402967ms
2026/07/07 11:00:14 "GET http://localhost:9280/api/resources/jobs/default/fk-vault-restore-20260707-110000?group=batch HTTP/1.1" from [::1]:40692 - 200 1556B in 1.920616ms
2026/07/07 11:00:14 "GET http://localhost:9280/api/audit/resource/Pod/default/fk-vault-restore-20260707-110000-45j66 HTTP/1.1" from [::1]:49208 - 200 28B in 7.867083ms
2026/07/07 11:00:14 "GET http://localhost:9280/api/cluster-info HTTP/1.1" from [::1]:33454 - 200 152B in 2.622574ms
2026/07/07 11:00:15 [prometheus] Connection failed: no Prometheus service found in cluster
2026/07/07 11:00:15 "POST http://localhost:9280/api/prometheus/connect?optional=true HTTP/1.1" from [::1]:33464 - 200 127B in 79.810918ms
2026/07/07 11:00:16 "GET http://localhost:9280/api/resources/pods? HTTP/1.1" from [::1]:33464 - 200 12916B in 1.711355ms
2026/07/07 11:00:29 "GET http://localhost:9280/api/changes?namespace=default&kind=Pod&name=fk-vault-restore-20260707-110000-45j66&include_managed=true&since=2026-07-06T09%3A00%3A14.809Z&sources=k8s_event&limit=500 HTTP/1.1" from [::1]:33464 - 200 599B in 1.284661ms
2026/07/07 11:00:29 "GET http://localhost:9280/api/changes?namespace=default&kind=Pod&name=fk-vault-restore-20260707-110000-45j66&include_managed=true&since=2026-07-06T09%3A00%3A14.809Z&sources=informer%2Chistorical&limit=50 HTTP/1.1" from [::1]:33454 - 200 866B in 1.327964ms
2026/07/07 11:00:32 "GET http://localhost:9280/api/portforwards HTTP/1.1" from [::1]:33464 - 200 28B in 113.797µs
2026/07/07 11:00:36 Broadcasting topology update to 1 clients
2026/07/07 11:00:38 "GET http://localhost:9280/api/resources/jobs/default/fk-vault-restore-20260707-110000?group=batch HTTP/1.1" from [::1]:33454 - 200 1556B in 444.659µs
2026/07/07 11:00:38 "GET http://localhost:9280/api/resources/pods/default/fk-vault-restore-20260707-110000-45j66 HTTP/1.1" from [::1]:33464 - 200 2403B in 705.386µs
2026/07/07 11:00:38 "GET http://localhost:9280/api/resources/pods? HTTP/1.1" from [::1]:49208 - 200 12544B in 2.909511ms
2026/07/07 11:00:38 API resource discovery took 7.816394ms
2026/07/07 11:00:38 Discovered 66 API resources (63 unique kinds)
2026/07/07 11:00:38 "GET http://localhost:9280/api/resource-counts? HTTP/1.1" from [::1]:40692 - 200 470B in 15.410644ms
2026/07/07 11:00:43 "GET http://localhost:9280/api/metrics/top/pods HTTP/1.1" from [::1]:33464 - 200 442B in 142.491µs
2026/07/07 11:00:44 "GET http://localhost:9280/api/changes?namespace=default&kind=Pod&name=fk-vault-restore-20260707-110000-45j66&include_managed=true&since=2026-07-06T09%3A00%3A36.033Z&sources=informer%2Chistorical&limit=50 HTTP/1.1" from [::1]:33454 - 200 866B in 1.106532ms
2026/07/07 11:00:44 "GET http://localhost:9280/api/changes?namespace=default&kind=Pod&name=fk-vault-restore-20260707-110000-45j66&include_managed=true&since=2026-07-06T09%3A00%3A36.033Z&sources=k8s_event&limit=500 HTTP/1.1" from [::1]:33464 - 200 599B in 1.438154ms
2026/07/07 11:00:44 "GET http://localhost:9280/api/metrics/pods/default/fk-vault-restore-20260707-110000-45j66/history HTTP/1.1" from [::1]:33464 - 200 280B in 3.225065ms
2026/07/07 11:00:50 "GET http://localhost:9280/api/audit HTTP/1.1" from [::1]:33464 - 200 8574B in 1.569233ms
2026/07/07 11:00:50 "GET http://localhost:9280/api/capabilities HTTP/1.1" from [::1]:33464 - 200 386B in 7.381892ms
2026/07/07 11:00:59 "GET http://localhost:9280/api/changes?namespace=default&kind=Pod&name=fk-vault-restore-20260707-110000-45j66&include_managed=true&since=2026-07-06T09%3A00%3A50.376Z&sources=k8s_event&limit=500 HTTP/1.1" from [::1]:33464 - 200 599B in 1.716925ms
2026/07/07 11:00:59 "GET http://localhost:9280/api/changes?namespace=default&kind=Pod&name=fk-vault-restore-20260707-110000-45j66&include_managed=true&since=2026-07-06T09%3A00%3A50.376Z&sources=informer%2Chistorical&limit=50 HTTP/1.1" from [::1]:33454 - 200 866B in 1.669565ms
2026/07/07 11:01:02 "GET http://localhost:9280/api/portforwards HTTP/1.1" from [::1]:33464 - 200 28B in 49.154µs
2026/07/07 11:01:04 "GET http://localhost:9280/api/secrets/certificate-expiry HTTP/1.1" from [::1]:33464 - 200 28B in 124.137µs
2026/07/07 11:01:13 "GET http://localhost:9280/api/metrics/top/pods HTTP/1.1" from [::1]:33464 - 200 442B in 685.036µs
2026/07/07 11:01:14 "GET http://localhost:9280/api/changes?namespace=default&kind=Pod&name=fk-vault-restore-20260707-110000-45j66&include_managed=true&since=2026-07-06T09%3A00%3A50.376Z&sources=k8s_event&limit=500 HTTP/1.1" from [::1]:33464 - 200 599B in 1.627325ms
2026/07/07 11:01:14 "GET http://localhost:9280/api/changes?namespace=default&kind=Pod&name=fk-vault-restore-20260707-110000-45j66&include_managed=true&since=2026-07-06T09%3A00%3A50.376Z&sources=informer%2Chistorical&limit=50 HTTP/1.1" from [::1]:33454 - 200 866B in 1.481526ms
2026/07/07 11:01:14 "GET http://localhost:9280/api/metrics/pods/default/fk-vault-restore-20260707-110000-45j66/history HTTP/1.1" from [::1]:33464 - 200 280B in 3.904669ms
2026/07/07 11:01:15 "GET http://localhost:9280/api/prometheus/status HTTP/1.1" from [::1]:33464 - 200 89B in 135.078µs
2026/07/07 11:01:29 "GET http://localhost:9280/api/changes?namespace=default&kind=Pod&name=fk-vault-restore-20260707-110000-45j66&include_managed=true&since=2026-07-06T09%3A00%3A50.376Z&sources=informer%2Chistorical&limit=50 HTTP/1.1" from [::1]:33454 - 200 866B in 1.500913ms
2026/07/07 11:01:29 "GET http://localhost:9280/api/changes?namespace=default&kind=Pod&name=fk-vault-restore-20260707-110000-45j66&include_managed=true&since=2026-07-06T09%3A00%3A50.376Z&sources=k8s_event&limit=500 HTTP/1.1" from [::1]:33464 - 200 599B in 2.585862ms
2026/07/07 11:01:32 "GET http://localhost:9280/api/portforwards HTTP/1.1" from [::1]:33464 - 200 28B in 86.124µs
2026/07/07 11:01:33 Broadcasting topology update to 1 clients
2026/07/07 11:01:38 "GET http://localhost:9280/api/resource-counts? HTTP/1.1" from [::1]:33464 - 200 470B in 10.457759ms
2026/07/07 11:01:43 "GET http://localhost:9280/api/metrics/top/pods HTTP/1.1" from [::1]:33464 - 200 483B in 366.8µs
2026/07/07 11:01:44 "GET http://localhost:9280/api/changes?namespace=default&kind=Pod&name=fk-vault-restore-20260707-110000-45j66&include_managed=true&since=2026-07-06T09%3A01%3A33.692Z&sources=informer%2Chistorical&limit=50 HTTP/1.1" from [::1]:33464 - 200 866B in 1.489031ms
2026/07/07 11:01:44 "GET http://localhost:9280/api/changes?namespace=default&kind=Pod&name=fk-vault-restore-20260707-110000-45j66&include_managed=true&since=2026-07-06T09%3A01%3A33.692Z&sources=k8s_event&limit=500 HTTP/1.1" from [::1]:33454 - 200 599B in 1.379241ms
2026/07/07 11:01:44 "GET http://localhost:9280/api/metrics/pods/default/fk-vault-restore-20260707-110000-45j66/history HTTP/1.1" from [::1]:33464 - 200 280B in 6.000899ms
2026/07/07 11:01:50 "GET http://localhost:9280/api/audit HTTP/1.1" from [::1]:33464 - 200 8633B in 8.217466ms
2026/07/07 11:01:50 "GET http://localhost:9280/api/capabilities HTTP/1.1" from [::1]:33464 - 200 386B in 6.723437ms
2026/07/07 11:01:59 "GET http://localhost:9280/api/changes?namespace=default&kind=Pod&name=fk-vault-restore-20260707-110000-45j66&include_managed=true&since=2026-07-06T09%3A01%3A50.403Z&sources=informer%2Chistorical&limit=50 HTTP/1.1" from [::1]:33464 - 200 866B in 1.564846ms
2026/07/07 11:01:59 "GET http://localhost:9280/api/changes?namespace=default&kind=Pod&name=fk-vault-restore-20260707-110000-45j66&include_managed=true&since=2026-07-06T09%3A01%3A50.403Z&sources=k8s_event&limit=500 HTTP/1.1" from [::1]:33454 - 200 599B in 1.58813ms
2026/07/07 11:02:02 "GET http://localhost:9280/api/portforwards HTTP/1.1" from [::1]:33464 - 200 28B in 86.755µs
2026/07/07 11:02:04 "GET http://localhost:9280/api/secrets/certificate-expiry HTTP/1.1" from [::1]:33464 - 200 28B in 131.05µs
2026/07/07 11:02:13 "GET http://localhost:9280/api/metrics/top/pods HTTP/1.1" from [::1]:33464 - 200 442B in 255.668µs
2026/07/07 11:02:14 "GET http://localhost:9280/api/changes?namespace=default&kind=Pod&name=fk-vault-restore-20260707-110000-45j66&include_managed=true&since=2026-07-06T09%3A01%3A50.403Z&sources=k8s_event&limit=500 HTTP/1.1" from [::1]:49208 - 200 599B in 2.815671ms
2026/07/07 11:02:14 "GET http://localhost:9280/api/changes?namespace=default&kind=Pod&name=fk-vault-restore-20260707-110000-45j66&include_managed=true&since=2026-07-06T09%3A01%3A50.403Z&sources=informer%2Chistorical&limit=50 HTTP/1.1" from [::1]:33454 - 200 866B in 4.388596ms
2026/07/07 11:02:14 "GET http://localhost:9280/api/metrics/pods/default/fk-vault-restore-20260707-110000-45j66/history HTTP/1.1" from [::1]:33464 - 200 280B in 6.190114ms
2026/07/07 11:02:15 "GET http://localhost:9280/api/prometheus/status HTTP/1.1" from [::1]:33464 - 200 89B in 137.803µs
2026/07/07 11:02:29 "GET http://localhost:9280/api/changes?namespace=default&kind=Pod&name=fk-vault-restore-20260707-110000-45j66&include_managed=true&since=2026-07-06T09%3A01%3A50.403Z&sources=informer%2Chistorical&limit=50 HTTP/1.1" from [::1]:33454 - 200 866B in 1.689062ms
2026/07/07 11:02:29 "GET http://localhost:9280/api/changes?namespace=default&kind=Pod&name=fk-vault-restore-20260707-110000-45j66&include_managed=true&since=2026-07-06T09%3A01%3A50.403Z&sources=k8s_event&limit=500 HTTP/1.1" from [::1]:33464 - 200 599B in 2.081671ms
2026/07/07 11:02:32 "GET http://localhost:9280/api/portforwards HTTP/1.1" from [::1]:33464 - 200 28B in 486.829µs
2026/07/07 11:02:38 "GET http://localhost:9280/api/resources/pods? HTTP/1.1" from [::1]:33464 - 200 11952B in 1.488279ms
2026/07/07 11:02:38 "GET http://localhost:9280/api/resource-counts? HTTP/1.1" from [::1]:33464 - 200 470B in 4.921901ms
2026/07/07 11:02:43 "GET http://localhost:9280/api/metrics/top/pods HTTP/1.1" from [::1]:33464 - 200 469B in 219.99µs
2026/07/07 11:02:44 "GET http://localhost:9280/api/metrics/pods/default/fk-vault-restore-20260707-110000-45j66/history HTTP/1.1" from [::1]:33464 - 200 280B in 3.964091ms
2026/07/07 11:02:44 "GET http://localhost:9280/api/changes?namespace=default&kind=Pod&name=fk-vault-restore-20260707-110000-45j66&include_managed=true&since=2026-07-06T09%3A01%3A50.403Z&sources=k8s_event&limit=500 HTTP/1.1" from [::1]:33454 - 200 599B in 1.827527ms
2026/07/07 11:02:44 "GET http://localhost:9280/api/changes?namespace=default&kind=Pod&name=fk-vault-restore-20260707-110000-45j66&include_managed=true&since=2026-07-06T09%3A01%3A50.403Z&sources=informer%2Chistorical&limit=50 HTTP/1.1" from [::1]:33464 - 200 866B in 1.729049ms
2026/07/07 11:02:50 "GET http://localhost:9280/api/audit HTTP/1.1" from [::1]:33464 - 200 8574B in 1.99188ms
2026/07/07 11:02:50 "GET http://localhost:9280/api/capabilities HTTP/1.1" from [::1]:33464 - 200 386B in 12.451904ms
2026/07/07 11:02:59 "GET http://localhost:9280/api/changes?namespace=default&kind=Pod&name=fk-vault-restore-20260707-110000-45j66&include_managed=true&since=2026-07-06T09%3A02%3A50.415Z&sources=k8s_event&limit=500 HTTP/1.1" from [::1]:33464 - 200 599B in 1.953917ms
2026/07/07 11:02:59 "GET http://localhost:9280/api/changes?namespace=default&kind=Pod&name=fk-vault-restore-20260707-110000-45j66&include_managed=true&since=2026-07-06T09%3A02%3A50.415Z&sources=informer%2Chistorical&limit=50 HTTP/1.1" from [::1]:33454 - 200 866B in 2.603146ms
2026/07/07 11:03:02 "GET http://localhost:9280/api/portforwards HTTP/1.1" from [::1]:33464 - 200 28B in 156.99µs
2026/07/07 11:03:04 "GET http://localhost:9280/api/secrets/certificate-expiry HTTP/1.1" from [::1]:33464 - 200 28B in 213.046µs
2026/07/07 11:03:13 "GET http://localhost:9280/api/metrics/top/pods HTTP/1.1" from [::1]:33464 - 200 469B in 310.552µs
2026/07/07 11:03:14 "GET http://localhost:9280/api/metrics/pods/default/fk-vault-restore-20260707-110000-45j66/history HTTP/1.1" from [::1]:33464 - 200 280B in 7.107179ms
2026/07/07 11:03:14 "GET http://localhost:9280/api/changes?namespace=default&kind=Pod&name=fk-vault-restore-20260707-110000-45j66&include_managed=true&since=2026-07-06T09%3A02%3A50.415Z&sources=k8s_event&limit=500 HTTP/1.1" from [::1]:33464 - 200 599B in 2.972241ms
2026/07/07 11:03:14 "GET http://localhost:9280/api/changes?namespace=default&kind=Pod&name=fk-vault-restore-20260707-110000-45j66&include_managed=true&since=2026-07-06T09%3A02%3A50.415Z&sources=informer%2Chistorical&limit=50 HTTP/1.1" from [::1]:33454 - 200 866B in 4.420945ms
2026/07/07 11:03:15 "GET http://localhost:9280/api/prometheus/status HTTP/1.1" from [::1]:33464 - 200 89B in 182.268µs
2026/07/07 11:03:30 "GET http://localhost:9280/api/changes?namespace=default&kind=Pod&name=fk-vault-restore-20260707-110000-45j66&include_managed=true&since=2026-07-06T09%3A02%3A50.415Z&sources=k8s_event&limit=500 HTTP/1.1" from [::1]:33464 - 200 599B in 1.626633ms
2026/07/07 11:03:30 "GET http://localhost:9280/api/changes?namespace=default&kind=Pod&name=fk-vault-restore-20260707-110000-45j66&include_managed=true&since=2026-07-06T09%3A02%3A50.415Z&sources=informer%2Chistorical&limit=50 HTTP/1.1" from [::1]:33454 - 200 866B in 1.50467ms
2026/07/07 11:03:32 "GET http://localhost:9280/api/portforwards HTTP/1.1" from [::1]:33464 - 200 28B in 68.581µs
2026/07/07 11:03:38 "GET http://localhost:9280/api/resource-counts? HTTP/1.1" from [::1]:33464 - 200 470B in 5.793472ms
2026/07/07 11:03:43 "GET http://localhost:9280/api/metrics/top/pods HTTP/1.1" from [::1]:33464 - 200 439B in 381.819µs
2026/07/07 11:03:44 "GET http://localhost:9280/api/metrics/pods/default/fk-vault-restore-20260707-110000-45j66/history HTTP/1.1" from [::1]:33464 - 200 280B in 3.143085ms
2026/07/07 11:03:45 "GET http://localhost:9280/api/changes?namespace=default&kind=Pod&name=fk-vault-restore-20260707-110000-45j66&include_managed=true&since=2026-07-06T09%3A02%3A50.415Z&sources=k8s_event&limit=500 HTTP/1.1" from [::1]:33464 - 200 599B in 1.197925ms
2026/07/07 11:03:45 "GET http://localhost:9280/api/changes?namespace=default&kind=Pod&name=fk-vault-restore-20260707-110000-45j66&include_managed=true&since=2026-07-06T09%3A02%3A50.415Z&sources=informer%2Chistorical&limit=50 HTTP/1.1" from [::1]:33454 - 200 866B in 1.086492ms
2026/07/07 11:03:50 "GET http://localhost:9280/api/audit HTTP/1.1" from [::1]:33464 - 200 8633B in 2.027658ms
2026/07/07 11:03:50 "GET http://localhost:9280/api/capabilities HTTP/1.1" from [::1]:33464 - 200 386B in 4.116573ms
2026/07/07 11:04:00 "GET http://localhost:9280/api/changes?namespace=default&kind=Pod&name=fk-vault-restore-20260707-110000-45j66&include_managed=true&since=2026-07-06T09%3A03%3A50.444Z&sources=k8s_event&limit=500 HTTP/1.1" from [::1]:33464 - 200 599B in 1.700083ms
2026/07/07 11:04:00 "GET http://localhost:9280/api/changes?namespace=default&kind=Pod&name=fk-vault-restore-20260707-110000-45j66&include_managed=true&since=2026-07-06T09%3A03%3A50.444Z&sources=informer%2Chistorical&limit=50 HTTP/1.1" from [::1]:33454 - 200 866B in 1.852674ms
2026/07/07 11:04:02 "GET http://localhost:9280/api/portforwards HTTP/1.1" from [::1]:33464 - 200 28B in 80.904µs
2026/07/07 11:04:04 "GET http://localhost:9280/api/secrets/certificate-expiry HTTP/1.1" from [::1]:33464 - 200 28B in 111.322µs
2026/07/07 11:04:13 "GET http://localhost:9280/api/metrics/top/pods HTTP/1.1" from [::1]:33464 - 200 483B in 429.77µs
2026/07/07 11:04:14 "GET http://localhost:9280/api/metrics/pods/default/fk-vault-restore-20260707-110000-45j66/history HTTP/1.1" from [::1]:33464 - 200 280B in 6.642872ms
2026/07/07 11:04:15 "GET http://localhost:9280/api/changes?namespace=default&kind=Pod&name=fk-vault-restore-20260707-110000-45j66&include_managed=true&since=2026-07-06T09%3A03%3A50.444Z&sources=informer%2Chistorical&limit=50 HTTP/1.1" from [::1]:33454 - 200 866B in 1.682289ms
2026/07/07 11:04:15 "GET http://localhost:9280/api/changes?namespace=default&kind=Pod&name=fk-vault-restore-20260707-110000-45j66&include_managed=true&since=2026-07-06T09%3A03%3A50.444Z&sources=k8s_event&limit=500 HTTP/1.1" from [::1]:33464 - 200 599B in 2.009883ms
2026/07/07 11:04:15 "GET http://localhost:9280/api/prometheus/status HTTP/1.1" from [::1]:33464 - 200 89B in 136.49µs
2026/07/07 11:04:30 "GET http://localhost:9280/api/changes?namespace=default&kind=Pod&name=fk-vault-restore-20260707-110000-45j66&include_managed=true&since=2026-07-06T09%3A03%3A50.444Z&sources=informer%2Chistorical&limit=50 HTTP/1.1" from [::1]:33464 - 200 866B in 1.216651ms
2026/07/07 11:04:30 "GET http://localhost:9280/api/changes?namespace=default&kind=Pod&name=fk-vault-restore-20260707-110000-45j66&include_managed=true&since=2026-07-06T09%3A03%3A50.444Z&sources=k8s_event&limit=500 HTTP/1.1" from [::1]:33454 - 200 599B in 1.357039ms
2026/07/07 11:04:32 "GET http://localhost:9280/api/portforwards HTTP/1.1" from [::1]:33464 - 200 28B in 56.167µs
2026/07/07 11:04:38 "GET http://localhost:9280/api/resources/pods? HTTP/1.1" from [::1]:33464 - 200 12281B in 1.220068ms
2026/07/07 11:04:38 "GET http://localhost:9280/api/resource-counts? HTTP/1.1" from [::1]:33464 - 200 470B in 6.040644ms
2026/07/07 11:04:43 "GET http://localhost:9280/api/metrics/top/pods HTTP/1.1" from [::1]:33464 - 200 456B in 357.752µs
2026/07/07 11:04:45 "GET http://localhost:9280/api/metrics/pods/default/fk-vault-restore-20260707-110000-45j66/history HTTP/1.1" from [::1]:33464 - 200 280B in 2.932252ms
2026/07/07 11:04:45 "GET http://localhost:9280/api/changes?namespace=default&kind=Pod&name=fk-vault-restore-20260707-110000-45j66&include_managed=true&since=2026-07-06T09%3A03%3A50.444Z&sources=k8s_event&limit=500 HTTP/1.1" from [::1]:33454 - 200 599B in 1.521863ms
2026/07/07 11:04:45 "GET http://localhost:9280/api/changes?namespace=default&kind=Pod&name=fk-vault-restore-20260707-110000-45j66&include_managed=true&since=2026-07-06T09%3A03%3A50.444Z&sources=informer%2Chistorical&limit=50 HTTP/1.1" from [::1]:33464 - 200 866B in 1.75597ms
2026/07/07 11:04:50 "GET http://localhost:9280/api/audit HTTP/1.1" from [::1]:33464 - 200 8574B in 2.407242ms
2026/07/07 11:04:50 "GET http://localhost:9280/api/capabilities HTTP/1.1" from [::1]:33464 - 200 386B in 6.841982ms
2026/07/07 11:05:00 "GET http://localhost:9280/api/changes?namespace=default&kind=Pod&name=fk-vault-restore-20260707-110000-45j66&include_managed=true&since=2026-07-06T09%3A04%3A50.457Z&sources=informer%2Chistorical&limit=50 HTTP/1.1" from [::1]:33464 - 200 866B in 1.498679ms
2026/07/07 11:05:00 "GET http://localhost:9280/api/changes?namespace=default&kind=Pod&name=fk-vault-restore-20260707-110000-45j66&include_managed=true&since=2026-07-06T09%3A04%3A50.457Z&sources=k8s_event&limit=500 HTTP/1.1" from [::1]:33454 - 200 599B in 1.722676ms
2026/07/07 11:05:02 "GET http://localhost:9280/api/portforwards HTTP/1.1" from [::1]:33464 - 200 28B in 79.081µs
2026/07/07 11:05:04 "GET http://localhost:9280/api/secrets/certificate-expiry HTTP/1.1" from [::1]:33464 - 200 28B in 140.167µs
2026/07/07 11:05:13 "GET http://localhost:9280/api/metrics/top/pods HTTP/1.1" from [::1]:33464 - 200 468B in 327.165µs
2026/07/07 11:05:15 "GET http://localhost:9280/api/metrics/pods/default/fk-vault-restore-20260707-110000-45j66/history HTTP/1.1" from [::1]:33464 - 200 280B in 3.068521ms
2026/07/07 11:05:15 "GET http://localhost:9280/api/changes?namespace=default&kind=Pod&name=fk-vault-restore-20260707-110000-45j66&include_managed=true&since=2026-07-06T09%3A04%3A50.457Z&sources=k8s_event&limit=500 HTTP/1.1" from [::1]:33464 - 200 599B in 1.488049ms
2026/07/07 11:05:15 "GET http://localhost:9280/api/changes?namespace=default&kind=Pod&name=fk-vault-restore-20260707-110000-45j66&include_managed=true&since=2026-07-06T09%3A04%3A50.457Z&sources=informer%2Chistorical&limit=50 HTTP/1.1" from [::1]:33454 - 200 866B in 1.383078ms
2026/07/07 11:05:15 "GET http://localhost:9280/api/prometheus/status HTTP/1.1" from [::1]:33464 - 200 89B in 681.951µs
2026/07/07 11:05:30 "GET http://localhost:9280/api/changes?namespace=default&kind=Pod&name=fk-vault-restore-20260707-110000-45j66&include_managed=true&since=2026-07-06T09%3A04%3A50.457Z&sources=informer%2Chistorical&limit=50 HTTP/1.1" from [::1]:33454 - 200 866B in 1.19474ms
2026/07/07 11:05:30 "GET http://localhost:9280/api/changes?namespace=default&kind=Pod&name=fk-vault-restore-20260707-110000-45j66&include_managed=true&since=2026-07-06T09%3A04%3A50.457Z&sources=k8s_event&limit=500 HTTP/1.1" from [::1]:33464 - 200 599B in 1.317003ms
2026/07/07 11:05:32 "GET http://localhost:9280/api/portforwards HTTP/1.1" from [::1]:33464 - 200 28B in 54.604µs
2026/07/07 11:05:38 API resource discovery took 5.399901ms
2026/07/07 11:05:38 Discovered 66 API resources (63 unique kinds)
2026/07/07 11:05:38 "GET http://localhost:9280/api/resource-counts? HTTP/1.1" from [::1]:33464 - 200 470B in 11.399187ms
2026/07/07 11:05:43 "GET http://localhost:9280/api/metrics/top/pods HTTP/1.1" from [::1]:33464 - 200 439B in 312.857µs
2026/07/07 11:05:45 "GET http://localhost:9280/api/metrics/pods/default/fk-vault-restore-20260707-110000-45j66/history HTTP/1.1" from [::1]:33464 - 200 280B in 5.301374ms
2026/07/07 11:05:45 "GET http://localhost:9280/api/changes?namespace=default&kind=Pod&name=fk-vault-restore-20260707-110000-45j66&include_managed=true&since=2026-07-06T09%3A04%3A50.457Z&sources=informer%2Chistorical&limit=50 HTTP/1.1" from [::1]:33464 - 200 866B in 1.810985ms
2026/07/07 11:05:45 "GET http://localhost:9280/api/changes?namespace=default&kind=Pod&name=fk-vault-restore-20260707-110000-45j66&include_managed=true&since=2026-07-06T09%3A04%3A50.457Z&sources=k8s_event&limit=500 HTTP/1.1" from [::1]:33454 - 200 599B in 1.699863ms
2026/07/07 11:05:50 "GET http://localhost:9280/api/audit HTTP/1.1" from [::1]:33464 - 200 8633B in 3.318009ms
2026/07/07 11:05:50 "GET http://localhost:9280/api/capabilities HTTP/1.1" from [::1]:33464 - 200 386B in 7.049588ms
2026/07/07 11:06:00 "GET http://localhost:9280/api/changes?namespace=default&kind=Pod&name=fk-vault-restore-20260707-110000-45j66&include_managed=true&since=2026-07-06T09%3A05%3A50.479Z&sources=informer%2Chistorical&limit=50 HTTP/1.1" from [::1]:33464 - 200 866B in 2.338521ms
2026/07/07 11:06:00 "GET http://localhost:9280/api/changes?namespace=default&kind=Pod&name=fk-vault-restore-20260707-110000-45j66&include_managed=true&since=2026-07-06T09%3A05%3A50.479Z&sources=k8s_event&limit=500 HTTP/1.1" from [::1]:33454 - 200 599B in 1.808059ms
2026/07/07 11:06:02 "GET http://localhost:9280/api/portforwards HTTP/1.1" from [::1]:33464 - 200 28B in 51.398µs
2026/07/07 11:06:04 "GET http://localhost:9280/api/secrets/certificate-expiry HTTP/1.1" from [::1]:33464 - 200 28B in 100.322µs
2026/07/07 11:06:13 "GET http://localhost:9280/api/metrics/top/pods HTTP/1.1" from [::1]:33464 - 200 456B in 212.946µs
2026/07/07 11:06:15 "GET http://localhost:9280/api/metrics/pods/default/fk-vault-restore-20260707-110000-45j66/history HTTP/1.1" from [::1]:33464 - 200 280B in 5.051346ms
2026/07/07 11:06:15 "GET http://localhost:9280/api/changes?namespace=default&kind=Pod&name=fk-vault-restore-20260707-110000-45j66&include_managed=true&since=2026-07-06T09%3A05%3A50.479Z&sources=informer%2Chistorical&limit=50 HTTP/1.1" from [::1]:33464 - 200 866B in 1.133983ms
2026/07/07 11:06:15 "GET http://localhost:9280/api/changes?namespace=default&kind=Pod&name=fk-vault-restore-20260707-110000-45j66&include_managed=true&since=2026-07-06T09%3A05%3A50.479Z&sources=k8s_event&limit=500 HTTP/1.1" from [::1]:33464 - 200 599B in 1.452892ms
2026/07/07 11:06:15 "GET http://localhost:9280/api/prometheus/status HTTP/1.1" from [::1]:33464 - 200 89B in 63.14µs
2026/07/07 11:06:30 "GET http://localhost:9280/api/changes?namespace=default&kind=Pod&name=fk-vault-restore-20260707-110000-45j66&include_managed=true&since=2026-07-06T09%3A05%3A50.479Z&sources=informer%2Chistorical&limit=50 HTTP/1.1" from [::1]:33464 - 200 866B in 1.361387ms
2026/07/07 11:06:30 "GET http://localhost:9280/api/changes?namespace=default&kind=Pod&name=fk-vault-restore-20260707-110000-45j66&include_managed=true&since=2026-07-06T09%3A05%3A50.479Z&sources=k8s_event&limit=500 HTTP/1.1" from [::1]:33454 - 200 599B in 1.235237ms
2026/07/07 11:06:32 "GET http://localhost:9280/api/portforwards HTTP/1.1" from [::1]:33464 - 200 28B in 95.722µs
2026/07/07 11:06:38 "GET http://localhost:9280/api/resources/pods? HTTP/1.1" from [::1]:33464 - 200 12421B in 1.538545ms
2026/07/07 11:06:38 "GET http://localhost:9280/api/resource-counts? HTTP/1.1" from [::1]:33464 - 200 470B in 5.202805ms
2026/07/07 11:06:39 Broadcasting topology update to 1 clients
2026/07/07 11:06:43 "GET http://localhost:9280/api/metrics/top/pods HTTP/1.1" from [::1]:33464 - 200 469B in 1.117622ms
2026/07/07 11:06:45 "GET http://localhost:9280/api/metrics/pods/default/fk-vault-restore-20260707-110000-45j66/history HTTP/1.1" from [::1]:33464 - 200 280B in 4.105782ms
2026/07/07 11:06:45 "GET http://localhost:9280/api/changes?namespace=default&kind=Pod&name=fk-vault-restore-20260707-110000-45j66&include_managed=true&since=2026-07-06T09%3A06%3A39.837Z&sources=informer%2Chistorical&limit=50 HTTP/1.1" from [::1]:33464 - 200 866B in 1.931084ms
2026/07/07 11:06:45 "GET http://localhost:9280/api/changes?namespace=default&kind=Pod&name=fk-vault-restore-20260707-110000-45j66&include_managed=true&since=2026-07-06T09%3A06%3A39.837Z&sources=k8s_event&limit=500 HTTP/1.1" from [::1]:33454 - 200 599B in 1.736733ms
2026/07/07 11:06:50 "GET http://localhost:9280/api/audit HTTP/1.1" from [::1]:33464 - 200 8574B in 3.594978ms
2026/07/07 11:06:50 "GET http://localhost:9280/api/capabilities HTTP/1.1" from [::1]:33464 - 200 386B in 8.088221ms
2026/07/07 11:07:00 "GET http://localhost:9280/api/changes?namespace=default&kind=Pod&name=fk-vault-restore-20260707-110000-45j66&include_managed=true&since=2026-07-06T09%3A06%3A50.504Z&sources=k8s_event&limit=500 HTTP/1.1" from [::1]:33454 - 200 599B in 1.107112ms
2026/07/07 11:07:00 "GET http://localhost:9280/api/changes?namespace=default&kind=Pod&name=fk-vault-restore-20260707-110000-45j66&include_managed=true&since=2026-07-06T09%3A06%3A50.504Z&sources=informer%2Chistorical&limit=50 HTTP/1.1" from [::1]:33464 - 200 866B in 1.641402ms
2026/07/07 11:07:02 "GET http://localhost:9280/api/portforwards HTTP/1.1" from [::1]:33464 - 200 28B in 46.97µs
2026/07/07 11:07:04 "GET http://localhost:9280/api/secrets/certificate-expiry HTTP/1.1" from [::1]:33464 - 200 28B in 195.243µs
2026/07/07 11:07:13 "GET http://localhost:9280/api/metrics/top/pods HTTP/1.1" from [::1]:33464 - 200 456B in 465.127µs
2026/07/07 11:07:15 "GET http://localhost:9280/api/metrics/pods/default/fk-vault-restore-20260707-110000-45j66/history HTTP/1.1" from [::1]:33464 - 200 280B in 3.032535ms
2026/07/07 11:07:15 "GET http://localhost:9280/api/changes?namespace=default&kind=Pod&name=fk-vault-restore-20260707-110000-45j66&include_managed=true&since=2026-07-06T09%3A06%3A50.504Z&sources=k8s_event&limit=500 HTTP/1.1" from [::1]:33464 - 200 599B in 1.74001ms
2026/07/07 11:07:15 "GET http://localhost:9280/api/changes?namespace=default&kind=Pod&name=fk-vault-restore-20260707-110000-45j66&include_managed=true&since=2026-07-06T09%3A06%3A50.504Z&sources=informer%2Chistorical&limit=50 HTTP/1.1" from [::1]:33464 - 200 866B in 2.218452ms
2026/07/07 11:07:15 "GET http://localhost:9280/api/prometheus/status HTTP/1.1" from [::1]:33464 - 200 89B in 218.287µs
2026/07/07 11:07:30 "GET http://localhost:9280/api/changes?namespace=default&kind=Pod&name=fk-vault-restore-20260707-110000-45j66&include_managed=true&since=2026-07-06T09%3A06%3A50.504Z&sources=k8s_event&limit=500 HTTP/1.1" from [::1]:33464 - 200 599B in 1.500583ms
2026/07/07 11:07:30 "GET http://localhost:9280/api/changes?namespace=default&kind=Pod&name=fk-vault-restore-20260707-110000-45j66&include_managed=true&since=2026-07-06T09%3A06%3A50.504Z&sources=informer%2Chistorical&limit=50 HTTP/1.1" from [::1]:33454 - 200 866B in 2.536138ms
2026/07/07 11:07:32 "GET http://localhost:9280/api/portforwards HTTP/1.1" from [::1]:33464 - 200 28B in 51.649µs
2026/07/07 11:07:38 "GET http://localhost:9280/api/resource-counts? HTTP/1.1" from [::1]:33464 - 200 470B in 6.189993ms
2026/07/07 11:07:43 "GET http://localhost:9280/api/metrics/top/pods HTTP/1.1" from [::1]:33464 - 200 442B in 231.362µs
2026/07/07 11:07:45 "GET http://localhost:9280/api/metrics/pods/default/fk-vault-restore-20260707-110000-45j66/history HTTP/1.1" from [::1]:33464 - 200 280B in 3.55922ms
2026/07/07 11:07:45 "GET http://localhost:9280/api/changes?namespace=default&kind=Pod&name=fk-vault-restore-20260707-110000-45j66&include_managed=true&since=2026-07-06T09%3A06%3A50.504Z&sources=k8s_event&limit=500 HTTP/1.1" from [::1]:33464 - 200 599B in 1.418667ms
2026/07/07 11:07:45 "GET http://localhost:9280/api/changes?namespace=default&kind=Pod&name=fk-vault-restore-20260707-110000-45j66&include_managed=true&since=2026-07-06T09%3A06%3A50.504Z&sources=informer%2Chistorical&limit=50 HTTP/1.1" from [::1]:33454 - 200 866B in 1.31058ms
2026/07/07 11:07:50 "GET http://localhost:9280/api/audit HTTP/1.1" from [::1]:33464 - 200 8574B in 6.033651ms
2026/07/07 11:07:50 "GET http://localhost:9280/api/capabilities HTTP/1.1" from [::1]:33454 - 200 386B in 14.088196ms
2026/07/07 11:08:00 "GET http://localhost:9280/api/changes?namespace=default&kind=Pod&name=fk-vault-restore-20260707-110000-45j66&include_managed=true&since=2026-07-06T09%3A06%3A50.504Z&sources=k8s_event&limit=500 HTTP/1.1" from [::1]:33464 - 200 599B in 1.696366ms
2026/07/07 11:08:00 "GET http://localhost:9280/api/changes?namespace=default&kind=Pod&name=fk-vault-restore-20260707-110000-45j66&include_managed=true&since=2026-07-06T09%3A06%3A50.504Z&sources=informer%2Chistorical&limit=50 HTTP/1.1" from [::1]:33454 - 200 866B in 2.594141ms
2026/07/07 11:08:02 "GET http://localhost:9280/api/portforwards HTTP/1.1" from [::1]:33464 - 200 28B in 49.194µs
2026/07/07 11:08:04 "GET http://localhost:9280/api/secrets/certificate-expiry HTTP/1.1" from [::1]:33464 - 200 28B in 147.843µs
2026/07/07 11:08:13 "GET http://localhost:9280/api/metrics/top/pods HTTP/1.1" from [::1]:33464 - 200 458B in 201.715µs
2026/07/07 11:08:15 "GET http://localhost:9280/api/changes?namespace=default&kind=Pod&name=fk-vault-restore-20260707-110000-45j66&include_managed=true&since=2026-07-06T09%3A06%3A50.504Z&sources=k8s_event&limit=500 HTTP/1.1" from [::1]:33454 - 200 599B in 1.857403ms
2026/07/07 11:08:15 "GET http://localhost:9280/api/metrics/pods/default/fk-vault-restore-20260707-110000-45j66/history HTTP/1.1" from [::1]:33464 - 200 280B in 4.388043ms
2026/07/07 11:08:15 "GET http://localhost:9280/api/changes?namespace=default&kind=Pod&name=fk-vault-restore-20260707-110000-45j66&include_managed=true&since=2026-07-06T09%3A06%3A50.504Z&sources=informer%2Chistorical&limit=50 HTTP/1.1" from [::1]:43648 - 200 866B in 1.571778ms
2026/07/07 11:08:15 "GET http://localhost:9280/api/prometheus/status HTTP/1.1" from [::1]:33464 - 200 89B in 66.667µs
2026/07/07 11:08:30 "GET http://localhost:9280/api/changes?namespace=default&kind=Pod&name=fk-vault-restore-20260707-110000-45j66&include_managed=true&since=2026-07-06T09%3A06%3A50.504Z&sources=k8s_event&limit=500 HTTP/1.1" from [::1]:33464 - 200 599B in 1.064491ms
2026/07/07 11:08:30 "GET http://localhost:9280/api/changes?namespace=default&kind=Pod&name=fk-vault-restore-20260707-110000-45j66&include_managed=true&since=2026-07-06T09%3A06%3A50.504Z&sources=informer%2Chistorical&limit=50 HTTP/1.1" from [::1]:33464 - 200 866B in 1.736022ms
2026/07/07 11:08:32 "GET http://localhost:9280/api/portforwards HTTP/1.1" from [::1]:33464 - 200 28B in 75.354µs
2026/07/07 11:08:38 "GET http://localhost:9280/api/resources/pods? HTTP/1.1" from [::1]:33464 - 200 12421B in 1.742634ms
2026/07/07 11:08:38 "GET http://localhost:9280/api/resource-counts? HTTP/1.1" from [::1]:33464 - 200 470B in 4.50265ms
2026/07/07 11:08:43 "GET http://localhost:9280/api/metrics/top/pods HTTP/1.1" from [::1]:33464 - 200 483B in 385.585µs
2026/07/07 11:08:45 "GET http://localhost:9280/api/changes?namespace=default&kind=Pod&name=fk-vault-restore-20260707-110000-45j66&include_managed=true&since=2026-07-06T09%3A06%3A50.504Z&sources=k8s_event&limit=500 HTTP/1.1" from [::1]:33454 - 200 599B in 1.690575ms
2026/07/07 11:08:45 "GET http://localhost:9280/api/metrics/pods/default/fk-vault-restore-20260707-110000-45j66/history HTTP/1.1" from [::1]:33464 - 200 280B in 5.164782ms
2026/07/07 11:08:45 "GET http://localhost:9280/api/changes?namespace=default&kind=Pod&name=fk-vault-restore-20260707-110000-45j66&include_managed=true&since=2026-07-06T09%3A06%3A50.504Z&sources=informer%2Chistorical&limit=50 HTTP/1.1" from [::1]:33464 - 200 866B in 2.401361ms
2026/07/07 11:08:50 "GET http://localhost:9280/api/audit HTTP/1.1" from [::1]:33464 - 200 8633B in 2.000076ms
2026/07/07 11:08:50 "GET http://localhost:9280/api/capabilities HTTP/1.1" from [::1]:33464 - 200 386B in 5.566519ms
2026/07/07 11:09:00 "GET http://localhost:9280/api/changes?namespace=default&kind=Pod&name=fk-vault-restore-20260707-110000-45j66&include_managed=true&since=2026-07-06T09%3A08%3A50.746Z&sources=k8s_event&limit=500 HTTP/1.1" from [::1]:33464 - 200 599B in 1.16864ms
2026/07/07 11:09:00 "GET http://localhost:9280/api/changes?namespace=default&kind=Pod&name=fk-vault-restore-20260707-110000-45j66&include_managed=true&since=2026-07-06T09%3A08%3A50.746Z&sources=informer%2Chistorical&limit=50 HTTP/1.1" from [::1]:33464 - 200 866B in 1.179561ms
2026/07/07 11:09:02 "GET http://localhost:9280/api/portforwards HTTP/1.1" from [::1]:33464 - 200 28B in 52.089µs
2026/07/07 11:09:04 "GET http://localhost:9280/api/secrets/certificate-expiry HTTP/1.1" from [::1]:33464 - 200 28B in 135.428µs
2026/07/07 11:09:10 [metrics] Pod metrics collection failed (count=180): the server could not find the requested resource
2026/07/07 11:09:10 [metrics] Node metrics collection failed (count=180): the server could not find the requested resource
2026/07/07 11:09:13 "GET http://localhost:9280/api/metrics/top/pods HTTP/1.1" from [::1]:33464 - 200 456B in 202.697µs
2026/07/07 11:09:15 "GET http://localhost:9280/api/changes?namespace=default&kind=Pod&name=fk-vault-restore-20260707-110000-45j66&include_managed=true&since=2026-07-06T09%3A08%3A50.746Z&sources=k8s_event&limit=500 HTTP/1.1" from [::1]:33464 - 200 599B in 1.035275ms
2026/07/07 11:09:15 "GET http://localhost:9280/api/metrics/pods/default/fk-vault-restore-20260707-110000-45j66/history HTTP/1.1" from [::1]:33454 - 200 280B in 3.751566ms
2026/07/07 11:09:15 "GET http://localhost:9280/api/changes?namespace=default&kind=Pod&name=fk-vault-restore-20260707-110000-45j66&include_managed=true&since=2026-07-06T09%3A08%3A50.746Z&sources=informer%2Chistorical&limit=50 HTTP/1.1" from [::1]:33464 - 200 866B in 1.164842ms
2026/07/07 11:09:15 "GET http://localhost:9280/api/prometheus/status HTTP/1.1" from [::1]:33464 - 200 89B in 70.705µs
2026/07/07 11:09:30 "GET http://localhost:9280/api/changes?namespace=default&kind=Pod&name=fk-vault-restore-20260707-110000-45j66&include_managed=true&since=2026-07-06T09%3A08%3A50.746Z&sources=k8s_event&limit=500 HTTP/1.1" from [::1]:33464 - 200 599B in 1.759206ms
2026/07/07 11:09:30 "GET http://localhost:9280/api/changes?namespace=default&kind=Pod&name=fk-vault-restore-20260707-110000-45j66&include_managed=true&since=2026-07-06T09%3A08%3A50.746Z&sources=informer%2Chistorical&limit=50 HTTP/1.1" from [::1]:33464 - 200 866B in 1.665067ms
2026/07/07 11:09:32 "GET http://localhost:9280/api/portforwards HTTP/1.1" from [::1]:33464 - 200 28B in 57.85µs
2026/07/07 11:09:38 "GET http://localhost:9280/api/resource-counts? HTTP/1.1" from [::1]:33464 - 200 470B in 6.50986ms
2026/07/07 11:09:43 "GET http://localhost:9280/api/metrics/top/pods HTTP/1.1" from [::1]:33464 - 200 456B in 206.574µs
2026/07/07 11:09:45 "GET http://localhost:9280/api/metrics/pods/default/fk-vault-restore-20260707-110000-45j66/history HTTP/1.1" from [::1]:33464 - 200 280B in 2.713878ms
2026/07/07 11:09:45 "GET http://localhost:9280/api/changes?namespace=default&kind=Pod&name=fk-vault-restore-20260707-110000-45j66&include_managed=true&since=2026-07-06T09%3A08%3A50.746Z&sources=k8s_event&limit=500 HTTP/1.1" from [::1]:33464 - 200 599B in 1.65119ms
2026/07/07 11:09:45 "GET http://localhost:9280/api/changes?namespace=default&kind=Pod&name=fk-vault-restore-20260707-110000-45j66&include_managed=true&since=2026-07-06T09%3A08%3A50.746Z&sources=informer%2Chistorical&limit=50 HTTP/1.1" from [::1]:33464 - 200 866B in 1.345146ms
2026/07/07 11:09:50 "GET http://localhost:9280/api/audit HTTP/1.1" from [::1]:33464 - 200 8574B in 1.579573ms
2026/07/07 11:09:50 "GET http://localhost:9280/api/capabilities HTTP/1.1" from [::1]:33464 - 200 386B in 6.064509ms
2026/07/07 11:10:00 "GET http://localhost:9280/api/changes?namespace=default&kind=Pod&name=fk-vault-restore-20260707-110000-45j66&include_managed=true&since=2026-07-06T09%3A09%3A50.737Z&sources=k8s_event&limit=500 HTTP/1.1" from [::1]:33464 - 200 599B in 1.080952ms
2026/07/07 11:10:00 "GET http://localhost:9280/api/changes?namespace=default&kind=Pod&name=fk-vault-restore-20260707-110000-45j66&include_managed=true&since=2026-07-06T09%3A09%3A50.737Z&sources=informer%2Chistorical&limit=50 HTTP/1.1" from [::1]:33464 - 200 866B in 1.338062ms
2026/07/07 11:10:02 "GET http://localhost:9280/api/portforwards HTTP/1.1" from [::1]:33464 - 200 28B in 80.474µs
2026/07/07 11:10:04 "GET http://localhost:9280/api/secrets/certificate-expiry HTTP/1.1" from [::1]:33464 - 200 28B in 119.808µs
2026/07/07 11:10:13 "GET http://localhost:9280/api/metrics/top/pods HTTP/1.1" from [::1]:33464 - 200 483B in 223.737µs
2026/07/07 11:10:15 "GET http://localhost:9280/api/metrics/pods/default/fk-vault-restore-20260707-110000-45j66/history HTTP/1.1" from [::1]:33464 - 200 280B in 3.909778ms
2026/07/07 11:10:15 "GET http://localhost:9280/api/changes?namespace=default&kind=Pod&name=fk-vault-restore-20260707-110000-45j66&include_managed=true&since=2026-07-06T09%3A09%3A50.737Z&sources=k8s_event&limit=500 HTTP/1.1" from [::1]:33464 - 200 599B in 1.895476ms
2026/07/07 11:10:15 "GET http://localhost:9280/api/prometheus/status HTTP/1.1" from [::1]:33454 - 200 89B in 284.794µs
2026/07/07 11:10:15 "GET http://localhost:9280/api/changes?namespace=default&kind=Pod&name=fk-vault-restore-20260707-110000-45j66&include_managed=true&since=2026-07-06T09%3A09%3A50.737Z&sources=informer%2Chistorical&limit=50 HTTP/1.1" from [::1]:33464 - 200 866B in 2.608567ms
2026/07/07 11:10:30 "GET http://localhost:9280/api/changes?namespace=default&kind=Pod&name=fk-vault-restore-20260707-110000-45j66&include_managed=true&since=2026-07-06T09%3A09%3A50.737Z&sources=k8s_event&limit=500 HTTP/1.1" from [::1]:33464 - 200 599B in 1.553213ms
2026/07/07 11:10:30 "GET http://localhost:9280/api/changes?namespace=default&kind=Pod&name=fk-vault-restore-20260707-110000-45j66&include_managed=true&since=2026-07-06T09%3A09%3A50.737Z&sources=informer%2Chistorical&limit=50 HTTP/1.1" from [::1]:33464 - 200 866B in 1.119697ms
2026/07/07 11:10:32 "GET http://localhost:9280/api/portforwards HTTP/1.1" from [::1]:33464 - 200 28B in 58.472µs
2026/07/07 11:10:38 "GET http://localhost:9280/api/resources/pods? HTTP/1.1" from [::1]:33464 - 200 12421B in 2.326739ms
2026/07/07 11:10:38 API resource discovery took 5.401745ms
2026/07/07 11:10:38 Discovered 66 API resources (63 unique kinds)
2026/07/07 11:10:38 "GET http://localhost:9280/api/resource-counts? HTTP/1.1" from [::1]:33464 - 200 470B in 10.924743ms
2026/07/07 11:10:43 "GET http://localhost:9280/api/metrics/top/pods HTTP/1.1" from [::1]:33464 - 200 456B in 323.397µs
2026/07/07 11:10:45 "GET http://localhost:9280/api/metrics/pods/default/fk-vault-restore-20260707-110000-45j66/history HTTP/1.1" from [::1]:33464 - 200 280B in 3.298552ms
2026/07/07 11:10:45 "GET http://localhost:9280/api/changes?namespace=default&kind=Pod&name=fk-vault-restore-20260707-110000-45j66&include_managed=true&since=2026-07-06T09%3A09%3A50.737Z&sources=k8s_event&limit=500 HTTP/1.1" from [::1]:33464 - 200 599B in 1.338353ms
2026/07/07 11:10:45 "GET http://localhost:9280/api/changes?namespace=default&kind=Pod&name=fk-vault-restore-20260707-110000-45j66&include_managed=true&since=2026-07-06T09%3A09%3A50.737Z&sources=informer%2Chistorical&limit=50 HTTP/1.1" from [::1]:33464 - 200 866B in 2.399768ms
2026/07/07 11:10:50 "GET http://localhost:9280/api/audit HTTP/1.1" from [::1]:33464 - 200 8574B in 2.077874ms
2026/07/07 11:10:50 "GET http://localhost:9280/api/capabilities HTTP/1.1" from [::1]:33464 - 200 386B in 4.058693ms
2026/07/07 11:11:00 "GET http://localhost:9280/api/changes?namespace=default&kind=Pod&name=fk-vault-restore-20260707-110000-45j66&include_managed=true&since=2026-07-06T09%3A09%3A50.737Z&sources=k8s_event&limit=500 HTTP/1.1" from [::1]:33464 - 200 599B in 2.307873ms
2026/07/07 11:11:00 "GET http://localhost:9280/api/changes?namespace=default&kind=Pod&name=fk-vault-restore-20260707-110000-45j66&include_managed=true&since=2026-07-06T09%3A09%3A50.737Z&sources=informer%2Chistorical&limit=50 HTTP/1.1" from [::1]:33464 - 200 866B in 1.839349ms
2026/07/07 11:11:03 "GET http://localhost:9280/api/portforwards HTTP/1.1" from [::1]:33464 - 200 28B in 160.786µs
2026/07/07 11:11:04 "GET http://localhost:9280/api/secrets/certificate-expiry HTTP/1.1" from [::1]:33464 - 200 28B in 175.395µs
2026/07/07 11:11:13 "GET http://localhost:9280/api/metrics/top/pods HTTP/1.1" from [::1]:33464 - 200 442B in 237.984µs
2026/07/07 11:11:15 "GET http://localhost:9280/api/metrics/pods/default/fk-vault-restore-20260707-110000-45j66/history HTTP/1.1" from [::1]:33464 - 200 280B in 4.968298ms
2026/07/07 11:11:15 "GET http://localhost:9280/api/prometheus/status HTTP/1.1" from [::1]:33464 - 200 89B in 73.18µs
2026/07/07 11:11:15 "GET http://localhost:9280/api/changes?namespace=default&kind=Pod&name=fk-vault-restore-20260707-110000-45j66&include_managed=true&since=2026-07-06T09%3A09%3A50.737Z&sources=k8s_event&limit=500 HTTP/1.1" from [::1]:33464 - 200 599B in 1.466578ms
2026/07/07 11:11:15 "GET http://localhost:9280/api/changes?namespace=default&kind=Pod&name=fk-vault-restore-20260707-110000-45j66&include_managed=true&since=2026-07-06T09%3A09%3A50.737Z&sources=informer%2Chistorical&limit=50 HTTP/1.1" from [::1]:33464 - 200 866B in 1.322923ms
2026/07/07 11:11:30 "GET http://localhost:9280/api/changes?namespace=default&kind=Pod&name=fk-vault-restore-20260707-110000-45j66&include_managed=true&since=2026-07-06T09%3A09%3A50.737Z&sources=k8s_event&limit=500 HTTP/1.1" from [::1]:33464 - 200 599B in 2.901315ms
2026/07/07 11:11:30 "GET http://localhost:9280/api/changes?namespace=default&kind=Pod&name=fk-vault-restore-20260707-110000-45j66&include_managed=true&since=2026-07-06T09%3A09%3A50.737Z&sources=informer%2Chistorical&limit=50 HTTP/1.1" from [::1]:33464 - 200 866B in 1.159902ms
2026/07/07 11:11:33 "GET http://localhost:9280/api/portforwards HTTP/1.1" from [::1]:33464 - 200 28B in 214.289µs
2026/07/07 11:11:38 "GET http://localhost:9280/api/resource-counts? HTTP/1.1" from [::1]:33464 - 200 470B in 8.216225ms
2026/07/07 11:11:43 "GET http://localhost:9280/api/metrics/top/pods HTTP/1.1" from [::1]:33464 - 200 456B in 714.933µs
2026/07/07 11:11:45 "GET http://localhost:9280/api/metrics/pods/default/fk-vault-restore-20260707-110000-45j66/history HTTP/1.1" from [::1]:33464 - 200 280B in 8.029067ms
2026/07/07 11:11:45 "GET http://localhost:9280/api/changes?namespace=default&kind=Pod&name=fk-vault-restore-20260707-110000-45j66&include_managed=true&since=2026-07-06T09%3A09%3A50.737Z&sources=k8s_event&limit=500 HTTP/1.1" from [::1]:33464 - 200 599B in 2.456376ms
2026/07/07 11:11:45 "GET http://localhost:9280/api/changes?namespace=default&kind=Pod&name=fk-vault-restore-20260707-110000-45j66&include_managed=true&since=2026-07-06T09%3A09%3A50.737Z&sources=informer%2Chistorical&limit=50 HTTP/1.1" from [::1]:33464 - 200 866B in 1.392888ms
2026/07/07 11:11:46 Broadcasting topology update to 1 clients
2026/07/07 11:11:50 "GET http://localhost:9280/api/audit HTTP/1.1" from [::1]:33464 - 200 8574B in 4.02044ms
2026/07/07 11:11:50 "GET http://localhost:9280/api/capabilities HTTP/1.1" from [::1]:33464 - 200 386B in 7.122768ms
2026/07/07 11:12:00 "GET http://localhost:9280/api/changes?namespace=default&kind=Pod&name=fk-vault-restore-20260707-110000-45j66&include_managed=true&since=2026-07-06T09%3A11%3A46.488Z&sources=k8s_event&limit=500 HTTP/1.1" from [::1]:33464 - 200 599B in 3.185477ms
2026/07/07 11:12:00 "GET http://localhost:9280/api/changes?namespace=default&kind=Pod&name=fk-vault-restore-20260707-110000-45j66&include_managed=true&since=2026-07-06T09%3A11%3A46.488Z&sources=informer%2Chistorical&limit=50 HTTP/1.1" from [::1]:33454 - 200 866B in 1.879185ms
2026/07/07 11:12:03 "GET http://localhost:9280/api/portforwards HTTP/1.1" from [::1]:33464 - 200 28B in 143.364µs
2026/07/07 11:12:04 "GET http://localhost:9280/api/secrets/certificate-expiry HTTP/1.1" from [::1]:33464 - 200 28B in 334.548µs
2026/07/07 11:12:13 "GET http://localhost:9280/api/metrics/top/pods HTTP/1.1" from [::1]:33464 - 200 442B in 351.731µs
2026/07/07 11:12:15 "GET http://localhost:9280/api/prometheus/status HTTP/1.1" from [::1]:33454 - 200 89B in 698.352µs
2026/07/07 11:12:15 "GET http://localhost:9280/api/metrics/pods/default/fk-vault-restore-20260707-110000-45j66/history HTTP/1.1" from [::1]:33464 - 200 280B in 5.906948ms
2026/07/07 11:12:15 "GET http://localhost:9280/api/changes?namespace=default&kind=Pod&name=fk-vault-restore-20260707-110000-45j66&include_managed=true&since=2026-07-06T09%3A11%3A46.488Z&sources=informer%2Chistorical&limit=50 HTTP/1.1" from [::1]:33464 - 200 866B in 1.092565ms
2026/07/07 11:12:15 "GET http://localhost:9280/api/changes?namespace=default&kind=Pod&name=fk-vault-restore-20260707-110000-45j66&include_managed=true&since=2026-07-06T09%3A11%3A46.488Z&sources=k8s_event&limit=500 HTTP/1.1" from [::1]:33454 - 200 599B in 1.602036ms
2026/07/07 11:12:30 "GET http://localhost:9280/api/changes?namespace=default&kind=Pod&name=fk-vault-restore-20260707-110000-45j66&include_managed=true&since=2026-07-06T09%3A11%3A46.488Z&sources=k8s_event&limit=500 HTTP/1.1" from [::1]:33454 - 200 599B in 1.461918ms
2026/07/07 11:12:30 "GET http://localhost:9280/api/changes?namespace=default&kind=Pod&name=fk-vault-restore-20260707-110000-45j66&include_managed=true&since=2026-07-06T09%3A11%3A46.488Z&sources=informer%2Chistorical&limit=50 HTTP/1.1" from [::1]:33464 - 200 866B in 1.746551ms
2026/07/07 11:12:33 "GET http://localhost:9280/api/portforwards HTTP/1.1" from [::1]:33464 - 200 28B in 63.781µs
I0707 11:12:35.212196   64403 reflector.go:664] "Warning: watch ended with error" reflector="pkg/mod/k8s.io/client-go@v0.36.2/tools/cache/reflector.go:343" type="*v1.Ingress" err="very short watch: pkg/mod/k8s.io/client-go@v0.36.2/tools/cache/reflector.go:343: Unexpected watch close - watch lasted less than a second and no items received"
2026/07/07 11:12:38 "GET http://localhost:9280/api/resources/pods? HTTP/1.1" from [::1]:33464 - 200 12483B in 3.357735ms
2026/07/07 11:12:39 [resource-counts] Failed to count EndpointSlice: failed to probe resource count: Get "https://127.0.0.1:38167/apis/discovery.k8s.io/v1/endpointslices?limit=2": dial tcp 127.0.0.1:38167: connect: connection refused - error from a previous attempt: EOF
2026/07/07 11:12:39 "GET http://localhost:9280/api/resource-counts? HTTP/1.1" from [::1]:33464 - 200 472B in 1.004419597s
2026/07/07 11:12:43 "GET http://localhost:9280/api/metrics/top/pods HTTP/1.1" from [::1]:33464 - 200 456B in 280.665µs
2026/07/07 11:12:45 "GET http://localhost:9280/api/metrics/pods/default/fk-vault-restore-20260707-110000-45j66/history HTTP/1.1" from [::1]:33464 - 200 201B in 110.27µs
2026/07/07 11:12:45 "GET http://localhost:9280/api/changes?namespace=default&kind=Pod&name=fk-vault-restore-20260707-110000-45j66&include_managed=true&since=2026-07-06T09%3A11%3A46.488Z&sources=k8s_event&limit=500 HTTP/1.1" from [::1]:33454 - 200 599B in 1.477879ms
2026/07/07 11:12:45 "GET http://localhost:9280/api/changes?namespace=default&kind=Pod&name=fk-vault-restore-20260707-110000-45j66&include_managed=true&since=2026-07-06T09%3A11%3A46.488Z&sources=informer%2Chistorical&limit=50 HTTP/1.1" from [::1]:33454 - 200 866B in 1.893853ms
2026/07/07 11:12:49 WARNING: informer Job saw 403/Unauthorized — probe and reality disagree (key=jobs): jobs.batch is forbidden: User "kubernetes-admin" cannot watch resource "jobs" in API group "batch" at the cluster scope - error from a previous attempt: EOF
2026/07/07 11:12:49 WARNING: informer DaemonSet saw 403/Unauthorized — probe and reality disagree (key=daemonsets): daemonsets.apps is forbidden: User "kubernetes-admin" cannot watch resource "daemonsets" in API group "apps" at the cluster scope - error from a previous attempt: EOF
2026/07/07 11:12:49 WARNING: informer Role saw 403/Unauthorized — probe and reality disagree (key=roles): roles.rbac.authorization.k8s.io is forbidden: User "kubernetes-admin" cannot watch resource "roles" in API group "rbac.authorization.k8s.io" at the cluster scope - error from a previous attempt: EOF
2026/07/07 11:12:49 WARNING: informer ReplicaSet saw 403/Unauthorized — probe and reality disagree (key=replicasets): replicasets.apps is forbidden: User "kubernetes-admin" cannot watch resource "replicasets" in API group "apps" at the cluster scope - error from a previous attempt: read tcp 127.0.0.1:38286->127.0.0.1:38167: read: connection reset by peer
2026/07/07 11:12:49 WARNING: informer RoleBinding saw 403/Unauthorized — probe and reality disagree (key=rolebindings): rolebindings.rbac.authorization.k8s.io is forbidden: User "kubernetes-admin" cannot watch resource "rolebindings" in API group "rbac.authorization.k8s.io" at the cluster scope - error from a previous attempt: EOF
2026/07/07 11:12:49 WARNING: informer PersistentVolume saw 403/Unauthorized — probe and reality disagree (key=persistentvolumes): persistentvolumes is forbidden: User "kubernetes-admin" cannot watch resource "persistentvolumes" in API group "" at the cluster scope - error from a previous attempt: EOF
E0707 11:12:49.837445   64403 reflector.go:227] "Failed to watch" err="resourceclaims.resource.k8s.io is forbidden: User \"kubernetes-admin\" cannot watch resource \"resourceclaims\" in API group \"resource.k8s.io\" at the cluster scope" logger="UnhandledError" reflector="pkg/mod/k8s.io/client-go@v0.36.2/tools/cache/reflector.go:343" type="resource.k8s.io/v1, Resource=resourceclaims"
E0707 11:12:49.837445   64403 reflector.go:227] "Failed to watch" err="resourceclaims.resource.k8s.io is forbidden: User \"kubernetes-admin\" cannot watch resource \"resourceclaims\" in API group \"resource.k8s.io\" at the cluster scope" logger="UnhandledError" reflector="pkg/mod/k8s.io/client-go@v0.36.2/tools/cache/reflector.go:343" type="resource.k8s.io/v1, Resource=resourceclaims"
E0707 11:12:49.837445   64403 reflector.go:227] "Failed to watch" err="resourceclaims.resource.k8s.io is forbidden: User \"kubernetes-admin\" cannot watch resource \"resourceclaims\" in API group \"resource.k8s.io\" at the cluster scope" logger="UnhandledError" reflector="pkg/mod/k8s.io/client-go@v0.36.2/tools/cache/reflector.go:343" type="resource.k8s.io/v1, Resource=resourceclaims"
E0707 11:12:49.837445   64403 reflector.go:227] "Failed to watch" err="resourceclaims.resource.k8s.io is forbidden: User \"kubernetes-admin\" cannot watch resource \"resourceclaims\" in API group \"resource.k8s.io\" at the cluster scope" logger="UnhandledError" reflector="pkg/mod/k8s.io/client-go@v0.36.2/tools/cache/reflector.go:343" type="resource.k8s.io/v1, Resource=resourceclaims"
2026/07/07 11:12:49 WARNING: informer Event saw 403/Unauthorized — probe and reality disagree (key=events): events is forbidden: User "kubernetes-admin" cannot watch resource "events" in API group "" at the cluster scope - error from a previous attempt: EOF
2026/07/07 11:12:49 WARNING: informer Deployment saw 403/Unauthorized — probe and reality disagree (key=deployments): deployments.apps is forbidden: User "kubernetes-admin" cannot watch resource "deployments" in API group "apps" at the cluster scope
E0707 11:12:49.836050   64403 reflector.go:227] "Failed to watch" err="resourceslices.resource.k8s.io is forbidden: User \"kubernetes-admin\" cannot watch resource \"resourceslices\" in API group \"resource.k8s.io\" at the cluster scope - error from a previous attempt: EOF" logger="UnhandledError" reflector="pkg/mod/k8s.io/client-go@v0.36.2/tools/cache/reflector.go:343" type="resource.k8s.io/v1, Resource=resourceslices"
E0707 11:12:49.836050   64403 reflector.go:227] "Failed to watch" err="resourceslices.resource.k8s.io is forbidden: User \"kubernetes-admin\" cannot watch resource \"resourceslices\" in API group \"resource.k8s.io\" at the cluster scope - error from a previous attempt: EOF" logger="UnhandledError" reflector="pkg/mod/k8s.io/client-go@v0.36.2/tools/cache/reflector.go:343" type="resource.k8s.io/v1, Resource=resourceslices"
E0707 11:12:49.836050   64403 reflector.go:227] "Failed to watch" err="resourceslices.resource.k8s.io is forbidden: User \"kubernetes-admin\" cannot watch resource \"resourceslices\" in API group \"resource.k8s.io\" at the cluster scope - error from a previous attempt: EOF" logger="UnhandledError" reflector="pkg/mod/k8s.io/client-go@v0.36.2/tools/cache/reflector.go:343" type="resource.k8s.io/v1, Resource=resourceslices"
E0707 11:12:49.836050   64403 reflector.go:227] "Failed to watch" err="resourceslices.resource.k8s.io is forbidden: User \"kubernetes-admin\" cannot watch resource \"resourceslices\" in API group \"resource.k8s.io\" at the cluster scope - error from a previous attempt: EOF" logger="UnhandledError" reflector="pkg/mod/k8s.io/client-go@v0.36.2/tools/cache/reflector.go:343" type="resource.k8s.io/v1, Resource=resourceslices"
2026/07/07 11:12:49 WARNING: informer StorageClass saw 403/Unauthorized — probe and reality disagree (key=storageclasses): storageclasses.storage.k8s.io is forbidden: User "kubernetes-admin" cannot watch resource "storageclasses" in API group "storage.k8s.io" at the cluster scope
2026/07/07 11:12:49 WARNING: informer Namespace saw 403/Unauthorized — probe and reality disagree (key=namespaces): namespaces is forbidden: User "kubernetes-admin" cannot watch resource "namespaces" in API group "" at the cluster scope - error from a previous attempt: EOF
E0707 11:12:49.838414   64403 reflector.go:227] "Failed to watch" err="apiservices.apiregistration.k8s.io is forbidden: User \"kubernetes-admin\" cannot watch resource \"apiservices\" in API group \"apiregistration.k8s.io\" at the cluster scope" logger="UnhandledError" reflector="pkg/mod/k8s.io/client-go@v0.36.2/tools/cache/reflector.go:343" type="apiregistration.k8s.io/v1, Resource=apiservices"
E0707 11:12:49.838414   64403 reflector.go:227] "Failed to watch" err="apiservices.apiregistration.k8s.io is forbidden: User \"kubernetes-admin\" cannot watch resource \"apiservices\" in API group \"apiregistration.k8s.io\" at the cluster scope" logger="UnhandledError" reflector="pkg/mod/k8s.io/client-go@v0.36.2/tools/cache/reflector.go:343" type="apiregistration.k8s.io/v1, Resource=apiservices"
E0707 11:12:49.838414   64403 reflector.go:227] "Failed to watch" err="apiservices.apiregistration.k8s.io is forbidden: User \"kubernetes-admin\" cannot watch resource \"apiservices\" in API group \"apiregistration.k8s.io\" at the cluster scope" logger="UnhandledError" reflector="pkg/mod/k8s.io/client-go@v0.36.2/tools/cache/reflector.go:343" type="apiregistration.k8s.io/v1, Resource=apiservices"
E0707 11:12:49.838414   64403 reflector.go:227] "Failed to watch" err="apiservices.apiregistration.k8s.io is forbidden: User \"kubernetes-admin\" cannot watch resource \"apiservices\" in API group \"apiregistration.k8s.io\" at the cluster scope" logger="UnhandledError" reflector="pkg/mod/k8s.io/client-go@v0.36.2/tools/cache/reflector.go:343" type="apiregistration.k8s.io/v1, Resource=apiservices"
2026/07/07 11:12:49 WARNING: informer PodDisruptionBudget saw 403/Unauthorized — probe and reality disagree (key=poddisruptionbudgets): poddisruptionbudgets.policy is forbidden: User "kubernetes-admin" cannot watch resource "poddisruptionbudgets" in API group "policy" at the cluster scope - error from a previous attempt: EOF
2026/07/07 11:12:49 WARNING: informer CronJob saw 403/Unauthorized — probe and reality disagree (key=cronjobs): cronjobs.batch is forbidden: User "kubernetes-admin" cannot watch resource "cronjobs" in API group "batch" at the cluster scope - error from a previous attempt: EOF
2026/07/07 11:12:49 WARNING: informer Secret saw 403/Unauthorized — probe and reality disagree (key=secrets): secrets is forbidden: User "kubernetes-admin" cannot watch resource "secrets" in API group "" at the cluster scope - error from a previous attempt: read tcp 127.0.0.1:38356->127.0.0.1:38167: read: connection reset by peer
2026/07/07 11:12:49 WARNING: informer LimitRange saw 403/Unauthorized — probe and reality disagree (key=limitranges): limitranges is forbidden: User "kubernetes-admin" cannot watch resource "limitranges" in API group "" at the cluster scope - error from a previous attempt: EOF
E0707 11:12:49.848995   64403 reflector.go:227] "Failed to watch" err="deviceclasses.resource.k8s.io is forbidden: User \"kubernetes-admin\" cannot watch resource \"deviceclasses\" in API group \"resource.k8s.io\" at the cluster scope - error from a previous attempt: EOF" logger="UnhandledError" reflector="pkg/mod/k8s.io/client-go@v0.36.2/tools/cache/reflector.go:343" type="resource.k8s.io/v1, Resource=deviceclasses"
E0707 11:12:49.848995   64403 reflector.go:227] "Failed to watch" err="deviceclasses.resource.k8s.io is forbidden: User \"kubernetes-admin\" cannot watch resource \"deviceclasses\" in API group \"resource.k8s.io\" at the cluster scope - error from a previous attempt: EOF" logger="UnhandledError" reflector="pkg/mod/k8s.io/client-go@v0.36.2/tools/cache/reflector.go:343" type="resource.k8s.io/v1, Resource=deviceclasses"
E0707 11:12:49.848995   64403 reflector.go:227] "Failed to watch" err="deviceclasses.resource.k8s.io is forbidden: User \"kubernetes-admin\" cannot watch resource \"deviceclasses\" in API group \"resource.k8s.io\" at the cluster scope - error from a previous attempt: EOF" logger="UnhandledError" reflector="pkg/mod/k8s.io/client-go@v0.36.2/tools/cache/reflector.go:343" type="resource.k8s.io/v1, Resource=deviceclasses"
E0707 11:12:49.848995   64403 reflector.go:227] "Failed to watch" err="deviceclasses.resource.k8s.io is forbidden: User \"kubernetes-admin\" cannot watch resource \"deviceclasses\" in API group \"resource.k8s.io\" at the cluster scope - error from a previous attempt: EOF" logger="UnhandledError" reflector="pkg/mod/k8s.io/client-go@v0.36.2/tools/cache/reflector.go:343" type="resource.k8s.io/v1, Resource=deviceclasses"
2026/07/07 11:12:49 WARNING: informer NetworkPolicy saw 403/Unauthorized — probe and reality disagree (key=networkpolicies): networkpolicies.networking.k8s.io is forbidden: User "kubernetes-admin" cannot watch resource "networkpolicies" in API group "networking.k8s.io" at the cluster scope - error from a previous attempt: EOF
2026/07/07 11:12:49 WARNING: informer ClusterRole saw 403/Unauthorized — probe and reality disagree (key=clusterroles): clusterroles.rbac.authorization.k8s.io is forbidden: User "kubernetes-admin" cannot watch resource "clusterroles" in API group "rbac.authorization.k8s.io" at the cluster scope - error from a previous attempt: read tcp 127.0.0.1:38358->127.0.0.1:38167: read: connection reset by peer
2026/07/07 11:12:49 WARNING: informer ServiceAccount saw 403/Unauthorized — probe and reality disagree (key=serviceaccounts): serviceaccounts is forbidden: User "kubernetes-admin" cannot watch resource "serviceaccounts" in API group "" at the cluster scope - error from a previous attempt: EOF
2026/07/07 11:12:49 WARNING: informer HorizontalPodAutoscaler saw 403/Unauthorized — probe and reality disagree (key=horizontalpodautoscalers): horizontalpodautoscalers.autoscaling is forbidden: User "kubernetes-admin" cannot watch resource "horizontalpodautoscalers" in API group "autoscaling" at the cluster scope - error from a previous attempt: EOF
2026/07/07 11:12:49 WARNING: informer StatefulSet saw 403/Unauthorized — probe and reality disagree (key=statefulsets): statefulsets.apps is forbidden: User "kubernetes-admin" cannot watch resource "statefulsets" in API group "apps" at the cluster scope - error from a previous attempt: EOF
E0707 11:12:49.849701   64403 reflector.go:227] "Failed to watch" err="validatingwebhookconfigurations.admissionregistration.k8s.io is forbidden: User \"kubernetes-admin\" cannot watch resource \"validatingwebhookconfigurations\" in API group \"admissionregistration.k8s.io\" at the cluster scope - error from a previous attempt: read tcp 127.0.0.1:38442->127.0.0.1:38167: read: connection reset by peer" logger="UnhandledError" reflector="pkg/mod/k8s.io/client-go@v0.36.2/tools/cache/reflector.go:343" type="admissionregistration.k8s.io/v1, Resource=validatingwebhookconfigurations"
E0707 11:12:49.849701   64403 reflector.go:227] "Failed to watch" err="validatingwebhookconfigurations.admissionregistration.k8s.io is forbidden: User \"kubernetes-admin\" cannot watch resource \"validatingwebhookconfigurations\" in API group \"admissionregistration.k8s.io\" at the cluster scope - error from a previous attempt: read tcp 127.0.0.1:38442->127.0.0.1:38167: read: connection reset by peer" logger="UnhandledError" reflector="pkg/mod/k8s.io/client-go@v0.36.2/tools/cache/reflector.go:343" type="admissionregistration.k8s.io/v1, Resource=validatingwebhookconfigurations"
E0707 11:12:49.849701   64403 reflector.go:227] "Failed to watch" err="validatingwebhookconfigurations.admissionregistration.k8s.io is forbidden: User \"kubernetes-admin\" cannot watch resource \"validatingwebhookconfigurations\" in API group \"admissionregistration.k8s.io\" at the cluster scope - error from a previous attempt: read tcp 127.0.0.1:38442->127.0.0.1:38167: read: connection reset by peer" logger="UnhandledError" reflector="pkg/mod/k8s.io/client-go@v0.36.2/tools/cache/reflector.go:343" type="admissionregistration.k8s.io/v1, Resource=validatingwebhookconfigurations"
E0707 11:12:49.849701   64403 reflector.go:227] "Failed to watch" err="validatingwebhookconfigurations.admissionregistration.k8s.io is forbidden: User \"kubernetes-admin\" cannot watch resource \"validatingwebhookconfigurations\" in API group \"admissionregistration.k8s.io\" at the cluster scope - error from a previous attempt: read tcp 127.0.0.1:38442->127.0.0.1:38167: read: connection reset by peer" logger="UnhandledError" reflector="pkg/mod/k8s.io/client-go@v0.36.2/tools/cache/reflector.go:343" type="admissionregistration.k8s.io/v1, Resource=validatingwebhookconfigurations"
2026/07/07 11:12:49 WARNING: informer ConfigMap saw 403/Unauthorized — probe and reality disagree (key=configmaps): configmaps is forbidden: User "kubernetes-admin" cannot watch resource "configmaps" in API group "" at the cluster scope - error from a previous attempt: EOF
E0707 11:12:49.849788   64403 reflector.go:227] "Failed to watch" err="mutatingwebhookconfigurations.admissionregistration.k8s.io is forbidden: User \"kubernetes-admin\" cannot watch resource \"mutatingwebhookconfigurations\" in API group \"admissionregistration.k8s.io\" at the cluster scope - error from a previous attempt: read tcp 127.0.0.1:38344->127.0.0.1:38167: read: connection reset by peer" logger="UnhandledError" reflector="pkg/mod/k8s.io/client-go@v0.36.2/tools/cache/reflector.go:343" type="admissionregistration.k8s.io/v1, Resource=mutatingwebhookconfigurations"
E0707 11:12:49.849788   64403 reflector.go:227] "Failed to watch" err="mutatingwebhookconfigurations.admissionregistration.k8s.io is forbidden: User \"kubernetes-admin\" cannot watch resource \"mutatingwebhookconfigurations\" in API group \"admissionregistration.k8s.io\" at the cluster scope - error from a previous attempt: read tcp 127.0.0.1:38344->127.0.0.1:38167: read: connection reset by peer" logger="UnhandledError" reflector="pkg/mod/k8s.io/client-go@v0.36.2/tools/cache/reflector.go:343" type="admissionregistration.k8s.io/v1, Resource=mutatingwebhookconfigurations"
E0707 11:12:49.849788   64403 reflector.go:227] "Failed to watch" err="mutatingwebhookconfigurations.admissionregistration.k8s.io is forbidden: User \"kubernetes-admin\" cannot watch resource \"mutatingwebhookconfigurations\" in API group \"admissionregistration.k8s.io\" at the cluster scope - error from a previous attempt: read tcp 127.0.0.1:38344->127.0.0.1:38167: read: connection reset by peer" logger="UnhandledError" reflector="pkg/mod/k8s.io/client-go@v0.36.2/tools/cache/reflector.go:343" type="admissionregistration.k8s.io/v1, Resource=mutatingwebhookconfigurations"
E0707 11:12:49.849788   64403 reflector.go:227] "Failed to watch" err="mutatingwebhookconfigurations.admissionregistration.k8s.io is forbidden: User \"kubernetes-admin\" cannot watch resource \"mutatingwebhookconfigurations\" in API group \"admissionregistration.k8s.io\" at the cluster scope - error from a previous attempt: read tcp 127.0.0.1:38344->127.0.0.1:38167: read: connection reset by peer" logger="UnhandledError" reflector="pkg/mod/k8s.io/client-go@v0.36.2/tools/cache/reflector.go:343" type="admissionregistration.k8s.io/v1, Resource=mutatingwebhookconfigurations"
E0707 11:12:49.849819   64403 reflector.go:227] "Failed to watch" err="customresourcedefinitions.apiextensions.k8s.io is forbidden: User \"kubernetes-admin\" cannot watch resource \"customresourcedefinitions\" in API group \"apiextensions.k8s.io\" at the cluster scope - error from a previous attempt: EOF" logger="UnhandledError" reflector="pkg/mod/k8s.io/client-go@v0.36.2/tools/cache/reflector.go:343" type="apiextensions.k8s.io/v1, Resource=customresourcedefinitions"
E0707 11:12:49.849819   64403 reflector.go:227] "Failed to watch" err="customresourcedefinitions.apiextensions.k8s.io is forbidden: User \"kubernetes-admin\" cannot watch resource \"customresourcedefinitions\" in API group \"apiextensions.k8s.io\" at the cluster scope - error from a previous attempt: EOF" logger="UnhandledError" reflector="pkg/mod/k8s.io/client-go@v0.36.2/tools/cache/reflector.go:343" type="apiextensions.k8s.io/v1, Resource=customresourcedefinitions"
E0707 11:12:49.849819   64403 reflector.go:227] "Failed to watch" err="customresourcedefinitions.apiextensions.k8s.io is forbidden: User \"kubernetes-admin\" cannot watch resource \"customresourcedefinitions\" in API group \"apiextensions.k8s.io\" at the cluster scope - error from a previous attempt: EOF" logger="UnhandledError" reflector="pkg/mod/k8s.io/client-go@v0.36.2/tools/cache/reflector.go:343" type="apiextensions.k8s.io/v1, Resource=customresourcedefinitions"
E0707 11:12:49.849819   64403 reflector.go:227] "Failed to watch" err="customresourcedefinitions.apiextensions.k8s.io is forbidden: User \"kubernetes-admin\" cannot watch resource \"customresourcedefinitions\" in API group \"apiextensions.k8s.io\" at the cluster scope - error from a previous attempt: EOF" logger="UnhandledError" reflector="pkg/mod/k8s.io/client-go@v0.36.2/tools/cache/reflector.go:343" type="apiextensions.k8s.io/v1, Resource=customresourcedefinitions"
2026/07/07 11:12:49 WARNING: informer Ingress saw 403/Unauthorized — probe and reality disagree (key=ingresses): failed to list *v1.Ingress: ingresses.networking.k8s.io is forbidden: User "kubernetes-admin" cannot list resource "ingresses" in API group "networking.k8s.io" at the cluster scope
2026/07/07 11:12:49 WARNING: informer Service saw 403/Unauthorized — probe and reality disagree (key=services): services is forbidden: User "kubernetes-admin" cannot watch resource "services" in API group "" at the cluster scope
2026/07/07 11:12:49 "GET http://localhost:9280/api/metrics/pods/default/fk-vault-restore-20260707-110000-45j66 HTTP/1.1" from [::1]:33464 - 500 199B in 4.264825585s
2026/07/07 11:12:49 WARNING: informer Pod saw 403/Unauthorized — probe and reality disagree (key=pods): pods is forbidden: User "kubernetes-admin" cannot watch resource "pods" in API group "" at the cluster scope - error from a previous attempt: read tcp 127.0.0.1:38420->127.0.0.1:38167: read: connection reset by peer
2026/07/07 11:12:49 WARNING: informer ResourceQuota saw 403/Unauthorized — probe and reality disagree (key=resourcequotas): resourcequotas is forbidden: User "kubernetes-admin" cannot watch resource "resourcequotas" in API group "" at the cluster scope
2026/07/07 11:12:49 WARNING: informer Node saw 403/Unauthorized — probe and reality disagree (key=nodes): nodes is forbidden: User "kubernetes-admin" cannot watch resource "nodes" in API group "" at the cluster scope - error from a previous attempt: EOF
2026/07/07 11:12:49 WARNING: informer ClusterRoleBinding saw 403/Unauthorized — probe and reality disagree (key=clusterrolebindings): clusterrolebindings.rbac.authorization.k8s.io is forbidden: User "kubernetes-admin" cannot watch resource "clusterrolebindings" in API group "rbac.authorization.k8s.io" at the cluster scope - error from a previous attempt: EOF
2026/07/07 11:12:49 WARNING: informer PersistentVolumeClaim saw 403/Unauthorized — probe and reality disagree (key=persistentvolumeclaims): persistentvolumeclaims is forbidden: User "kubernetes-admin" cannot watch resource "persistentvolumeclaims" in API group "" at the cluster scope - error from a previous attempt: read tcp 127.0.0.1:38454->127.0.0.1:38167: read: connection reset by peer
E0707 11:12:49.860737   64403 reflector.go:227] "Failed to watch" err="resourceclaimtemplates.resource.k8s.io is forbidden: User \"kubernetes-admin\" cannot watch resource \"resourceclaimtemplates\" in API group \"resource.k8s.io\" at the cluster scope - error from a previous attempt: read tcp 127.0.0.1:38428->127.0.0.1:38167: read: connection reset by peer" logger="UnhandledError" reflector="pkg/mod/k8s.io/client-go@v0.36.2/tools/cache/reflector.go:343" type="resource.k8s.io/v1, Resource=resourceclaimtemplates"
E0707 11:12:49.860737   64403 reflector.go:227] "Failed to watch" err="resourceclaimtemplates.resource.k8s.io is forbidden: User \"kubernetes-admin\" cannot watch resource \"resourceclaimtemplates\" in API group \"resource.k8s.io\" at the cluster scope - error from a previous attempt: read tcp 127.0.0.1:38428->127.0.0.1:38167: read: connection reset by peer" logger="UnhandledError" reflector="pkg/mod/k8s.io/client-go@v0.36.2/tools/cache/reflector.go:343" type="resource.k8s.io/v1, Resource=resourceclaimtemplates"
E0707 11:12:49.860737   64403 reflector.go:227] "Failed to watch" err="resourceclaimtemplates.resource.k8s.io is forbidden: User \"kubernetes-admin\" cannot watch resource \"resourceclaimtemplates\" in API group \"resource.k8s.io\" at the cluster scope - error from a previous attempt: read tcp 127.0.0.1:38428->127.0.0.1:38167: read: connection reset by peer" logger="UnhandledError" reflector="pkg/mod/k8s.io/client-go@v0.36.2/tools/cache/reflector.go:343" type="resource.k8s.io/v1, Resource=resourceclaimtemplates"
E0707 11:12:49.860737   64403 reflector.go:227] "Failed to watch" err="resourceclaimtemplates.resource.k8s.io is forbidden: User \"kubernetes-admin\" cannot watch resource \"resourceclaimtemplates\" in API group \"resource.k8s.io\" at the cluster scope - error from a previous attempt: read tcp 127.0.0.1:38428->127.0.0.1:38167: read: connection reset by peer" logger="UnhandledError" reflector="pkg/mod/k8s.io/client-go@v0.36.2/tools/cache/reflector.go:343" type="resource.k8s.io/v1, Resource=resourceclaimtemplates"
2026/07/07 11:12:50 "GET http://localhost:9280/api/audit HTTP/1.1" from [::1]:33464 - 200 8633B in 8.742802ms
2026/07/07 11:12:50 "GET http://localhost:9280/api/metrics/pods/default/fk-vault-restore-20260707-110000-45j66 HTTP/1.1" from [::1]:33454 - 404 97B in 8.662566ms
2026/07/07 11:12:50 "GET http://localhost:9280/api/capabilities HTTP/1.1" from [::1]:33464 - 200 386B in 25.60703ms
2026/07/07 11:12:54 Broadcasting topology update to 1 clients
2026/07/07 11:12:55 Broadcasting topology update to 1 clients
2026/07/07 11:12:56 Broadcasting topology update to 1 clients
2026/07/07 11:12:58 Broadcasting topology update to 1 clients
2026/07/07 11:12:58 "GET http://localhost:9280/api/resources/pods/default/fk-vault-restore-20260707-110000-45j66 HTTP/1.1" from [::1]:33464 - 200 2487B in 690.377µs
2026/07/07 11:12:59 Broadcasting topology update to 1 clients
2026/07/07 11:13:00 "GET http://localhost:9280/api/changes?namespace=default&kind=Pod&name=fk-vault-restore-20260707-110000-45j66&include_managed=true&since=2026-07-06T09%3A13%3A00.388Z&sources=k8s_event&limit=500 HTTP/1.1" from [::1]:33464 - 200 910B in 3.202219ms
2026/07/07 11:13:00 "GET http://localhost:9280/api/changes?namespace=default&kind=Pod&name=fk-vault-restore-20260707-110000-45j66&include_managed=true&since=2026-07-06T09%3A13%3A00.388Z&sources=informer%2Chistorical&limit=50 HTTP/1.1" from [::1]:33454 - 200 968B in 2.225887ms
2026/07/07 11:13:00 Broadcasting topology update to 1 clients
2026/07/07 11:13:01 "GET http://localhost:9280/api/resources/pods/default/fk-vault-restore-20260707-110000-45j66 HTTP/1.1" from [::1]:33464 - 200 2487B in 848.088µs
2026/07/07 11:13:01 Broadcasting topology update to 1 clients
2026/07/07 11:13:03 Broadcasting topology update to 1 clients
2026/07/07 11:13:03 "GET http://localhost:9280/api/portforwards HTTP/1.1" from [::1]:33464 - 200 28B in 72.789µs
2026/07/07 11:13:04 Broadcasting topology update to 1 clients
2026/07/07 11:13:04 "GET http://localhost:9280/api/secrets/certificate-expiry HTTP/1.1" from [::1]:33464 - 200 28B in 2.391502ms
2026/07/07 11:13:05 "GET http://localhost:9280/api/resources/pods/default/fk-vault-restore-20260707-110000-45j66 HTTP/1.1" from [::1]:33464 - 200 2487B in 389.513µs
2026/07/07 11:13:06 Broadcasting topology update to 1 clients
2026/07/07 11:13:07 Broadcasting topology update to 1 clients
2026/07/07 11:13:10 "GET http://localhost:9280/api/resources/pods? HTTP/1.1" from [::1]:33464 - 200 12092B in 1.486195ms
2026/07/07 11:13:11 Broadcasting topology update to 1 clients
2026/07/07 11:13:12 Broadcasting topology update to 1 clients
2026/07/07 11:13:13 Broadcasting topology update to 1 clients
2026/07/07 11:13:13 "GET http://localhost:9280/api/metrics/top/pods HTTP/1.1" from [::1]:33464 - 200 461B in 172.108µs
2026/07/07 11:13:15 "GET http://localhost:9280/api/resources/jobs/default/fk-vault-restore-20260707-110000?group=batch HTTP/1.1" from [::1]:33464 - 200 1656B in 546.573µs
2026/07/07 11:13:15 "GET http://localhost:9280/api/prometheus/status HTTP/1.1" from [::1]:33464 - 200 89B in 751.644µs
2026/07/07 11:13:15 "GET http://localhost:9280/api/metrics/pods/default/fk-vault-restore-20260707-110000-45j66/history HTTP/1.1" from [::1]:33464 - 200 280B in 3.586172ms
2026/07/07 11:13:15 "GET http://localhost:9280/api/changes?namespace=default&kind=Pod&name=fk-vault-restore-20260707-110000-45j66&include_managed=true&since=2026-07-06T09%3A13%3A15.489Z&sources=k8s_event&limit=500 HTTP/1.1" from [::1]:33464 - 200 963B in 2.974184ms
2026/07/07 11:13:15 "GET http://localhost:9280/api/changes?namespace=default&kind=Pod&name=fk-vault-restore-20260707-110000-45j66&include_managed=true&since=2026-07-06T09%3A13%3A15.489Z&sources=informer%2Chistorical&limit=50 HTTP/1.1" from [::1]:33464 - 200 1090B in 1.526993ms
2026/07/07 11:13:16 Broadcasting topology update to 1 clients
2026/07/07 11:13:17 Broadcasting topology update to 1 clients
2026/07/07 11:13:19 Broadcasting topology update to 1 clients
2026/07/07 11:13:20 Broadcasting topology update to 1 clients
2026/07/07 11:13:21 "GET http://localhost:9280/api/resources/jobs/default/fk-vault-restore-20260707-110000?group=batch HTTP/1.1" from [::1]:33464 - 404 94B in 243.985µs
2026/07/07 11:13:21 "GET http://localhost:9280/api/resources/pods/default/fk-vault-restore-20260707-110000-45j66 HTTP/1.1" from [::1]:33454 - 200 2411B in 472.321µs
2026/07/07 11:13:21 "GET http://localhost:9280/api/resources/pods? HTTP/1.1" from [::1]:33464 - 200 11074B in 1.474383ms
2026/07/07 11:13:21 "GET http://localhost:9280/api/secrets/certificate-expiry HTTP/1.1" from [::1]:41712 - 200 28B in 577.922µs
2026/07/07 11:13:21 "GET http://localhost:9280/api/resource-counts? HTTP/1.1" from [::1]:33454 - 200 463B in 7.253027ms
2026/07/07 11:13:23 Broadcasting topology update to 1 clients
2026/07/07 11:13:24 Broadcasting topology update to 1 clients
2026/07/07 11:13:25 "GET http://localhost:9280/api/resources/pods/default/fk-vault-restore-20260707-110000-45j66 HTTP/1.1" from [::1]:33464 - 200 2411B in 682.742µs
2026/07/07 11:13:25 "GET http://localhost:9280/api/resources/pods? HTTP/1.1" from [::1]:33454 - 200 10597B in 2.540988ms
2026/07/07 11:13:25 "GET http://localhost:9280/api/resource-counts? HTTP/1.1" from [::1]:41712 - 200 464B in 9.132992ms
2026/07/07 11:13:27 "GET http://localhost:9280/api/resources/pods? HTTP/1.1" from [::1]:33464 - 200 9987B in 1.204087ms
2026/07/07 11:13:30 "GET http://localhost:9280/api/changes?namespace=default&kind=Pod&name=fk-vault-restore-20260707-110000-45j66&include_managed=true&since=2026-07-06T09%3A13%3A24.670Z&sources=k8s_event&limit=500 HTTP/1.1" from [::1]:33464 - 200 963B in 1.856312ms
2026/07/07 11:13:30 "GET http://localhost:9280/api/changes?namespace=default&kind=Pod&name=fk-vault-restore-20260707-110000-45j66&include_managed=true&since=2026-07-06T09%3A13%3A24.670Z&sources=informer%2Chistorical&limit=50 HTTP/1.1" from [::1]:33454 - 200 1090B in 2.145643ms
2026/07/07 11:13:33 "GET http://localhost:9280/api/portforwards HTTP/1.1" from [::1]:33464 - 200 28B in 69.642µs
2026/07/07 11:13:34 Broadcasting topology update to 1 clients
2026/07/07 11:13:36 "GET http://localhost:9280/api/resources/pods/default/fk-vault-restore-20260707-110000-45j66 HTTP/1.1" from [::1]:33464 - 200 2411B in 318.126µs
2026/07/07 11:13:36 Broadcasting topology update to 1 clients
2026/07/07 11:13:39 "GET http://localhost:9280/api/resources/pods/default/fk-vault-restore-20260707-110000-45j66 HTTP/1.1" from [::1]:33464 - 200 2411B in 505.845µs
2026/07/07 11:13:43 "GET http://localhost:9280/api/metrics/top/pods HTTP/1.1" from [::1]:33464 - 200 354B in 199.942µs
2026/07/07 11:13:43 Broadcasting topology update to 1 clients
2026/07/07 11:13:45 "GET http://localhost:9280/api/metrics/pods/default/fk-vault-restore-20260707-110000-45j66/history HTTP/1.1" from [::1]:33464 - 200 280B in 5.148993ms
2026/07/07 11:13:45 "GET http://localhost:9280/api/changes?namespace=default&kind=Pod&name=fk-vault-restore-20260707-110000-45j66&include_managed=true&since=2026-07-06T09%3A13%3A43.842Z&sources=k8s_event&limit=500 HTTP/1.1" from [::1]:33464 - 200 963B in 1.881048ms
2026/07/07 11:13:45 "GET http://localhost:9280/api/changes?namespace=default&kind=Pod&name=fk-vault-restore-20260707-110000-45j66&include_managed=true&since=2026-07-06T09%3A13%3A43.842Z&sources=informer%2Chistorical&limit=50 HTTP/1.1" from [::1]:33454 - 200 1247B in 2.122489ms
2026/07/07 11:13:45 "GET http://localhost:9280/api/resources/pods/default/fk-vault-restore-20260707-110000-45j66 HTTP/1.1" from [::1]:33464 - 404 94B in 121.722µs
2026/07/07 11:13:45 "GET http://localhost:9280/api/resources/pods? HTTP/1.1" from [::1]:33454 - 200 8397B in 1.321742ms
2026/07/07 11:13:45 "GET http://localhost:9280/api/resource-counts? HTTP/1.1" from [::1]:33464 - 200 463B in 6.72985ms
2026/07/07 11:13:46 "GET http://localhost:9280/api/resources/pods/default/fk-vault-restore-20260707-110000-45j66 HTTP/1.1" from [::1]:33464 - 404 94B in 132.863µs
2026/07/07 11:13:48 "GET http://localhost:9280/api/resources/pods? HTTP/1.1" from [::1]:33464 - 200 8106B in 1.625531ms
2026/07/07 11:13:50 "GET http://localhost:9280/api/audit HTTP/1.1" from [::1]:33464 - 200 8072B in 2.032918ms
2026/07/07 11:13:50 "GET http://localhost:9280/api/capabilities HTTP/1.1" from [::1]:33464 - 200 386B in 4.767406ms
2026/07/07 11:14:00 "GET http://localhost:9280/api/changes?namespace=default&kind=Pod&name=fk-vault-restore-20260707-110000-45j66&include_managed=true&since=2026-07-06T09%3A13%3A50.839Z&sources=k8s_event&limit=500 HTTP/1.1" from [::1]:33464 - 200 963B in 1.527534ms
2026/07/07 11:14:00 "GET http://localhost:9280/api/changes?namespace=default&kind=Pod&name=fk-vault-restore-20260707-110000-45j66&include_managed=true&since=2026-07-06T09%3A13%3A50.839Z&sources=informer%2Chistorical&limit=50 HTTP/1.1" from [::1]:33454 - 200 1247B in 1.547522ms
2026/07/07 11:14:03 "GET http://localhost:9280/api/portforwards HTTP/1.1" from [::1]:33464 - 200 28B in 111.142µs
2026/07/07 11:14:11 Broadcasting topology update to 1 clients
2026/07/07 11:14:12 Broadcasting topology update to 1 clients
2026/07/07 11:14:13 "GET http://localhost:9280/api/metrics/top/pods HTTP/1.1" from [::1]:33464 - 200 505B in 160.265µs
2026/07/07 11:14:13 Broadcasting topology update to 1 clients
2026/07/07 11:14:13 "GET http://localhost:9280/api/resources/pods/default/fk-vault-restore-20260707-110000-45j66 HTTP/1.1" from [::1]:33464 - 404 94B in 165.496µs
2026/07/07 11:14:13 "GET http://localhost:9280/api/resources/pods? HTTP/1.1" from [::1]:33454 - 200 13995B in 2.678149ms
2026/07/07 11:14:13 "GET http://localhost:9280/api/resource-counts? HTTP/1.1" from [::1]:41712 - 200 471B in 8.973779ms
2026/07/07 11:14:14 Broadcasting topology update to 1 clients
2026/07/07 11:14:14 "GET http://localhost:9280/api/resources/pods/default/fk-vault-restore-20260707-110000-45j66 HTTP/1.1" from [::1]:33464 - 404 94B in 114.889µs
2026/07/07 11:14:15 "GET http://localhost:9280/api/prometheus/status HTTP/1.1" from [::1]:33464 - 200 89B in 64.013µs
2026/07/07 11:14:15 "GET http://localhost:9280/api/metrics/pods/default/fk-vault-restore-20260707-110000-45j66/history HTTP/1.1" from [::1]:33464 - 200 280B in 3.546756ms
2026/07/07 11:14:15 "GET http://localhost:9280/api/changes?namespace=default&kind=Pod&name=fk-vault-restore-20260707-110000-45j66&include_managed=true&since=2026-07-06T09%3A14%3A15.079Z&sources=informer%2Chistorical&limit=50 HTTP/1.1" from [::1]:33454 - 200 1247B in 1.874044ms
2026/07/07 11:14:15 "GET http://localhost:9280/api/changes?namespace=default&kind=Pod&name=fk-vault-restore-20260707-110000-45j66&include_managed=true&since=2026-07-06T09%3A14%3A15.079Z&sources=k8s_event&limit=500 HTTP/1.1" from [::1]:33464 - 200 963B in 2.129933ms
2026/07/07 11:14:16 Broadcasting topology update to 1 clients
2026/07/07 11:14:17 "GET http://localhost:9280/api/resources/pods/default/fk-vault-restore-20260707-110000-45j66 HTTP/1.1" from [::1]:33464 - 404 94B in 117.103µs
2026/07/07 11:14:17 Broadcasting topology update to 1 clients
2026/07/07 11:14:18 "GET http://localhost:9280/api/resources/pods/default/fk-vault-restore-20260707-110000-45j66 HTTP/1.1" from [::1]:33464 - 404 94B in 128.335µs
2026/07/07 11:14:19 Broadcasting topology update to 1 clients
2026/07/07 11:14:21 "GET http://localhost:9280/api/secrets/certificate-expiry HTTP/1.1" from [::1]:33464 - 200 28B in 120.089µs
2026/07/07 11:14:25 Broadcasting topology update to 1 clients
2026/07/07 11:14:25 "GET http://localhost:9280/api/resources/pods? HTTP/1.1" from [::1]:33464 - 200 12754B in 1.37828ms
2026/07/07 11:14:29 Broadcasting topology update to 1 clients
2026/07/07 11:14:30 "GET http://localhost:9280/api/changes?namespace=default&kind=Pod&name=fk-vault-restore-20260707-110000-45j66&include_managed=true&since=2026-07-06T09%3A14%3A29.951Z&sources=informer%2Chistorical&limit=50 HTTP/1.1" from [::1]:33464 - 200 1247B in 2.380761ms
2026/07/07 11:14:30 "GET http://localhost:9280/api/changes?namespace=default&kind=Pod&name=fk-vault-restore-20260707-110000-45j66&include_managed=true&since=2026-07-06T09%3A14%3A29.951Z&sources=k8s_event&limit=500 HTTP/1.1" from [::1]:33454 - 200 963B in 2.254801ms
2026/07/07 11:14:33 "GET http://localhost:9280/api/portforwards HTTP/1.1" from [::1]:33464 - 200 28B in 58.842µs
2026/07/07 11:14:34 Broadcasting topology update to 1 clients
2026/07/07 11:14:39 Broadcasting topology update to 1 clients
2026/07/07 11:14:43 "GET http://localhost:9280/api/metrics/top/pods HTTP/1.1" from [::1]:33464 - 200 476B in 229.137µs
2026/07/07 11:14:44 Broadcasting topology update to 1 clients
2026/07/07 11:14:45 "GET http://localhost:9280/api/metrics/pods/default/fk-vault-restore-20260707-110000-45j66/history HTTP/1.1" from [::1]:33464 - 200 280B in 4.708643ms
2026/07/07 11:14:45 "GET http://localhost:9280/api/changes?namespace=default&kind=Pod&name=fk-vault-restore-20260707-110000-45j66&include_managed=true&since=2026-07-06T09%3A14%3A45.687Z&sources=informer%2Chistorical&limit=50 HTTP/1.1" from [::1]:33464 - 200 1247B in 2.6787ms
2026/07/07 11:14:45 "GET http://localhost:9280/api/changes?namespace=default&kind=Pod&name=fk-vault-restore-20260707-110000-45j66&include_managed=true&since=2026-07-06T09%3A14%3A45.687Z&sources=k8s_event&limit=500 HTTP/1.1" from [::1]:33454 - 200 963B in 2.436528ms
2026/07/07 11:14:46 Broadcasting topology update to 1 clients
2026/07/07 11:14:47 "GET http://localhost:9280/api/resources/pods/default/fk-vault-restore-20260707-110000-45j66 HTTP/1.1" from [::1]:33464 - 404 94B in 240.238µs
2026/07/07 11:14:47 "GET http://localhost:9280/api/resources/pods? HTTP/1.1" from [::1]:33454 - 200 14385B in 1.422614ms
2026/07/07 11:14:47 "GET http://localhost:9280/api/resource-counts? HTTP/1.1" from [::1]:33464 - 200 472B in 5.535581ms
2026/07/07 11:14:48 Broadcasting topology update to 1 clients
2026/07/07 11:14:48 "GET http://localhost:9280/api/resources/pods/default/fk-vault-restore-20260707-110000-45j66 HTTP/1.1" from [::1]:33464 - 404 94B in 90.142µs
2026/07/07 11:14:49 Broadcasting topology update to 1 clients
2026/07/07 11:14:50 "GET http://localhost:9280/api/audit HTTP/1.1" from [::1]:33464 - 200 8633B in 1.757874ms
2026/07/07 11:14:50 "GET http://localhost:9280/api/capabilities HTTP/1.1" from [::1]:33464 - 200 386B in 3.619176ms
2026/07/07 11:14:55 Broadcasting topology update to 1 clients
2026/07/07 11:14:58 Broadcasting topology update to 1 clients
2026/07/07 11:14:59 "GET http://localhost:9280/api/resources/pods? HTTP/1.1" from [::1]:33464 - 200 14321B in 1.570045ms
2026/07/07 11:15:00 "GET http://localhost:9280/api/changes?namespace=default&kind=Pod&name=fk-vault-restore-20260707-110000-45j66&include_managed=true&since=2026-07-06T09%3A14%3A59.029Z&sources=k8s_event&limit=500 HTTP/1.1" from [::1]:33454 - 200 963B in 1.908982ms
2026/07/07 11:15:00 "GET http://localhost:9280/api/changes?namespace=default&kind=Pod&name=fk-vault-restore-20260707-110000-45j66&include_managed=true&since=2026-07-06T09%3A14%3A59.029Z&sources=informer%2Chistorical&limit=50 HTTP/1.1" from [::1]:33464 - 200 1247B in 1.954538ms
2026/07/07 11:15:03 "GET http://localhost:9280/api/portforwards HTTP/1.1" from [::1]:33464 - 200 28B in 62.179µs
2026/07/07 11:15:04 Broadcasting topology update to 1 clients
2026/07/07 11:15:09 Broadcasting topology update to 1 clients
2026/07/07 11:15:11 Broadcasting topology update to 1 clients
2026/07/07 11:15:13 "GET http://localhost:9280/api/metrics/top/pods HTTP/1.1" from [::1]:33464 - 200 511B in 183.24µs
2026/07/07 11:15:14 Broadcasting topology update to 1 clients
2026/07/07 11:15:15 "GET http://localhost:9280/api/prometheus/status HTTP/1.1" from [::1]:33464 - 200 89B in 85.964µs
2026/07/07 11:15:15 "GET http://localhost:9280/api/metrics/pods/default/fk-vault-restore-20260707-110000-45j66/history HTTP/1.1" from [::1]:33464 - 200 280B in 3.090386ms
2026/07/07 11:15:15 "GET http://localhost:9280/api/changes?namespace=default&kind=Pod&name=fk-vault-restore-20260707-110000-45j66&include_managed=true&since=2026-07-06T09%3A15%3A15.092Z&sources=k8s_event&limit=500 HTTP/1.1" from [::1]:33464 - 200 963B in 2.070089ms
2026/07/07 11:15:15 "GET http://localhost:9280/api/changes?namespace=default&kind=Pod&name=fk-vault-restore-20260707-110000-45j66&include_managed=true&since=2026-07-06T09%3A15%3A15.092Z&sources=informer%2Chistorical&limit=50 HTTP/1.1" from [::1]:33454 - 200 1247B in 1.892891ms
2026/07/07 11:15:16 Broadcasting topology update to 1 clients
2026/07/07 11:15:17 "GET http://localhost:9280/api/resources/pods/default/fk-vault-restore-20260707-110000-45j66 HTTP/1.1" from [::1]:33464 - 404 94B in 69.823µs
2026/07/07 11:15:17 "GET http://localhost:9280/api/resources/pods? HTTP/1.1" from [::1]:33454 - 200 14106B in 1.302024ms
2026/07/07 11:15:17 "GET http://localhost:9280/api/resource-counts? HTTP/1.1" from [::1]:33464 - 200 471B in 6.42045ms
2026/07/07 11:15:18 "GET http://localhost:9280/api/resources/pods/default/fk-vault-restore-20260707-110000-45j66 HTTP/1.1" from [::1]:33464 - 404 94B in 107.335µs
2026/07/07 11:15:19 Broadcasting topology update to 1 clients
2026/07/07 11:15:21 "GET http://localhost:9280/api/resources/pods/default/fk-vault-restore-20260707-110000-45j66 HTTP/1.1" from [::1]:33464 - 404 94B in 62.84µs
2026/07/07 11:15:21 "GET http://localhost:9280/api/resources/pods? HTTP/1.1" from [::1]:33454 - 200 13391B in 1.144604ms
2026/07/07 11:15:21 "GET http://localhost:9280/api/resource-counts? HTTP/1.1" from [::1]:41712 - 200 471B in 4.711819ms
2026/07/07 11:15:21 "GET http://localhost:9280/api/secrets/certificate-expiry HTTP/1.1" from [::1]:33464 - 200 28B in 96.474µs
2026/07/07 11:15:22 "GET http://localhost:9280/api/resources/pods/default/fk-vault-restore-20260707-110000-45j66 HTTP/1.1" from [::1]:33464 - 404 94B in 103.899µs
2026/07/07 11:15:24 Broadcasting topology update to 1 clients
2026/07/07 11:15:25 Broadcasting topology update to 1 clients
2026/07/07 11:15:29 Broadcasting topology update to 1 clients
2026/07/07 11:15:29 "GET http://localhost:9280/api/resources/pods? HTTP/1.1" from [::1]:33464 - 200 13126B in 1.056606ms
2026/07/07 11:15:30 "GET http://localhost:9280/api/changes?namespace=default&kind=Pod&name=fk-vault-restore-20260707-110000-45j66&include_managed=true&since=2026-07-06T09%3A15%3A29.126Z&sources=k8s_event&limit=500 HTTP/1.1" from [::1]:33464 - 200 963B in 4.010401ms
2026/07/07 11:15:30 "GET http://localhost:9280/api/changes?namespace=default&kind=Pod&name=fk-vault-restore-20260707-110000-45j66&include_managed=true&since=2026-07-06T09%3A15%3A29.126Z&sources=informer%2Chistorical&limit=50 HTTP/1.1" from [::1]:33454 - 200 1247B in 5.051597ms
2026/07/07 11:15:33 "GET http://localhost:9280/api/portforwards HTTP/1.1" from [::1]:33464 - 200 28B in 70.063µs
2026/07/07 11:15:34 Broadcasting topology update to 1 clients
2026/07/07 11:15:39 Broadcasting topology update to 1 clients
2026/07/07 11:15:43 "GET http://localhost:9280/api/metrics/top/pods HTTP/1.1" from [::1]:33464 - 200 470B in 245.449µs
2026/07/07 11:15:44 Broadcasting topology update to 1 clients
2026/07/07 11:15:45 "GET http://localhost:9280/api/metrics/pods/default/fk-vault-restore-20260707-110000-45j66/history HTTP/1.1" from [::1]:33464 - 200 280B in 3.909007ms
2026/07/07 11:15:45 "GET http://localhost:9280/api/changes?namespace=default&kind=Pod&name=fk-vault-restore-20260707-110000-45j66&include_managed=true&since=2026-07-06T09%3A15%3A44.115Z&sources=k8s_event&limit=500 HTTP/1.1" from [::1]:33464 - 200 963B in 1.889064ms
2026/07/07 11:15:45 "GET http://localhost:9280/api/changes?namespace=default&kind=Pod&name=fk-vault-restore-20260707-110000-45j66&include_managed=true&since=2026-07-06T09%3A15%3A44.115Z&sources=informer%2Chistorical&limit=50 HTTP/1.1" from [::1]:33454 - 200 1247B in 1.772421ms
2026/07/07 11:15:49 Broadcasting topology update to 1 clients
2026/07/07 11:15:50 "GET http://localhost:9280/api/audit HTTP/1.1" from [::1]:33464 - 200 8633B in 1.457069ms
2026/07/07 11:15:51 "GET http://localhost:9280/api/capabilities HTTP/1.1" from [::1]:33464 - 200 386B in 4.132192ms
2026/07/07 11:15:51 Broadcasting topology update to 1 clients
2026/07/07 11:15:54 Broadcasting topology update to 1 clients
2026/07/07 11:15:59 Broadcasting topology update to 1 clients
2026/07/07 11:16:00 "GET http://localhost:9280/api/changes?namespace=default&kind=Pod&name=fk-vault-restore-20260707-110000-45j66&include_managed=true&since=2026-07-06T09%3A15%3A59.108Z&sources=informer%2Chistorical&limit=50 HTTP/1.1" from [::1]:33454 - 200 1247B in 1.508568ms
2026/07/07 11:16:00 "GET http://localhost:9280/api/changes?namespace=default&kind=Pod&name=fk-vault-restore-20260707-110000-45j66&include_managed=true&since=2026-07-06T09%3A15%3A59.108Z&sources=k8s_event&limit=500 HTTP/1.1" from [::1]:33464 - 200 963B in 2.245484ms
2026/07/07 11:16:03 "GET http://localhost:9280/api/portforwards HTTP/1.1" from [::1]:33464 - 200 28B in 72.298µs
2026/07/07 11:16:04 Broadcasting topology update to 1 clients
2026/07/07 11:16:06 Broadcasting topology update to 1 clients
2026/07/07 11:16:09 Broadcasting topology update to 1 clients
2026/07/07 11:16:13 "GET http://localhost:9280/api/metrics/top/pods HTTP/1.1" from [::1]:33464 - 200 480B in 189.321µs
2026/07/07 11:16:14 Broadcasting topology update to 1 clients
2026/07/07 11:16:15 "GET http://localhost:9280/api/prometheus/status HTTP/1.1" from [::1]:33464 - 200 89B in 91.364µs
2026/07/07 11:16:15 "GET http://localhost:9280/api/metrics/pods/default/fk-vault-restore-20260707-110000-45j66/history HTTP/1.1" from [::1]:33464 - 200 280B in 3.551033ms
2026/07/07 11:16:16 "GET http://localhost:9280/api/changes?namespace=default&kind=Pod&name=fk-vault-restore-20260707-110000-45j66&include_managed=true&since=2026-07-06T09%3A16%3A14.123Z&sources=k8s_event&limit=500 HTTP/1.1" from [::1]:33454 - 200 963B in 1.536842ms
2026/07/07 11:16:16 "GET http://localhost:9280/api/changes?namespace=default&kind=Pod&name=fk-vault-restore-20260707-110000-45j66&include_managed=true&since=2026-07-06T09%3A16%3A14.123Z&sources=informer%2Chistorical&limit=50 HTTP/1.1" from [::1]:33464 - 200 1247B in 2.169969ms
2026/07/07 11:16:19 Broadcasting topology update to 1 clients
2026/07/07 11:16:20 Broadcasting topology update to 1 clients
2026/07/07 11:16:21 API resource discovery took 4.90108ms
2026/07/07 11:16:21 Discovered 66 API resources (63 unique kinds)
2026/07/07 11:16:21 "GET http://localhost:9280/api/resource-counts? HTTP/1.1" from [::1]:33464 - 200 471B in 9.266198ms
2026/07/07 11:16:21 "GET http://localhost:9280/api/secrets/certificate-expiry HTTP/1.1" from [::1]:33464 - 200 28B in 131.04µs
2026/07/07 11:16:31 "GET http://localhost:9280/api/changes?namespace=default&kind=Pod&name=fk-vault-restore-20260707-110000-45j66&include_managed=true&since=2026-07-06T09%3A16%3A21.011Z&sources=k8s_event&limit=500 HTTP/1.1" from [::1]:33464 - 200 963B in 1.774135ms
2026/07/07 11:16:31 "GET http://localhost:9280/api/changes?namespace=default&kind=Pod&name=fk-vault-restore-20260707-110000-45j66&include_managed=true&since=2026-07-06T09%3A16%3A21.011Z&sources=informer%2Chistorical&limit=50 HTTP/1.1" from [::1]:33454 - 200 1247B in 1.788703ms
2026/07/07 11:16:33 "GET http://localhost:9280/api/portforwards HTTP/1.1" from [::1]:33464 - 200 28B in 81.596µs
2026/07/07 11:16:34 Broadcasting topology update to 1 clients
2026/07/07 11:16:43 "GET http://localhost:9280/api/metrics/top/pods HTTP/1.1" from [::1]:33464 - 200 476B in 301.556µs
2026/07/07 11:16:45 "GET http://localhost:9280/api/metrics/pods/default/fk-vault-restore-20260707-110000-45j66/history HTTP/1.1" from [::1]:33464 - 200 280B in 3.321416ms
2026/07/07 11:16:46 "GET http://localhost:9280/api/changes?namespace=default&kind=Pod&name=fk-vault-restore-20260707-110000-45j66&include_managed=true&since=2026-07-06T09%3A16%3A35.022Z&sources=k8s_event&limit=500 HTTP/1.1" from [::1]:33464 - 200 963B in 2.204586ms
2026/07/07 11:16:46 "GET http://localhost:9280/api/changes?namespace=default&kind=Pod&name=fk-vault-restore-20260707-110000-45j66&include_managed=true&since=2026-07-06T09%3A16%3A35.022Z&sources=informer%2Chistorical&limit=50 HTTP/1.1" from [::1]:33454 - 200 1247B in 2.035242ms
2026/07/07 11:16:49 Broadcasting topology update to 1 clients
2026/07/07 11:16:50 "GET http://localhost:9280/api/audit HTTP/1.1" from [::1]:33464 - 200 8633B in 1.191884ms
2026/07/07 11:16:51 "GET http://localhost:9280/api/capabilities HTTP/1.1" from [::1]:33464 - 200 386B in 4.799156ms
2026/07/07 11:16:55 Broadcasting topology update to 1 clients
2026/07/07 11:17:01 "GET http://localhost:9280/api/changes?namespace=default&kind=Pod&name=fk-vault-restore-20260707-110000-45j66&include_managed=true&since=2026-07-06T09%3A16%3A55.775Z&sources=k8s_event&limit=500 HTTP/1.1" from [::1]:33464 - 200 963B in 1.739479ms
2026/07/07 11:17:01 "GET http://localhost:9280/api/changes?namespace=default&kind=Pod&name=fk-vault-restore-20260707-110000-45j66&include_managed=true&since=2026-07-06T09%3A16%3A55.775Z&sources=informer%2Chistorical&limit=50 HTTP/1.1" from [::1]:33454 - 200 1247B in 1.542413ms
2026/07/07 11:17:02 Broadcasting topology update to 1 clients
2026/07/07 11:17:03 "GET http://localhost:9280/api/portforwards HTTP/1.1" from [::1]:33464 - 200 28B in 89.812µs
2026/07/07 11:17:13 "GET http://localhost:9280/api/metrics/top/pods HTTP/1.1" from [::1]:33464 - 200 490B in 178.089µs
2026/07/07 11:17:15 "GET http://localhost:9280/api/prometheus/status HTTP/1.1" from [::1]:33464 - 200 89B in 68.08µs
2026/07/07 11:17:15 "GET http://localhost:9280/api/metrics/pods/default/fk-vault-restore-20260707-110000-45j66/history HTTP/1.1" from [::1]:33464 - 200 280B in 3.562315ms
2026/07/07 11:17:16 "GET http://localhost:9280/api/changes?namespace=default&kind=Pod&name=fk-vault-restore-20260707-110000-45j66&include_managed=true&since=2026-07-06T09%3A17%3A03.022Z&sources=k8s_event&limit=500 HTTP/1.1" from [::1]:33464 - 200 963B in 1.852625ms
2026/07/07 11:17:16 "GET http://localhost:9280/api/changes?namespace=default&kind=Pod&name=fk-vault-restore-20260707-110000-45j66&include_managed=true&since=2026-07-06T09%3A17%3A03.022Z&sources=informer%2Chistorical&limit=50 HTTP/1.1" from [::1]:33454 - 200 1247B in 1.958366ms
2026/07/07 11:17:17 Broadcasting topology update to 1 clients
2026/07/07 11:17:21 "GET http://localhost:9280/api/resource-counts? HTTP/1.1" from [::1]:33464 - 200 471B in 9.05782ms
2026/07/07 11:17:21 "GET http://localhost:9280/api/secrets/certificate-expiry HTTP/1.1" from [::1]:33464 - 200 28B in 175.415µs
2026/07/07 11:17:29 "GET http://localhost:9280/api/resources/pods? HTTP/1.1" from [::1]:33464 - 200 13419B in 1.629148ms
2026/07/07 11:17:31 "GET http://localhost:9280/api/changes?namespace=default&kind=Pod&name=fk-vault-restore-20260707-110000-45j66&include_managed=true&since=2026-07-06T09%3A17%3A30.996Z&sources=k8s_event&limit=500 HTTP/1.1" from [::1]:33464 - 200 963B in 2.320086ms
2026/07/07 11:17:31 "GET http://localhost:9280/api/changes?namespace=default&kind=Pod&name=fk-vault-restore-20260707-110000-45j66&include_managed=true&since=2026-07-06T09%3A17%3A30.996Z&sources=informer%2Chistorical&limit=50 HTTP/1.1" from [::1]:33454 - 200 1247B in 2.551658ms
2026/07/07 11:17:31 Broadcasting topology update to 1 clients
2026/07/07 11:17:33 "GET http://localhost:9280/api/portforwards HTTP/1.1" from [::1]:33464 - 200 28B in 74.802µs
2026/07/07 11:17:43 "GET http://localhost:9280/api/metrics/top/pods HTTP/1.1" from [::1]:33464 - 200 458B in 177.929µs
2026/07/07 11:17:45 "GET http://localhost:9280/api/metrics/pods/default/fk-vault-restore-20260707-110000-45j66/history HTTP/1.1" from [::1]:33464 - 200 280B in 3.589668ms
2026/07/07 11:17:46 "GET http://localhost:9280/api/changes?namespace=default&kind=Pod&name=fk-vault-restore-20260707-110000-45j66&include_managed=true&since=2026-07-06T09%3A17%3A46.038Z&sources=k8s_event&limit=500 HTTP/1.1" from [::1]:33464 - 200 963B in 2.173296ms
2026/07/07 11:17:46 "GET http://localhost:9280/api/changes?namespace=default&kind=Pod&name=fk-vault-restore-20260707-110000-45j66&include_managed=true&since=2026-07-06T09%3A17%3A46.038Z&sources=informer%2Chistorical&limit=50 HTTP/1.1" from [::1]:33454 - 200 1247B in 2.660264ms
2026/07/07 11:17:46 Broadcasting topology update to 1 clients
2026/07/07 11:17:50 "GET http://localhost:9280/api/audit HTTP/1.1" from [::1]:33464 - 200 8633B in 1.366366ms
2026/07/07 11:17:51 "GET http://localhost:9280/api/capabilities HTTP/1.1" from [::1]:33464 - 200 386B in 4.358845ms
2026/07/07 11:17:57 Broadcasting topology update to 1 clients
2026/07/07 11:18:01 "GET http://localhost:9280/api/changes?namespace=default&kind=Pod&name=fk-vault-restore-20260707-110000-45j66&include_managed=true&since=2026-07-06T09%3A17%3A58.015Z&sources=k8s_event&limit=500 HTTP/1.1" from [::1]:33464 - 200 963B in 2.189066ms
2026/07/07 11:18:01 "GET http://localhost:9280/api/changes?namespace=default&kind=Pod&name=fk-vault-restore-20260707-110000-45j66&include_managed=true&since=2026-07-06T09%3A17%3A58.015Z&sources=informer%2Chistorical&limit=50 HTTP/1.1" from [::1]:33454 - 200 1247B in 2.097651ms
2026/07/07 11:18:03 "GET http://localhost:9280/api/portforwards HTTP/1.1" from [::1]:33464 - 200 28B in 56.678µs
2026/07/07 11:18:12 Broadcasting topology update to 1 clients
2026/07/07 11:18:13 "GET http://localhost:9280/api/metrics/top/pods HTTP/1.1" from [::1]:33464 - 200 470B in 317.977µs
2026/07/07 11:18:15 "GET http://localhost:9280/api/prometheus/status HTTP/1.1" from [::1]:33464 - 200 89B in 303.509µs
2026/07/07 11:18:15 "GET http://localhost:9280/api/metrics/pods/default/fk-vault-restore-20260707-110000-45j66/history HTTP/1.1" from [::1]:33464 - 200 280B in 3.422298ms
2026/07/07 11:18:16 "GET http://localhost:9280/api/changes?namespace=default&kind=Pod&name=fk-vault-restore-20260707-110000-45j66&include_managed=true&since=2026-07-06T09%3A18%3A13.015Z&sources=k8s_event&limit=500 HTTP/1.1" from [::1]:33464 - 200 963B in 2.498256ms
2026/07/07 11:18:16 "GET http://localhost:9280/api/changes?namespace=default&kind=Pod&name=fk-vault-restore-20260707-110000-45j66&include_managed=true&since=2026-07-06T09%3A18%3A13.015Z&sources=informer%2Chistorical&limit=50 HTTP/1.1" from [::1]:33454 - 200 1247B in 2.061162ms
2026/07/07 11:18:21 "GET http://localhost:9280/api/resource-counts? HTTP/1.1" from [::1]:33464 - 200 471B in 6.351587ms
2026/07/07 11:18:21 "GET http://localhost:9280/api/secrets/certificate-expiry HTTP/1.1" from [::1]:33464 - 200 28B in 155.516µs
2026/07/07 11:18:26 Broadcasting topology update to 1 clients
2026/07/07 11:18:31 "GET http://localhost:9280/api/changes?namespace=default&kind=Pod&name=fk-vault-restore-20260707-110000-45j66&include_managed=true&since=2026-07-06T09%3A18%3A27.018Z&sources=k8s_event&limit=500 HTTP/1.1" from [::1]:33464 - 200 963B in 2.109685ms
2026/07/07 11:18:31 "GET http://localhost:9280/api/changes?namespace=default&kind=Pod&name=fk-vault-restore-20260707-110000-45j66&include_managed=true&since=2026-07-06T09%3A18%3A27.018Z&sources=informer%2Chistorical&limit=50 HTTP/1.1" from [::1]:33454 - 200 1247B in 2.647451ms
2026/07/07 11:18:33 "GET http://localhost:9280/api/portforwards HTTP/1.1" from [::1]:33464 - 200 28B in 51.488µs
2026/07/07 11:18:41 Broadcasting topology update to 1 clients
2026/07/07 11:18:43 "GET http://localhost:9280/api/metrics/top/pods HTTP/1.1" from [::1]:33464 - 200 458B in 162.931µs
2026/07/07 11:18:45 "GET http://localhost:9280/api/metrics/pods/default/fk-vault-restore-20260707-110000-45j66/history HTTP/1.1" from [::1]:33464 - 200 280B in 3.379837ms
2026/07/07 11:18:46 "GET http://localhost:9280/api/changes?namespace=default&kind=Pod&name=fk-vault-restore-20260707-110000-45j66&include_managed=true&since=2026-07-06T09%3A18%3A42.007Z&sources=k8s_event&limit=500 HTTP/1.1" from [::1]:33464 - 200 963B in 1.64631ms
2026/07/07 11:18:46 "GET http://localhost:9280/api/changes?namespace=default&kind=Pod&name=fk-vault-restore-20260707-110000-45j66&include_managed=true&since=2026-07-06T09%3A18%3A42.007Z&sources=informer%2Chistorical&limit=50 HTTP/1.1" from [::1]:33454 - 200 1247B in 1.580295ms
2026/07/07 11:18:50 "GET http://localhost:9280/api/audit HTTP/1.1" from [::1]:33464 - 200 8633B in 1.334997ms
2026/07/07 11:18:51 "GET http://localhost:9280/api/capabilities HTTP/1.1" from [::1]:33464 - 200 386B in 3.748381ms
2026/07/07 11:18:56 Broadcasting topology update to 1 clients
2026/07/07 11:19:01 "GET http://localhost:9280/api/changes?namespace=default&kind=Pod&name=fk-vault-restore-20260707-110000-45j66&include_managed=true&since=2026-07-06T09%3A18%3A57.010Z&sources=k8s_event&limit=500 HTTP/1.1" from [::1]:33454 - 200 963B in 1.560238ms
2026/07/07 11:19:01 "GET http://localhost:9280/api/changes?namespace=default&kind=Pod&name=fk-vault-restore-20260707-110000-45j66&include_managed=true&since=2026-07-06T09%3A18%3A57.010Z&sources=informer%2Chistorical&limit=50 HTTP/1.1" from [::1]:33464 - 200 1247B in 1.842115ms
2026/07/07 11:19:03 "GET http://localhost:9280/api/portforwards HTTP/1.1" from [::1]:33464 - 200 28B in 49.164µs
2026/07/07 11:19:08 Broadcasting topology update to 1 clients
2026/07/07 11:19:10 [metrics] Pod metrics collection failed (count=200): the server could not find the requested resource
2026/07/07 11:19:10 [metrics] Node metrics collection failed (count=200): the server could not find the requested resource
2026/07/07 11:19:13 "GET http://localhost:9280/api/metrics/top/pods HTTP/1.1" from [::1]:33464 - 200 490B in 238.746µs
2026/07/07 11:19:15 "GET http://localhost:9280/api/prometheus/status HTTP/1.1" from [::1]:33464 - 200 89B in 78.57µs
2026/07/07 11:19:15 "GET http://localhost:9280/api/metrics/pods/default/fk-vault-restore-20260707-110000-45j66/history HTTP/1.1" from [::1]:33464 - 200 280B in 3.227756ms
2026/07/07 11:19:16 "GET http://localhost:9280/api/changes?namespace=default&kind=Pod&name=fk-vault-restore-20260707-110000-45j66&include_managed=true&since=2026-07-06T09%3A19%3A09.013Z&sources=k8s_event&limit=500 HTTP/1.1" from [::1]:33464 - 200 963B in 1.710673ms
2026/07/07 11:19:16 "GET http://localhost:9280/api/changes?namespace=default&kind=Pod&name=fk-vault-restore-20260707-110000-45j66&include_managed=true&since=2026-07-06T09%3A19%3A09.013Z&sources=informer%2Chistorical&limit=50 HTTP/1.1" from [::1]:33454 - 200 1247B in 1.817346ms
2026/07/07 11:19:19 Broadcasting topology update to 1 clients
2026/07/07 11:19:21 "GET http://localhost:9280/api/resource-counts? HTTP/1.1" from [::1]:33464 - 200 471B in 4.21107ms
2026/07/07 11:19:21 "GET http://localhost:9280/api/secrets/certificate-expiry HTTP/1.1" from [::1]:33464 - 200 28B in 100.311µs
2026/07/07 11:19:24 Broadcasting topology update to 1 clients
2026/07/07 11:19:29 "GET http://localhost:9280/api/resources/pods? HTTP/1.1" from [::1]:33464 - 200 13419B in 1.581658ms
2026/07/07 11:19:31 "GET http://localhost:9280/api/changes?namespace=default&kind=Pod&name=fk-vault-restore-20260707-110000-45j66&include_managed=true&since=2026-07-06T09%3A19%3A24.113Z&sources=k8s_event&limit=500 HTTP/1.1" from [::1]:33464 - 200 963B in 2.246777ms
2026/07/07 11:19:31 "GET http://localhost:9280/api/changes?namespace=default&kind=Pod&name=fk-vault-restore-20260707-110000-45j66&include_managed=true&since=2026-07-06T09%3A19%3A24.113Z&sources=informer%2Chistorical&limit=50 HTTP/1.1" from [::1]:33454 - 200 1247B in 1.816316ms
2026/07/07 11:19:33 "GET http://localhost:9280/api/portforwards HTTP/1.1" from [::1]:33464 - 200 28B in 57.43µs
2026/07/07 11:19:33 Broadcasting topology update to 1 clients
2026/07/07 11:19:43 "GET http://localhost:9280/api/metrics/top/pods HTTP/1.1" from [::1]:33464 - 200 458B in 195.923µs
2026/07/07 11:19:44 Broadcasting topology update to 1 clients
2026/07/07 11:19:45 "GET http://localhost:9280/api/metrics/pods/default/fk-vault-restore-20260707-110000-45j66/history HTTP/1.1" from [::1]:33464 - 200 280B in 4.999948ms
2026/07/07 11:19:46 "GET http://localhost:9280/api/changes?namespace=default&kind=Pod&name=fk-vault-restore-20260707-110000-45j66&include_managed=true&since=2026-07-06T09%3A19%3A45.029Z&sources=k8s_event&limit=500 HTTP/1.1" from [::1]:33464 - 200 963B in 1.886799ms
2026/07/07 11:19:46 "GET http://localhost:9280/api/changes?namespace=default&kind=Pod&name=fk-vault-restore-20260707-110000-45j66&include_managed=true&since=2026-07-06T09%3A19%3A45.029Z&sources=informer%2Chistorical&limit=50 HTTP/1.1" from [::1]:33454 - 200 1247B in 1.778553ms
2026/07/07 11:19:50 "GET http://localhost:9280/api/audit HTTP/1.1" from [::1]:33464 - 200 8633B in 1.451369ms
2026/07/07 11:19:51 "GET http://localhost:9280/api/capabilities HTTP/1.1" from [::1]:33464 - 200 386B in 5.104392ms
2026/07/07 11:19:59 Broadcasting topology update to 1 clients
2026/07/07 11:20:01 "GET http://localhost:9280/api/changes?namespace=default&kind=Pod&name=fk-vault-restore-20260707-110000-45j66&include_managed=true&since=2026-07-06T09%3A20%3A00.008Z&sources=k8s_event&limit=500 HTTP/1.1" from [::1]:33464 - 200 963B in 1.638326ms
2026/07/07 11:20:01 "GET http://localhost:9280/api/changes?namespace=default&kind=Pod&name=fk-vault-restore-20260707-110000-45j66&include_managed=true&since=2026-07-06T09%3A20%3A00.008Z&sources=informer%2Chistorical&limit=50 HTTP/1.1" from [::1]:33454 - 200 1247B in 1.660087ms
2026/07/07 11:20:03 "GET http://localhost:9280/api/portforwards HTTP/1.1" from [::1]:33464 - 200 28B in 66.106µs
2026/07/07 11:20:13 "GET http://localhost:9280/api/metrics/top/pods HTTP/1.1" from [::1]:33464 - 200 490B in 451.081µs
2026/07/07 11:20:13 Broadcasting topology update to 1 clients
2026/07/07 11:20:15 "GET http://localhost:9280/api/prometheus/status HTTP/1.1" from [::1]:33464 - 200 89B in 107.284µs
2026/07/07 11:20:15 "GET http://localhost:9280/api/metrics/pods/default/fk-vault-restore-20260707-110000-45j66/history HTTP/1.1" from [::1]:33464 - 200 280B in 3.535588ms
2026/07/07 11:20:16 "GET http://localhost:9280/api/changes?namespace=default&kind=Pod&name=fk-vault-restore-20260707-110000-45j66&include_managed=true&since=2026-07-06T09%3A20%3A14.008Z&sources=k8s_event&limit=500 HTTP/1.1" from [::1]:33464 - 200 963B in 1.906046ms
2026/07/07 11:20:16 "GET http://localhost:9280/api/changes?namespace=default&kind=Pod&name=fk-vault-restore-20260707-110000-45j66&include_managed=true&since=2026-07-06T09%3A20%3A14.008Z&sources=informer%2Chistorical&limit=50 HTTP/1.1" from [::1]:33454 - 200 1247B in 1.701787ms
2026/07/07 11:20:21 "GET http://localhost:9280/api/resource-counts? HTTP/1.1" from [::1]:33464 - 200 471B in 5.000244ms
2026/07/07 11:20:21 "GET http://localhost:9280/api/secrets/certificate-expiry HTTP/1.1" from [::1]:33464 - 200 28B in 121.682µs
2026/07/07 11:20:29 Broadcasting topology update to 1 clients
2026/07/07 11:20:31 "GET http://localhost:9280/api/changes?namespace=default&kind=Pod&name=fk-vault-restore-20260707-110000-45j66&include_managed=true&since=2026-07-06T09%3A20%3A30.017Z&sources=k8s_event&limit=500 HTTP/1.1" from [::1]:33464 - 200 963B in 1.545028ms
2026/07/07 11:20:31 "GET http://localhost:9280/api/changes?namespace=default&kind=Pod&name=fk-vault-restore-20260707-110000-45j66&include_managed=true&since=2026-07-06T09%3A20%3A30.017Z&sources=informer%2Chistorical&limit=50 HTTP/1.1" from [::1]:33454 - 200 1247B in 1.573692ms
2026/07/07 11:20:33 "GET http://localhost:9280/api/portforwards HTTP/1.1" from [::1]:33464 - 200 28B in 68.03µs
2026/07/07 11:20:41 Broadcasting topology update to 1 clients
2026/07/07 11:20:43 "GET http://localhost:9280/api/metrics/top/pods HTTP/1.1" from [::1]:33464 - 200 480B in 394.162µs
2026/07/07 11:20:45 "GET http://localhost:9280/api/metrics/pods/default/fk-vault-restore-20260707-110000-45j66/history HTTP/1.1" from [::1]:33464 - 200 280B in 3.377673ms
2026/07/07 11:20:46 "GET http://localhost:9280/api/changes?namespace=default&kind=Pod&name=fk-vault-restore-20260707-110000-45j66&include_managed=true&since=2026-07-06T09%3A20%3A41.042Z&sources=informer%2Chistorical&limit=50 HTTP/1.1" from [::1]:33454 - 200 1247B in 1.870929ms
2026/07/07 11:20:46 "GET http://localhost:9280/api/changes?namespace=default&kind=Pod&name=fk-vault-restore-20260707-110000-45j66&include_managed=true&since=2026-07-06T09%3A20%3A41.042Z&sources=k8s_event&limit=500 HTTP/1.1" from [::1]:33464 - 200 963B in 2.050843ms
2026/07/07 11:20:50 "GET http://localhost:9280/api/audit HTTP/1.1" from [::1]:33464 - 200 8633B in 1.822557ms
2026/07/07 11:20:51 "GET http://localhost:9280/api/capabilities HTTP/1.1" from [::1]:33464 - 200 386B in 4.795759ms
2026/07/07 11:21:01 "GET http://localhost:9280/api/changes?namespace=default&kind=Pod&name=fk-vault-restore-20260707-110000-45j66&include_managed=true&since=2026-07-06T09%3A20%3A41.042Z&sources=informer%2Chistorical&limit=50 HTTP/1.1" from [::1]:33464 - 200 1247B in 1.780306ms
2026/07/07 11:21:01 "GET http://localhost:9280/api/changes?namespace=default&kind=Pod&name=fk-vault-restore-20260707-110000-45j66&include_managed=true&since=2026-07-06T09%3A20%3A41.042Z&sources=k8s_event&limit=500 HTTP/1.1" from [::1]:33454 - 200 963B in 1.766619ms
2026/07/07 11:21:03 "GET http://localhost:9280/api/portforwards HTTP/1.1" from [::1]:33464 - 200 28B in 49.254µs
2026/07/07 11:21:13 "GET http://localhost:9280/api/metrics/top/pods HTTP/1.1" from [::1]:33464 - 200 458B in 162.731µs
2026/07/07 11:21:15 "GET http://localhost:9280/api/prometheus/status HTTP/1.1" from [::1]:33464 - 200 89B in 87.056µs
2026/07/07 11:21:15 "GET http://localhost:9280/api/metrics/pods/default/fk-vault-restore-20260707-110000-45j66/history HTTP/1.1" from [::1]:33464 - 200 280B in 3.007247ms
2026/07/07 11:21:16 "GET http://localhost:9280/api/changes?namespace=default&kind=Pod&name=fk-vault-restore-20260707-110000-45j66&include_managed=true&since=2026-07-06T09%3A20%3A41.042Z&sources=informer%2Chistorical&limit=50 HTTP/1.1" from [::1]:33464 - 200 1247B in 2.010706ms
2026/07/07 11:21:16 "GET http://localhost:9280/api/changes?namespace=default&kind=Pod&name=fk-vault-restore-20260707-110000-45j66&include_managed=true&since=2026-07-06T09%3A20%3A41.042Z&sources=k8s_event&limit=500 HTTP/1.1" from [::1]:33454 - 200 963B in 2.103783ms
2026/07/07 11:21:21 API resource discovery took 4.839344ms
2026/07/07 11:21:21 Discovered 66 API resources (63 unique kinds)
2026/07/07 11:21:21 "GET http://localhost:9280/api/resource-counts? HTTP/1.1" from [::1]:33464 - 200 471B in 9.191595ms
2026/07/07 11:21:21 "GET http://localhost:9280/api/secrets/certificate-expiry HTTP/1.1" from [::1]:33464 - 200 28B in 104.96µs
2026/07/07 11:21:29 "GET http://localhost:9280/api/resources/pods? HTTP/1.1" from [::1]:33464 - 200 12577B in 1.097865ms
2026/07/07 11:21:31 "GET http://localhost:9280/api/changes?namespace=default&kind=Pod&name=fk-vault-restore-20260707-110000-45j66&include_managed=true&since=2026-07-06T09%3A20%3A41.042Z&sources=informer%2Chistorical&limit=50 HTTP/1.1" from [::1]:33464 - 200 1247B in 1.683432ms
2026/07/07 11:21:31 "GET http://localhost:9280/api/changes?namespace=default&kind=Pod&name=fk-vault-restore-20260707-110000-45j66&include_managed=true&since=2026-07-06T09%3A20%3A41.042Z&sources=k8s_event&limit=500 HTTP/1.1" from [::1]:33454 - 200 963B in 1.716475ms
2026/07/07 11:21:33 "GET http://localhost:9280/api/portforwards HTTP/1.1" from [::1]:33464 - 200 28B in 51.288µs
2026/07/07 11:21:44 "GET http://localhost:9280/api/metrics/top/pods HTTP/1.1" from [::1]:33464 - 200 473B in 230.039µs
2026/07/07 11:21:45 "GET http://localhost:9280/api/metrics/pods/default/fk-vault-restore-20260707-110000-45j66/history HTTP/1.1" from [::1]:33464 - 200 280B in 3.09175ms
2026/07/07 11:21:46 "GET http://localhost:9280/api/changes?namespace=default&kind=Pod&name=fk-vault-restore-20260707-110000-45j66&include_managed=true&since=2026-07-06T09%3A20%3A41.042Z&sources=informer%2Chistorical&limit=50 HTTP/1.1" from [::1]:33464 - 200 1247B in 1.85008ms
2026/07/07 11:21:46 "GET http://localhost:9280/api/changes?namespace=default&kind=Pod&name=fk-vault-restore-20260707-110000-45j66&include_managed=true&since=2026-07-06T09%3A20%3A41.042Z&sources=k8s_event&limit=500 HTTP/1.1" from [::1]:33454 - 200 963B in 2.311109ms
2026/07/07 11:21:50 "GET http://localhost:9280/api/audit HTTP/1.1" from [::1]:33464 - 200 8633B in 1.484602ms
2026/07/07 11:21:51 "GET http://localhost:9280/api/capabilities HTTP/1.1" from [::1]:33464 - 200 386B in 2.697496ms
2026/07/07 11:22:00 Broadcasting topology update to 1 clients
2026/07/07 11:22:01 "GET http://localhost:9280/api/changes?namespace=default&kind=Pod&name=fk-vault-restore-20260707-110000-45j66&include_managed=true&since=2026-07-06T09%3A22%3A00.342Z&sources=k8s_event&limit=500 HTTP/1.1" from [::1]:33454 - 200 963B in 1.591907ms
2026/07/07 11:22:01 "GET http://localhost:9280/api/changes?namespace=default&kind=Pod&name=fk-vault-restore-20260707-110000-45j66&include_managed=true&since=2026-07-06T09%3A22%3A00.342Z&sources=informer%2Chistorical&limit=50 HTTP/1.1" from [::1]:33464 - 200 1247B in 1.790937ms
2026/07/07 11:22:03 "GET http://localhost:9280/api/portforwards HTTP/1.1" from [::1]:33464 - 200 28B in 60.666µs
2026/07/07 11:22:14 "GET http://localhost:9280/api/metrics/top/pods HTTP/1.1" from [::1]:33464 - 200 458B in 158.212µs
2026/07/07 11:22:15 "GET http://localhost:9280/api/prometheus/status HTTP/1.1" from [::1]:33464 - 200 89B in 77.668µs
2026/07/07 11:22:15 "GET http://localhost:9280/api/metrics/pods/default/fk-vault-restore-20260707-110000-45j66/history HTTP/1.1" from [::1]:33464 - 200 280B in 2.765415ms
2026/07/07 11:22:16 "GET http://localhost:9280/api/changes?namespace=default&kind=Pod&name=fk-vault-restore-20260707-110000-45j66&include_managed=true&since=2026-07-06T09%3A22%3A00.342Z&sources=k8s_event&limit=500 HTTP/1.1" from [::1]:33454 - 200 963B in 1.825613ms
2026/07/07 11:22:16 "GET http://localhost:9280/api/changes?namespace=default&kind=Pod&name=fk-vault-restore-20260707-110000-45j66&include_managed=true&since=2026-07-06T09%3A22%3A00.342Z&sources=informer%2Chistorical&limit=50 HTTP/1.1" from [::1]:33464 - 200 1247B in 2.520519ms
2026/07/07 11:22:21 "GET http://localhost:9280/api/resource-counts? HTTP/1.1" from [::1]:33464 - 200 471B in 6.259672ms
2026/07/07 11:22:21 "GET http://localhost:9280/api/secrets/certificate-expiry HTTP/1.1" from [::1]:33464 - 200 28B in 124.648µs
2026/07/07 11:22:31 "GET http://localhost:9280/api/changes?namespace=default&kind=Pod&name=fk-vault-restore-20260707-110000-45j66&include_managed=true&since=2026-07-06T09%3A22%3A00.342Z&sources=k8s_event&limit=500 HTTP/1.1" from [::1]:33464 - 200 963B in 1.735652ms
2026/07/07 11:22:31 "GET http://localhost:9280/api/changes?namespace=default&kind=Pod&name=fk-vault-restore-20260707-110000-45j66&include_managed=true&since=2026-07-06T09%3A22%3A00.342Z&sources=informer%2Chistorical&limit=50 HTTP/1.1" from [::1]:33454 - 200 1247B in 1.732295ms
2026/07/07 11:22:33 "GET http://localhost:9280/api/portforwards HTTP/1.1" from [::1]:33464 - 200 28B in 51.628µs
2026/07/07 11:22:44 "GET http://localhost:9280/api/metrics/top/pods HTTP/1.1" from [::1]:33464 - 200 476B in 170.014µs
2026/07/07 11:22:45 "GET http://localhost:9280/api/metrics/pods/default/fk-vault-restore-20260707-110000-45j66/history HTTP/1.1" from [::1]:33464 - 200 280B in 3.251463ms
2026/07/07 11:22:46 "GET http://localhost:9280/api/changes?namespace=default&kind=Pod&name=fk-vault-restore-20260707-110000-45j66&include_managed=true&since=2026-07-06T09%3A22%3A00.342Z&sources=k8s_event&limit=500 HTTP/1.1" from [::1]:33464 - 200 963B in 1.854959ms
2026/07/07 11:22:46 "GET http://localhost:9280/api/changes?namespace=default&kind=Pod&name=fk-vault-restore-20260707-110000-45j66&include_managed=true&since=2026-07-06T09%3A22%3A00.342Z&sources=informer%2Chistorical&limit=50 HTTP/1.1" from [::1]:33454 - 200 1247B in 2.486534ms
2026/07/07 11:22:50 "GET http://localhost:9280/api/audit HTTP/1.1" from [::1]:33464 - 200 8633B in 1.464264ms
2026/07/07 11:22:51 "GET http://localhost:9280/api/capabilities HTTP/1.1" from [::1]:33464 - 200 386B in 4.207467ms
2026/07/07 11:23:01 "GET http://localhost:9280/api/changes?namespace=default&kind=Pod&name=fk-vault-restore-20260707-110000-45j66&include_managed=true&since=2026-07-06T09%3A22%3A00.342Z&sources=k8s_event&limit=500 HTTP/1.1" from [::1]:33464 - 200 963B in 1.847725ms
2026/07/07 11:23:01 "GET http://localhost:9280/api/changes?namespace=default&kind=Pod&name=fk-vault-restore-20260707-110000-45j66&include_managed=true&since=2026-07-06T09%3A22%3A00.342Z&sources=informer%2Chistorical&limit=50 HTTP/1.1" from [::1]:33454 - 200 1247B in 2.504097ms
2026/07/07 11:23:03 "GET http://localhost:9280/api/portforwards HTTP/1.1" from [::1]:33464 - 200 28B in 72.639µs
2026/07/07 11:23:14 "GET http://localhost:9280/api/metrics/top/pods HTTP/1.1" from [::1]:33464 - 200 473B in 196.475µs
2026/07/07 11:23:15 "GET http://localhost:9280/api/prometheus/status HTTP/1.1" from [::1]:33464 - 200 89B in 59.583µs
2026/07/07 11:23:15 "GET http://localhost:9280/api/metrics/pods/default/fk-vault-restore-20260707-110000-45j66/history HTTP/1.1" from [::1]:33464 - 200 280B in 3.308942ms
2026/07/07 11:23:16 "GET http://localhost:9280/api/changes?namespace=default&kind=Pod&name=fk-vault-restore-20260707-110000-45j66&include_managed=true&since=2026-07-06T09%3A22%3A00.342Z&sources=k8s_event&limit=500 HTTP/1.1" from [::1]:33464 - 200 963B in 1.71948ms
2026/07/07 11:23:16 "GET http://localhost:9280/api/changes?namespace=default&kind=Pod&name=fk-vault-restore-20260707-110000-45j66&include_managed=true&since=2026-07-06T09%3A22%3A00.342Z&sources=informer%2Chistorical&limit=50 HTTP/1.1" from [::1]:33454 - 200 1247B in 1.658905ms
2026/07/07 11:23:21 "GET http://localhost:9280/api/resource-counts? HTTP/1.1" from [::1]:33464 - 200 471B in 4.810968ms
2026/07/07 11:23:21 "GET http://localhost:9280/api/secrets/certificate-expiry HTTP/1.1" from [::1]:33464 - 200 28B in 104.389µs
2026/07/07 11:23:29 "GET http://localhost:9280/api/resources/pods? HTTP/1.1" from [::1]:33464 - 200 13419B in 1.302816ms
2026/07/07 11:23:31 "GET http://localhost:9280/api/changes?namespace=default&kind=Pod&name=fk-vault-restore-20260707-110000-45j66&include_managed=true&since=2026-07-06T09%3A22%3A00.342Z&sources=informer%2Chistorical&limit=50 HTTP/1.1" from [::1]:33454 - 200 1247B in 3.017457ms
2026/07/07 11:23:31 "GET http://localhost:9280/api/changes?namespace=default&kind=Pod&name=fk-vault-restore-20260707-110000-45j66&include_managed=true&since=2026-07-06T09%3A22%3A00.342Z&sources=k8s_event&limit=500 HTTP/1.1" from [::1]:33464 - 200 963B in 4.087778ms
2026/07/07 11:23:33 "GET http://localhost:9280/api/portforwards HTTP/1.1" from [::1]:33464 - 200 28B in 56.968µs
2026/07/07 11:23:44 "GET http://localhost:9280/api/metrics/top/pods HTTP/1.1" from [::1]:33464 - 200 480B in 284.393µs
2026/07/07 11:23:45 "GET http://localhost:9280/api/metrics/pods/default/fk-vault-restore-20260707-110000-45j66/history HTTP/1.1" from [::1]:33464 - 200 280B in 3.371422ms
2026/07/07 11:23:46 "GET http://localhost:9280/api/changes?namespace=default&kind=Pod&name=fk-vault-restore-20260707-110000-45j66&include_managed=true&since=2026-07-06T09%3A22%3A00.342Z&sources=k8s_event&limit=500 HTTP/1.1" from [::1]:33454 - 200 963B in 1.622275ms
2026/07/07 11:23:46 "GET http://localhost:9280/api/changes?namespace=default&kind=Pod&name=fk-vault-restore-20260707-110000-45j66&include_managed=true&since=2026-07-06T09%3A22%3A00.342Z&sources=informer%2Chistorical&limit=50 HTTP/1.1" from [::1]:33464 - 200 1247B in 1.863546ms
2026/07/07 11:23:50 "GET http://localhost:9280/api/audit HTTP/1.1" from [::1]:33464 - 200 8574B in 1.33665ms
2026/07/07 11:23:51 "GET http://localhost:9280/api/capabilities HTTP/1.1" from [::1]:33464 - 200 386B in 3.756115ms
2026/07/07 11:24:01 "GET http://localhost:9280/api/changes?namespace=default&kind=Pod&name=fk-vault-restore-20260707-110000-45j66&include_managed=true&since=2026-07-06T09%3A23%3A50.977Z&sources=k8s_event&limit=500 HTTP/1.1" from [::1]:33454 - 200 963B in 2.022398ms
2026/07/07 11:24:01 "GET http://localhost:9280/api/changes?namespace=default&kind=Pod&name=fk-vault-restore-20260707-110000-45j66&include_managed=true&since=2026-07-06T09%3A23%3A50.977Z&sources=informer%2Chistorical&limit=50 HTTP/1.1" from [::1]:33464 - 200 1247B in 2.249341ms
2026/07/07 11:24:03 "GET http://localhost:9280/api/portforwards HTTP/1.1" from [::1]:33464 - 200 28B in 66.858µs
2026/07/07 11:24:14 "GET http://localhost:9280/api/metrics/top/pods HTTP/1.1" from [::1]:33464 - 200 480B in 256.64µs
2026/07/07 11:24:15 "GET http://localhost:9280/api/prometheus/status HTTP/1.1" from [::1]:33464 - 200 89B in 61.438µs
2026/07/07 11:24:15 "GET http://localhost:9280/api/metrics/pods/default/fk-vault-restore-20260707-110000-45j66/history HTTP/1.1" from [::1]:33464 - 200 280B in 3.735427ms
2026/07/07 11:24:16 "GET http://localhost:9280/api/changes?namespace=default&kind=Pod&name=fk-vault-restore-20260707-110000-45j66&include_managed=true&since=2026-07-06T09%3A23%3A50.977Z&sources=informer%2Chistorical&limit=50 HTTP/1.1" from [::1]:33464 - 200 1247B in 1.848667ms
2026/07/07 11:24:16 "GET http://localhost:9280/api/changes?namespace=default&kind=Pod&name=fk-vault-restore-20260707-110000-45j66&include_managed=true&since=2026-07-06T09%3A23%3A50.977Z&sources=k8s_event&limit=500 HTTP/1.1" from [::1]:33454 - 200 963B in 2.175279ms
2026/07/07 11:24:21 "GET http://localhost:9280/api/resource-counts? HTTP/1.1" from [::1]:33464 - 200 471B in 4.627648ms
2026/07/07 11:24:21 "GET http://localhost:9280/api/secrets/certificate-expiry HTTP/1.1" from [::1]:33464 - 200 28B in 118.396µs
2026/07/07 11:24:22 Broadcasting topology update to 1 clients
2026/07/07 11:24:31 "GET http://localhost:9280/api/changes?namespace=default&kind=Pod&name=fk-vault-restore-20260707-110000-45j66&include_managed=true&since=2026-07-06T09%3A24%3A22.121Z&sources=k8s_event&limit=500 HTTP/1.1" from [::1]:33454 - 200 963B in 1.540739ms
2026/07/07 11:24:31 "GET http://localhost:9280/api/changes?namespace=default&kind=Pod&name=fk-vault-restore-20260707-110000-45j66&include_managed=true&since=2026-07-06T09%3A24%3A22.121Z&sources=informer%2Chistorical&limit=50 HTTP/1.1" from [::1]:33464 - 200 1247B in 2.057785ms
2026/07/07 11:24:33 "GET http://localhost:9280/api/portforwards HTTP/1.1" from [::1]:33464 - 200 28B in 69.933µs
2026/07/07 11:24:44 "GET http://localhost:9280/api/metrics/top/pods HTTP/1.1" from [::1]:33464 - 200 458B in 167.58µs
2026/07/07 11:24:45 "GET http://localhost:9280/api/metrics/pods/default/fk-vault-restore-20260707-110000-45j66/history HTTP/1.1" from [::1]:33464 - 200 280B in 3.141443ms
2026/07/07 11:24:46 "GET http://localhost:9280/api/changes?namespace=default&kind=Pod&name=fk-vault-restore-20260707-110000-45j66&include_managed=true&since=2026-07-06T09%3A24%3A22.121Z&sources=informer%2Chistorical&limit=50 HTTP/1.1" from [::1]:33454 - 200 1247B in 2.137508ms
2026/07/07 11:24:46 "GET http://localhost:9280/api/changes?namespace=default&kind=Pod&name=fk-vault-restore-20260707-110000-45j66&include_managed=true&since=2026-07-06T09%3A24%3A22.121Z&sources=k8s_event&limit=500 HTTP/1.1" from [::1]:33464 - 200 963B in 2.745297ms
2026/07/07 11:24:47 Broadcasting topology update to 1 clients
2026/07/07 11:24:51 "GET http://localhost:9280/api/audit HTTP/1.1" from [::1]:33464 - 200 8633B in 2.334383ms
2026/07/07 11:24:51 "GET http://localhost:9280/api/capabilities HTTP/1.1" from [::1]:33454 - 200 386B in 4.532345ms
2026/07/07 11:25:01 "GET http://localhost:9280/api/changes?namespace=default&kind=Pod&name=fk-vault-restore-20260707-110000-45j66&include_managed=true&since=2026-07-06T09%3A24%3A51.436Z&sources=informer%2Chistorical&limit=50 HTTP/1.1" from [::1]:33464 - 200 1247B in 1.993894ms
2026/07/07 11:25:01 "GET http://localhost:9280/api/changes?namespace=default&kind=Pod&name=fk-vault-restore-20260707-110000-45j66&include_managed=true&since=2026-07-06T09%3A24%3A51.436Z&sources=k8s_event&limit=500 HTTP/1.1" from [::1]:33454 - 200 963B in 2.41152ms
2026/07/07 11:25:03 "GET http://localhost:9280/api/portforwards HTTP/1.1" from [::1]:33464 - 200 28B in 234.938µs
2026/07/07 11:25:14 "GET http://localhost:9280/api/metrics/top/pods HTTP/1.1" from [::1]:33464 - 200 458B in 262.2µs
2026/07/07 11:25:15 "GET http://localhost:9280/api/prometheus/status HTTP/1.1" from [::1]:33464 - 200 89B in 78.57µs
2026/07/07 11:25:15 "GET http://localhost:9280/api/metrics/pods/default/fk-vault-restore-20260707-110000-45j66/history HTTP/1.1" from [::1]:33464 - 200 280B in 4.049426ms
2026/07/07 11:25:16 "GET http://localhost:9280/api/changes?namespace=default&kind=Pod&name=fk-vault-restore-20260707-110000-45j66&include_managed=true&since=2026-07-06T09%3A24%3A51.436Z&sources=k8s_event&limit=500 HTTP/1.1" from [::1]:33454 - 200 963B in 2.210267ms
2026/07/07 11:25:16 "GET http://localhost:9280/api/changes?namespace=default&kind=Pod&name=fk-vault-restore-20260707-110000-45j66&include_managed=true&since=2026-07-06T09%3A24%3A51.436Z&sources=informer%2Chistorical&limit=50 HTTP/1.1" from [::1]:33464 - 200 1247B in 2.462437ms
2026/07/07 11:25:21 "GET http://localhost:9280/api/resource-counts? HTTP/1.1" from [::1]:33464 - 200 471B in 5.319418ms
2026/07/07 11:25:21 "GET http://localhost:9280/api/secrets/certificate-expiry HTTP/1.1" from [::1]:33464 - 200 28B in 113.236µs
2026/07/07 11:25:29 "GET http://localhost:9280/api/resources/pods? HTTP/1.1" from [::1]:33464 - 200 12076B in 953.929µs
2026/07/07 11:25:31 "GET http://localhost:9280/api/changes?namespace=default&kind=Pod&name=fk-vault-restore-20260707-110000-45j66&include_managed=true&since=2026-07-06T09%3A24%3A51.436Z&sources=k8s_event&limit=500 HTTP/1.1" from [::1]:33464 - 200 963B in 3.351795ms
2026/07/07 11:25:31 "GET http://localhost:9280/api/changes?namespace=default&kind=Pod&name=fk-vault-restore-20260707-110000-45j66&include_managed=true&since=2026-07-06T09%3A24%3A51.436Z&sources=informer%2Chistorical&limit=50 HTTP/1.1" from [::1]:33454 - 200 1247B in 5.499532ms
2026/07/07 11:25:33 "GET http://localhost:9280/api/portforwards HTTP/1.1" from [::1]:33464 - 200 28B in 86.665µs
2026/07/07 11:25:34 Broadcasting topology update to 1 clients
2026/07/07 11:25:44 "GET http://localhost:9280/api/metrics/top/pods HTTP/1.1" from [::1]:33464 - 200 476B in 522.407µs
2026/07/07 11:25:45 "GET http://localhost:9280/api/metrics/pods/default/fk-vault-restore-20260707-110000-45j66/history HTTP/1.1" from [::1]:33464 - 200 280B in 2.919019ms
2026/07/07 11:25:46 "GET http://localhost:9280/api/changes?namespace=default&kind=Pod&name=fk-vault-restore-20260707-110000-45j66&include_managed=true&since=2026-07-06T09%3A25%3A35.019Z&sources=k8s_event&limit=500 HTTP/1.1" from [::1]:33464 - 200 963B in 1.983194ms
2026/07/07 11:25:46 "GET http://localhost:9280/api/changes?namespace=default&kind=Pod&name=fk-vault-restore-20260707-110000-45j66&include_managed=true&since=2026-07-06T09%3A25%3A35.019Z&sources=informer%2Chistorical&limit=50 HTTP/1.1" from [::1]:33454 - 200 1247B in 1.714751ms
2026/07/07 11:25:48 Broadcasting topology update to 1 clients
2026/07/07 11:25:51 "GET http://localhost:9280/api/audit HTTP/1.1" from [::1]:33464 - 200 8633B in 1.728497ms
2026/07/07 11:25:51 "GET http://localhost:9280/api/capabilities HTTP/1.1" from [::1]:33464 - 200 386B in 3.196628ms
2026/07/07 11:26:01 "GET http://localhost:9280/api/changes?namespace=default&kind=Pod&name=fk-vault-restore-20260707-110000-45j66&include_managed=true&since=2026-07-06T09%3A25%3A49.043Z&sources=k8s_event&limit=500 HTTP/1.1" from [::1]:33464 - 200 963B in 1.694192ms
2026/07/07 11:26:01 "GET http://localhost:9280/api/changes?namespace=default&kind=Pod&name=fk-vault-restore-20260707-110000-45j66&include_managed=true&since=2026-07-06T09%3A25%3A49.043Z&sources=informer%2Chistorical&limit=50 HTTP/1.1" from [::1]:33454 - 200 1247B in 1.679965ms
2026/07/07 11:26:03 "GET http://localhost:9280/api/portforwards HTTP/1.1" from [::1]:33464 - 200 28B in 238.454µs
2026/07/07 11:26:14 "GET http://localhost:9280/api/metrics/top/pods HTTP/1.1" from [::1]:33464 - 200 480B in 170.806µs
2026/07/07 11:26:15 "GET http://localhost:9280/api/prometheus/status HTTP/1.1" from [::1]:33464 - 200 89B in 65.565µs
2026/07/07 11:26:15 "GET http://localhost:9280/api/metrics/pods/default/fk-vault-restore-20260707-110000-45j66/history HTTP/1.1" from [::1]:33464 - 200 280B in 3.319042ms
2026/07/07 11:26:16 "GET http://localhost:9280/api/changes?namespace=default&kind=Pod&name=fk-vault-restore-20260707-110000-45j66&include_managed=true&since=2026-07-06T09%3A25%3A49.043Z&sources=informer%2Chistorical&limit=50 HTTP/1.1" from [::1]:33454 - 200 1247B in 2.262796ms
2026/07/07 11:26:16 "GET http://localhost:9280/api/changes?namespace=default&kind=Pod&name=fk-vault-restore-20260707-110000-45j66&include_managed=true&since=2026-07-06T09%3A25%3A49.043Z&sources=k8s_event&limit=500 HTTP/1.1" from [::1]:33464 - 200 963B in 2.221868ms
2026/07/07 11:26:21 API resource discovery took 4.721808ms
2026/07/07 11:26:21 Discovered 66 API resources (63 unique kinds)
2026/07/07 11:26:21 "GET http://localhost:9280/api/resource-counts? HTTP/1.1" from [::1]:33464 - 200 471B in 8.935977ms
2026/07/07 11:26:21 "GET http://localhost:9280/api/secrets/certificate-expiry HTTP/1.1" from [::1]:33464 - 200 28B in 123.265µs
2026/07/07 11:26:31 "GET http://localhost:9280/api/changes?namespace=default&kind=Pod&name=fk-vault-restore-20260707-110000-45j66&include_managed=true&since=2026-07-06T09%3A25%3A49.043Z&sources=k8s_event&limit=500 HTTP/1.1" from [::1]:33454 - 200 963B in 1.74052ms
2026/07/07 11:26:31 "GET http://localhost:9280/api/changes?namespace=default&kind=Pod&name=fk-vault-restore-20260707-110000-45j66&include_managed=true&since=2026-07-06T09%3A25%3A49.043Z&sources=informer%2Chistorical&limit=50 HTTP/1.1" from [::1]:33464 - 200 1247B in 2.216899ms
2026/07/07 11:26:33 "GET http://localhost:9280/api/portforwards HTTP/1.1" from [::1]:33464 - 200 28B in 50.045µs
2026/07/07 11:26:44 "GET http://localhost:9280/api/metrics/top/pods HTTP/1.1" from [::1]:33464 - 200 473B in 442.825µs
2026/07/07 11:26:45 "GET http://localhost:9280/api/metrics/pods/default/fk-vault-restore-20260707-110000-45j66/history HTTP/1.1" from [::1]:33464 - 200 280B in 3.498363ms
2026/07/07 11:26:46 "GET http://localhost:9280/api/changes?namespace=default&kind=Pod&name=fk-vault-restore-20260707-110000-45j66&include_managed=true&since=2026-07-06T09%3A25%3A49.043Z&sources=k8s_event&limit=500 HTTP/1.1" from [::1]:33464 - 200 963B in 2.235454ms
2026/07/07 11:26:46 "GET http://localhost:9280/api/changes?namespace=default&kind=Pod&name=fk-vault-restore-20260707-110000-45j66&include_managed=true&since=2026-07-06T09%3A25%3A49.043Z&sources=informer%2Chistorical&limit=50 HTTP/1.1" from [::1]:33454 - 200 1247B in 1.906748ms
2026/07/07 11:26:51 "GET http://localhost:9280/api/audit HTTP/1.1" from [::1]:33464 - 200 8633B in 2.208524ms
2026/07/07 11:26:51 "GET http://localhost:9280/api/capabilities HTTP/1.1" from [::1]:33464 - 200 386B in 5.063129ms
2026/07/07 11:27:01 "GET http://localhost:9280/api/changes?namespace=default&kind=Pod&name=fk-vault-restore-20260707-110000-45j66&include_managed=true&since=2026-07-06T09%3A25%3A49.043Z&sources=informer%2Chistorical&limit=50 HTTP/1.1" from [::1]:33464 - 200 1247B in 1.815964ms
2026/07/07 11:27:01 "GET http://localhost:9280/api/changes?namespace=default&kind=Pod&name=fk-vault-restore-20260707-110000-45j66&include_managed=true&since=2026-07-06T09%3A25%3A49.043Z&sources=k8s_event&limit=500 HTTP/1.1" from [::1]:33454 - 200 963B in 2.477507ms
2026/07/07 11:27:03 "GET http://localhost:9280/api/portforwards HTTP/1.1" from [::1]:33464 - 200 28B in 44.575µs
2026/07/07 11:27:07 Broadcasting topology update to 1 clients
2026/07/07 11:27:14 "GET http://localhost:9280/api/metrics/top/pods HTTP/1.1" from [::1]:33464 - 200 490B in 430.772µs
2026/07/07 11:27:15 "GET http://localhost:9280/api/prometheus/status HTTP/1.1" from [::1]:33464 - 200 89B in 64.422µs
2026/07/07 11:27:15 "GET http://localhost:9280/api/metrics/pods/default/fk-vault-restore-20260707-110000-45j66/history HTTP/1.1" from [::1]:33464 - 200 280B in 2.930691ms
2026/07/07 11:27:16 "GET http://localhost:9280/api/changes?namespace=default&kind=Pod&name=fk-vault-restore-20260707-110000-45j66&include_managed=true&since=2026-07-06T09%3A27%3A07.021Z&sources=k8s_event&limit=500 HTTP/1.1" from [::1]:33454 - 200 963B in 1.681407ms
2026/07/07 11:27:16 "GET http://localhost:9280/api/changes?namespace=default&kind=Pod&name=fk-vault-restore-20260707-110000-45j66&include_managed=true&since=2026-07-06T09%3A27%3A07.021Z&sources=informer%2Chistorical&limit=50 HTTP/1.1" from [::1]:33464 - 200 1247B in 1.996018ms
2026/07/07 11:27:21 "GET http://localhost:9280/api/resource-counts? HTTP/1.1" from [::1]:33464 - 200 471B in 4.991322ms
2026/07/07 11:27:21 "GET http://localhost:9280/api/secrets/certificate-expiry HTTP/1.1" from [::1]:33464 - 200 28B in 121.281µs
2026/07/07 11:27:29 "GET http://localhost:9280/api/resources/pods? HTTP/1.1" from [::1]:33464 - 200 12506B in 1.292186ms
2026/07/07 11:27:31 "GET http://localhost:9280/api/changes?namespace=default&kind=Pod&name=fk-vault-restore-20260707-110000-45j66&include_managed=true&since=2026-07-06T09%3A27%3A07.021Z&sources=informer%2Chistorical&limit=50 HTTP/1.1" from [::1]:33464 - 200 1247B in 3.943723ms
2026/07/07 11:27:31 "GET http://localhost:9280/api/changes?namespace=default&kind=Pod&name=fk-vault-restore-20260707-110000-45j66&include_managed=true&since=2026-07-06T09%3A27%3A07.021Z&sources=k8s_event&limit=500 HTTP/1.1" from [::1]:33454 - 200 963B in 3.240683ms
2026/07/07 11:27:33 "GET http://localhost:9280/api/portforwards HTTP/1.1" from [::1]:33464 - 200 28B in 951.275µs
2026/07/07 11:27:44 "GET http://localhost:9280/api/metrics/top/pods HTTP/1.1" from [::1]:33464 - 200 461B in 383.682µs
2026/07/07 11:27:45 "GET http://localhost:9280/api/metrics/pods/default/fk-vault-restore-20260707-110000-45j66/history HTTP/1.1" from [::1]:33464 - 200 280B in 2.916023ms
2026/07/07 11:27:46 "GET http://localhost:9280/api/changes?namespace=default&kind=Pod&name=fk-vault-restore-20260707-110000-45j66&include_managed=true&since=2026-07-06T09%3A27%3A07.021Z&sources=k8s_event&limit=500 HTTP/1.1" from [::1]:33454 - 200 963B in 2.366405ms
2026/07/07 11:27:46 "GET http://localhost:9280/api/changes?namespace=default&kind=Pod&name=fk-vault-restore-20260707-110000-45j66&include_managed=true&since=2026-07-06T09%3A27%3A07.021Z&sources=informer%2Chistorical&limit=50 HTTP/1.1" from [::1]:33464 - 200 1247B in 2.497314ms
2026/07/07 11:27:51 "GET http://localhost:9280/api/audit HTTP/1.1" from [::1]:33464 - 200 8633B in 1.885888ms
2026/07/07 11:27:51 "GET http://localhost:9280/api/capabilities HTTP/1.1" from [::1]:33464 - 200 386B in 4.210773ms
2026/07/07 11:28:01 "GET http://localhost:9280/api/changes?namespace=default&kind=Pod&name=fk-vault-restore-20260707-110000-45j66&include_managed=true&since=2026-07-06T09%3A27%3A07.021Z&sources=k8s_event&limit=500 HTTP/1.1" from [::1]:33454 - 200 963B in 2.207221ms
2026/07/07 11:28:01 "GET http://localhost:9280/api/changes?namespace=default&kind=Pod&name=fk-vault-restore-20260707-110000-45j66&include_managed=true&since=2026-07-06T09%3A27%3A07.021Z&sources=informer%2Chistorical&limit=50 HTTP/1.1" from [::1]:33464 - 200 1247B in 2.503626ms
2026/07/07 11:28:03 "GET http://localhost:9280/api/portforwards HTTP/1.1" from [::1]:33464 - 200 28B in 680.017µs
2026/07/07 11:28:14 "GET http://localhost:9280/api/metrics/top/pods HTTP/1.1" from [::1]:33464 - 200 490B in 229.477µs
2026/07/07 11:28:15 "GET http://localhost:9280/api/prometheus/status HTTP/1.1" from [::1]:33464 - 200 89B in 79.131µs
2026/07/07 11:28:15 "GET http://localhost:9280/api/metrics/pods/default/fk-vault-restore-20260707-110000-45j66/history HTTP/1.1" from [::1]:33464 - 200 280B in 3.333298ms
2026/07/07 11:28:16 "GET http://localhost:9280/api/changes?namespace=default&kind=Pod&name=fk-vault-restore-20260707-110000-45j66&include_managed=true&since=2026-07-06T09%3A27%3A07.021Z&sources=informer%2Chistorical&limit=50 HTTP/1.1" from [::1]:33454 - 200 1247B in 2.182494ms
2026/07/07 11:28:16 "GET http://localhost:9280/api/changes?namespace=default&kind=Pod&name=fk-vault-restore-20260707-110000-45j66&include_managed=true&since=2026-07-06T09%3A27%3A07.021Z&sources=k8s_event&limit=500 HTTP/1.1" from [::1]:33464 - 200 963B in 2.40086ms
2026/07/07 11:28:21 "GET http://localhost:9280/api/resource-counts? HTTP/1.1" from [::1]:33464 - 200 471B in 5.314188ms
2026/07/07 11:28:21 "GET http://localhost:9280/api/secrets/certificate-expiry HTTP/1.1" from [::1]:33464 - 200 28B in 111.543µs
2026/07/07 11:28:31 "GET http://localhost:9280/api/changes?namespace=default&kind=Pod&name=fk-vault-restore-20260707-110000-45j66&include_managed=true&since=2026-07-06T09%3A27%3A07.021Z&sources=k8s_event&limit=500 HTTP/1.1" from [::1]:33454 - 200 963B in 1.932878ms
2026/07/07 11:28:31 "GET http://localhost:9280/api/changes?namespace=default&kind=Pod&name=fk-vault-restore-20260707-110000-45j66&include_managed=true&since=2026-07-06T09%3A27%3A07.021Z&sources=informer%2Chistorical&limit=50 HTTP/1.1" from [::1]:33464 - 200 1247B in 2.224814ms
2026/07/07 11:28:33 "GET http://localhost:9280/api/portforwards HTTP/1.1" from [::1]:33464 - 200 28B in 76.716µs
2026/07/07 11:28:44 "GET http://localhost:9280/api/metrics/top/pods HTTP/1.1" from [::1]:33464 - 200 480B in 258.834µs
2026/07/07 11:28:45 "GET http://localhost:9280/api/metrics/pods/default/fk-vault-restore-20260707-110000-45j66/history HTTP/1.1" from [::1]:33464 - 200 280B in 3.798187ms
2026/07/07 11:28:46 "GET http://localhost:9280/api/changes?namespace=default&kind=Pod&name=fk-vault-restore-20260707-110000-45j66&include_managed=true&since=2026-07-06T09%3A27%3A07.021Z&sources=k8s_event&limit=500 HTTP/1.1" from [::1]:33464 - 200 963B in 1.655007ms
2026/07/07 11:28:46 "GET http://localhost:9280/api/changes?namespace=default&kind=Pod&name=fk-vault-restore-20260707-110000-45j66&include_managed=true&since=2026-07-06T09%3A27%3A07.021Z&sources=informer%2Chistorical&limit=50 HTTP/1.1" from [::1]:33454 - 200 1247B in 1.689624ms
2026/07/07 11:28:51 "GET http://localhost:9280/api/audit HTTP/1.1" from [::1]:33464 - 200 8574B in 1.209968ms
2026/07/07 11:28:51 "GET http://localhost:9280/api/capabilities HTTP/1.1" from [::1]:33464 - 200 386B in 3.69545ms
2026/07/07 11:29:01 "GET http://localhost:9280/api/changes?namespace=default&kind=Pod&name=fk-vault-restore-20260707-110000-45j66&include_managed=true&since=2026-07-06T09%3A28%3A51.473Z&sources=k8s_event&limit=500 HTTP/1.1" from [::1]:33464 - 200 963B in 2.213262ms
2026/07/07 11:29:01 "GET http://localhost:9280/api/changes?namespace=default&kind=Pod&name=fk-vault-restore-20260707-110000-45j66&include_managed=true&since=2026-07-06T09%3A28%3A51.473Z&sources=informer%2Chistorical&limit=50 HTTP/1.1" from [::1]:33454 - 200 1247B in 2.514107ms
2026/07/07 11:29:03 "GET http://localhost:9280/api/portforwards HTTP/1.1" from [::1]:33464 - 200 28B in 51.929µs
2026/07/07 11:29:10 [metrics] Pod metrics collection failed (count=220): the server could not find the requested resource
2026/07/07 11:29:10 [metrics] Node metrics collection failed (count=220): the server could not find the requested resource
2026/07/07 11:29:14 "GET http://localhost:9280/api/metrics/top/pods HTTP/1.1" from [::1]:33464 - 200 458B in 162.37µs
2026/07/07 11:29:15 "GET http://localhost:9280/api/prometheus/status HTTP/1.1" from [::1]:33464 - 200 89B in 98.338µs
2026/07/07 11:29:15 "GET http://localhost:9280/api/metrics/pods/default/fk-vault-restore-20260707-110000-45j66/history HTTP/1.1" from [::1]:33464 - 200 280B in 3.419604ms
2026/07/07 11:29:16 "GET http://localhost:9280/api/changes?namespace=default&kind=Pod&name=fk-vault-restore-20260707-110000-45j66&include_managed=true&since=2026-07-06T09%3A28%3A51.473Z&sources=informer%2Chistorical&limit=50 HTTP/1.1" from [::1]:33454 - 200 1247B in 1.644387ms
2026/07/07 11:29:16 "GET http://localhost:9280/api/changes?namespace=default&kind=Pod&name=fk-vault-restore-20260707-110000-45j66&include_managed=true&since=2026-07-06T09%3A28%3A51.473Z&sources=k8s_event&limit=500 HTTP/1.1" from [::1]:33464 - 200 963B in 1.730241ms
2026/07/07 11:29:20 Broadcasting topology update to 1 clients
2026/07/07 11:29:21 "GET http://localhost:9280/api/secrets/certificate-expiry HTTP/1.1" from [::1]:33454 - 200 28B in 100.943µs
2026/07/07 11:29:21 "GET http://localhost:9280/api/resource-counts? HTTP/1.1" from [::1]:33464 - 200 471B in 5.22032ms
2026/07/07 11:29:29 "GET http://localhost:9280/api/resources/pods? HTTP/1.1" from [::1]:33464 - 200 12363B in 1.86134ms
2026/07/07 11:29:31 "GET http://localhost:9280/api/changes?namespace=default&kind=Pod&name=fk-vault-restore-20260707-110000-45j66&include_managed=true&since=2026-07-06T09%3A29%3A20.112Z&sources=informer%2Chistorical&limit=50 HTTP/1.1" from [::1]:33454 - 200 1247B in 3.41278ms
2026/07/07 11:29:31 "GET http://localhost:9280/api/changes?namespace=default&kind=Pod&name=fk-vault-restore-20260707-110000-45j66&include_managed=true&since=2026-07-06T09%3A29%3A20.112Z&sources=k8s_event&limit=500 HTTP/1.1" from [::1]:33464 - 200 963B in 4.855771ms
2026/07/07 11:29:33 "GET http://localhost:9280/api/portforwards HTTP/1.1" from [::1]:33464 - 200 28B in 246.941µs
2026/07/07 11:29:44 "GET http://localhost:9280/api/metrics/top/pods HTTP/1.1" from [::1]:33464 - 200 480B in 452.293µs
2026/07/07 11:29:45 "GET http://localhost:9280/api/metrics/pods/default/fk-vault-restore-20260707-110000-45j66/history HTTP/1.1" from [::1]:33464 - 200 280B in 3.309324ms
2026/07/07 11:29:46 "GET http://localhost:9280/api/changes?namespace=default&kind=Pod&name=fk-vault-restore-20260707-110000-45j66&include_managed=true&since=2026-07-06T09%3A29%3A20.112Z&sources=informer%2Chistorical&limit=50 HTTP/1.1" from [::1]:33464 - 200 1247B in 1.98134ms
2026/07/07 11:29:46 "GET http://localhost:9280/api/changes?namespace=default&kind=Pod&name=fk-vault-restore-20260707-110000-45j66&include_managed=true&since=2026-07-06T09%3A29%3A20.112Z&sources=k8s_event&limit=500 HTTP/1.1" from [::1]:33454 - 200 963B in 2.220987ms
2026/07/07 11:29:47 Broadcasting topology update to 1 clients
2026/07/07 11:29:51 "GET http://localhost:9280/api/audit HTTP/1.1" from [::1]:33464 - 200 8633B in 1.482358ms
2026/07/07 11:29:51 "GET http://localhost:9280/api/capabilities HTTP/1.1" from [::1]:33464 - 200 386B in 3.449551ms
2026/07/07 11:30:01 "GET http://localhost:9280/api/changes?namespace=default&kind=Pod&name=fk-vault-restore-20260707-110000-45j66&include_managed=true&since=2026-07-06T09%3A29%3A51.484Z&sources=informer%2Chistorical&limit=50 HTTP/1.1" from [::1]:33464 - 200 1247B in 1.890586ms
2026/07/07 11:30:01 "GET http://localhost:9280/api/changes?namespace=default&kind=Pod&name=fk-vault-restore-20260707-110000-45j66&include_managed=true&since=2026-07-06T09%3A29%3A51.484Z&sources=k8s_event&limit=500 HTTP/1.1" from [::1]:33454 - 200 963B in 2.222229ms
2026/07/07 11:30:03 "GET http://localhost:9280/api/portforwards HTTP/1.1" from [::1]:33464 - 200 28B in 72.639µs
2026/07/07 11:30:14 "GET http://localhost:9280/api/metrics/top/pods HTTP/1.1" from [::1]:33464 - 200 490B in 218.897µs
2026/07/07 11:30:15 "GET http://localhost:9280/api/prometheus/status HTTP/1.1" from [::1]:33464 - 200 89B in 75.504µs
2026/07/07 11:30:16 "GET http://localhost:9280/api/metrics/pods/default/fk-vault-restore-20260707-110000-45j66/history HTTP/1.1" from [::1]:33464 - 200 280B in 3.591571ms
2026/07/07 11:30:16 "GET http://localhost:9280/api/changes?namespace=default&kind=Pod&name=fk-vault-restore-20260707-110000-45j66&include_managed=true&since=2026-07-06T09%3A29%3A51.484Z&sources=k8s_event&limit=500 HTTP/1.1" from [::1]:33454 - 200 963B in 1.763284ms
2026/07/07 11:30:16 "GET http://localhost:9280/api/changes?namespace=default&kind=Pod&name=fk-vault-restore-20260707-110000-45j66&include_managed=true&since=2026-07-06T09%3A29%3A51.484Z&sources=informer%2Chistorical&limit=50 HTTP/1.1" from [::1]:33464 - 200 1247B in 2.774322ms
2026/07/07 11:30:21 "GET http://localhost:9280/api/secrets/certificate-expiry HTTP/1.1" from [::1]:33464 - 200 28B in 107.695µs
2026/07/07 11:30:21 "GET http://localhost:9280/api/resource-counts? HTTP/1.1" from [::1]:33464 - 200 471B in 4.771754ms
2026/07/07 11:30:31 "GET http://localhost:9280/api/changes?namespace=default&kind=Pod&name=fk-vault-restore-20260707-110000-45j66&include_managed=true&since=2026-07-06T09%3A29%3A51.484Z&sources=k8s_event&limit=500 HTTP/1.1" from [::1]:33464 - 200 963B in 2.251645ms
2026/07/07 11:30:31 "GET http://localhost:9280/api/changes?namespace=default&kind=Pod&name=fk-vault-restore-20260707-110000-45j66&include_managed=true&since=2026-07-06T09%3A29%3A51.484Z&sources=informer%2Chistorical&limit=50 HTTP/1.1" from [::1]:33454 - 200 1247B in 2.30129ms
2026/07/07 11:30:33 "GET http://localhost:9280/api/portforwards HTTP/1.1" from [::1]:33464 - 200 28B in 58.421µs
2026/07/07 11:30:41 Broadcasting topology update to 1 clients
2026/07/07 11:30:44 "GET http://localhost:9280/api/metrics/top/pods HTTP/1.1" from [::1]:33464 - 200 466B in 282.92µs
2026/07/07 11:30:46 "GET http://localhost:9280/api/metrics/pods/default/fk-vault-restore-20260707-110000-45j66/history HTTP/1.1" from [::1]:33464 - 200 280B in 3.378905ms
2026/07/07 11:30:46 "GET http://localhost:9280/api/changes?namespace=default&kind=Pod&name=fk-vault-restore-20260707-110000-45j66&include_managed=true&since=2026-07-06T09%3A30%3A42.012Z&sources=informer%2Chistorical&limit=50 HTTP/1.1" from [::1]:33454 - 200 1247B in 1.773143ms
2026/07/07 11:30:46 "GET http://localhost:9280/api/changes?namespace=default&kind=Pod&name=fk-vault-restore-20260707-110000-45j66&include_managed=true&since=2026-07-06T09%3A30%3A42.012Z&sources=k8s_event&limit=500 HTTP/1.1" from [::1]:33464 - 200 963B in 2.250524ms
2026/07/07 11:30:51 "GET http://localhost:9280/api/audit HTTP/1.1" from [::1]:33464 - 200 8633B in 1.11645ms
2026/07/07 11:30:51 "GET http://localhost:9280/api/capabilities HTTP/1.1" from [::1]:33464 - 200 386B in 3.193172ms
2026/07/07 11:30:53 Broadcasting topology update to 1 clients
2026/07/07 11:31:02 "GET http://localhost:9280/api/changes?namespace=default&kind=Pod&name=fk-vault-restore-20260707-110000-45j66&include_managed=true&since=2026-07-06T09%3A30%3A54.037Z&sources=k8s_event&limit=500 HTTP/1.1" from [::1]:33454 - 200 963B in 1.998121ms
2026/07/07 11:31:02 "GET http://localhost:9280/api/changes?namespace=default&kind=Pod&name=fk-vault-restore-20260707-110000-45j66&include_managed=true&since=2026-07-06T09%3A30%3A54.037Z&sources=informer%2Chistorical&limit=50 HTTP/1.1" from [::1]:33464 - 200 1247B in 1.960209ms
2026/07/07 11:31:03 "GET http://localhost:9280/api/portforwards HTTP/1.1" from [::1]:33464 - 200 28B in 61.678µs
2026/07/07 11:31:14 "GET http://localhost:9280/api/metrics/top/pods HTTP/1.1" from [::1]:33464 - 200 461B in 182.758µs
2026/07/07 11:31:15 "GET http://localhost:9280/api/prometheus/status HTTP/1.1" from [::1]:33464 - 200 89B in 84.211µs
2026/07/07 11:31:16 "GET http://localhost:9280/api/metrics/pods/default/fk-vault-restore-20260707-110000-45j66/history HTTP/1.1" from [::1]:33464 - 200 280B in 2.960298ms
2026/07/07 11:31:17 "GET http://localhost:9280/api/changes?namespace=default&kind=Pod&name=fk-vault-restore-20260707-110000-45j66&include_managed=true&since=2026-07-06T09%3A30%3A54.037Z&sources=k8s_event&limit=500 HTTP/1.1" from [::1]:33464 - 200 963B in 1.958526ms
2026/07/07 11:31:17 "GET http://localhost:9280/api/changes?namespace=default&kind=Pod&name=fk-vault-restore-20260707-110000-45j66&include_managed=true&since=2026-07-06T09%3A30%3A54.037Z&sources=informer%2Chistorical&limit=50 HTTP/1.1" from [::1]:33454 - 200 1247B in 1.846272ms
2026/07/07 11:31:21 "GET http://localhost:9280/api/secrets/certificate-expiry HTTP/1.1" from [::1]:33464 - 200 28B in 143.023µs
2026/07/07 11:31:21 API resource discovery took 5.183218ms
2026/07/07 11:31:21 Discovered 66 API resources (63 unique kinds)
2026/07/07 11:31:21 "GET http://localhost:9280/api/resource-counts? HTTP/1.1" from [::1]:33454 - 200 471B in 11.511011ms
2026/07/07 11:31:29 "GET http://localhost:9280/api/resources/pods? HTTP/1.1" from [::1]:33464 - 200 12357B in 1.521543ms
2026/07/07 11:31:32 "GET http://localhost:9280/api/changes?namespace=default&kind=Pod&name=fk-vault-restore-20260707-110000-45j66&include_managed=true&since=2026-07-06T09%3A30%3A54.037Z&sources=k8s_event&limit=500 HTTP/1.1" from [::1]:33464 - 200 963B in 3.137144ms
2026/07/07 11:31:32 "GET http://localhost:9280/api/changes?namespace=default&kind=Pod&name=fk-vault-restore-20260707-110000-45j66&include_managed=true&since=2026-07-06T09%3A30%3A54.037Z&sources=informer%2Chistorical&limit=50 HTTP/1.1" from [::1]:33454 - 200 1247B in 3.267534ms
2026/07/07 11:31:33 "GET http://localhost:9280/api/portforwards HTTP/1.1" from [::1]:33464 - 200 28B in 90.773µs
2026/07/07 11:31:44 "GET http://localhost:9280/api/metrics/top/pods HTTP/1.1" from [::1]:33464 - 200 490B in 226.392µs
2026/07/07 11:31:46 "GET http://localhost:9280/api/metrics/pods/default/fk-vault-restore-20260707-110000-45j66/history HTTP/1.1" from [::1]:33464 - 200 280B in 3.154087ms
2026/07/07 11:31:47 "GET http://localhost:9280/api/changes?namespace=default&kind=Pod&name=fk-vault-restore-20260707-110000-45j66&include_managed=true&since=2026-07-06T09%3A30%3A54.037Z&sources=informer%2Chistorical&limit=50 HTTP/1.1" from [::1]:33454 - 200 1247B in 1.861973ms
2026/07/07 11:31:47 "GET http://localhost:9280/api/changes?namespace=default&kind=Pod&name=fk-vault-restore-20260707-110000-45j66&include_managed=true&since=2026-07-06T09%3A30%3A54.037Z&sources=k8s_event&limit=500 HTTP/1.1" from [::1]:33464 - 200 963B in 1.898592ms
2026/07/07 11:31:51 "GET http://localhost:9280/api/audit HTTP/1.1" from [::1]:33464 - 200 8633B in 1.203686ms
2026/07/07 11:31:51 "GET http://localhost:9280/api/capabilities HTTP/1.1" from [::1]:33464 - 200 386B in 3.736558ms
2026/07/07 11:32:02 "GET http://localhost:9280/api/changes?namespace=default&kind=Pod&name=fk-vault-restore-20260707-110000-45j66&include_managed=true&since=2026-07-06T09%3A30%3A54.037Z&sources=informer%2Chistorical&limit=50 HTTP/1.1" from [::1]:33454 - 200 1247B in 1.835422ms
2026/07/07 11:32:02 "GET http://localhost:9280/api/changes?namespace=default&kind=Pod&name=fk-vault-restore-20260707-110000-45j66&include_managed=true&since=2026-07-06T09%3A30%3A54.037Z&sources=k8s_event&limit=500 HTTP/1.1" from [::1]:33464 - 200 963B in 1.916746ms
2026/07/07 11:32:03 "GET http://localhost:9280/api/portforwards HTTP/1.1" from [::1]:33464 - 200 28B in 61.136µs
2026/07/07 11:32:13 Broadcasting topology update to 1 clients
2026/07/07 11:32:14 "GET http://localhost:9280/api/metrics/top/pods HTTP/1.1" from [::1]:33464 - 200 480B in 226.202µs
2026/07/07 11:32:15 "GET http://localhost:9280/api/prometheus/status HTTP/1.1" from [::1]:33464 - 200 89B in 67.148µs
2026/07/07 11:32:16 "GET http://localhost:9280/api/metrics/pods/default/fk-vault-restore-20260707-110000-45j66/history HTTP/1.1" from [::1]:33464 - 200 280B in 3.81703ms
2026/07/07 11:32:17 "GET http://localhost:9280/api/changes?namespace=default&kind=Pod&name=fk-vault-restore-20260707-110000-45j66&include_managed=true&since=2026-07-06T09%3A32%3A13.374Z&sources=k8s_event&limit=500 HTTP/1.1" from [::1]:33454 - 200 963B in 1.736122ms
2026/07/07 11:32:17 "GET http://localhost:9280/api/changes?namespace=default&kind=Pod&name=fk-vault-restore-20260707-110000-45j66&include_managed=true&since=2026-07-06T09%3A32%3A13.374Z&sources=informer%2Chistorical&limit=50 HTTP/1.1" from [::1]:33464 - 200 1247B in 2.008893ms
2026/07/07 11:32:21 "GET http://localhost:9280/api/secrets/certificate-expiry HTTP/1.1" from [::1]:33464 - 200 28B in 421.394µs
2026/07/07 11:32:21 "GET http://localhost:9280/api/resource-counts? HTTP/1.1" from [::1]:33464 - 200 471B in 4.271444ms
2026/07/07 11:32:32 "GET http://localhost:9280/api/changes?namespace=default&kind=Pod&name=fk-vault-restore-20260707-110000-45j66&include_managed=true&since=2026-07-06T09%3A32%3A13.374Z&sources=informer%2Chistorical&limit=50 HTTP/1.1" from [::1]:33454 - 200 1247B in 1.694282ms
2026/07/07 11:32:32 "GET http://localhost:9280/api/changes?namespace=default&kind=Pod&name=fk-vault-restore-20260707-110000-45j66&include_managed=true&since=2026-07-06T09%3A32%3A13.374Z&sources=k8s_event&limit=500 HTTP/1.1" from [::1]:33464 - 200 963B in 1.937797ms
2026/07/07 11:32:33 "GET http://localhost:9280/api/portforwards HTTP/1.1" from [::1]:33464 - 200 28B in 61.246µs
2026/07/07 11:32:44 "GET http://localhost:9280/api/metrics/top/pods HTTP/1.1" from [::1]:33464 - 200 470B in 270.917µs
2026/07/07 11:32:46 "GET http://localhost:9280/api/metrics/pods/default/fk-vault-restore-20260707-110000-45j66/history HTTP/1.1" from [::1]:33464 - 200 280B in 2.806865ms
2026/07/07 11:32:47 "GET http://localhost:9280/api/changes?namespace=default&kind=Pod&name=fk-vault-restore-20260707-110000-45j66&include_managed=true&since=2026-07-06T09%3A32%3A13.374Z&sources=k8s_event&limit=500 HTTP/1.1" from [::1]:33454 - 200 963B in 1.629919ms
2026/07/07 11:32:47 "GET http://localhost:9280/api/changes?namespace=default&kind=Pod&name=fk-vault-restore-20260707-110000-45j66&include_managed=true&since=2026-07-06T09%3A32%3A13.374Z&sources=informer%2Chistorical&limit=50 HTTP/1.1" from [::1]:33464 - 200 1247B in 1.783141ms
2026/07/07 11:32:51 "GET http://localhost:9280/api/audit HTTP/1.1" from [::1]:33464 - 200 8633B in 1.375304ms
2026/07/07 11:32:51 "GET http://localhost:9280/api/capabilities HTTP/1.1" from [::1]:33464 - 200 386B in 4.457654ms
2026/07/07 11:33:02 "GET http://localhost:9280/api/changes?namespace=default&kind=Pod&name=fk-vault-restore-20260707-110000-45j66&include_managed=true&since=2026-07-06T09%3A32%3A13.374Z&sources=informer%2Chistorical&limit=50 HTTP/1.1" from [::1]:33454 - 200 1247B in 1.626784ms
2026/07/07 11:33:02 "GET http://localhost:9280/api/changes?namespace=default&kind=Pod&name=fk-vault-restore-20260707-110000-45j66&include_managed=true&since=2026-07-06T09%3A32%3A13.374Z&sources=k8s_event&limit=500 HTTP/1.1" from [::1]:33464 - 200 963B in 1.842615ms
2026/07/07 11:33:03 "GET http://localhost:9280/api/portforwards HTTP/1.1" from [::1]:33464 - 200 28B in 92.907µs
2026/07/07 11:33:14 "GET http://localhost:9280/api/metrics/top/pods HTTP/1.1" from [::1]:33464 - 200 490B in 167.019µs
2026/07/07 11:33:15 "GET http://localhost:9280/api/prometheus/status HTTP/1.1" from [::1]:33464 - 200 89B in 93.429µs
2026/07/07 11:33:16 "GET http://localhost:9280/api/metrics/pods/default/fk-vault-restore-20260707-110000-45j66/history HTTP/1.1" from [::1]:33464 - 200 280B in 3.325464ms
2026/07/07 11:33:17 "GET http://localhost:9280/api/changes?namespace=default&kind=Pod&name=fk-vault-restore-20260707-110000-45j66&include_managed=true&since=2026-07-06T09%3A32%3A13.374Z&sources=informer%2Chistorical&limit=50 HTTP/1.1" from [::1]:33464 - 200 1247B in 1.837745ms
2026/07/07 11:33:17 "GET http://localhost:9280/api/changes?namespace=default&kind=Pod&name=fk-vault-restore-20260707-110000-45j66&include_managed=true&since=2026-07-06T09%3A32%3A13.374Z&sources=k8s_event&limit=500 HTTP/1.1" from [::1]:33454 - 200 963B in 2.087803ms
2026/07/07 11:33:21 "GET http://localhost:9280/api/secrets/certificate-expiry HTTP/1.1" from [::1]:33464 - 200 28B in 143.805µs
2026/07/07 11:33:21 "GET http://localhost:9280/api/resource-counts? HTTP/1.1" from [::1]:33454 - 200 471B in 5.441522ms
2026/07/07 11:33:29 "GET http://localhost:9280/api/resources/pods? HTTP/1.1" from [::1]:33464 - 200 12562B in 1.397666ms
2026/07/07 11:33:32 "GET http://localhost:9280/api/changes?namespace=default&kind=Pod&name=fk-vault-restore-20260707-110000-45j66&include_managed=true&since=2026-07-06T09%3A32%3A13.374Z&sources=k8s_event&limit=500 HTTP/1.1" from [::1]:33454 - 200 963B in 3.648559ms
2026/07/07 11:33:32 "GET http://localhost:9280/api/changes?namespace=default&kind=Pod&name=fk-vault-restore-20260707-110000-45j66&include_managed=true&since=2026-07-06T09%3A32%3A13.374Z&sources=informer%2Chistorical&limit=50 HTTP/1.1" from [::1]:33464 - 200 1247B in 4.211193ms
2026/07/07 11:33:33 "GET http://localhost:9280/api/portforwards HTTP/1.1" from [::1]:33464 - 200 28B in 223.807µs
2026/07/07 11:33:44 "GET http://localhost:9280/api/metrics/top/pods HTTP/1.1" from [::1]:33464 - 200 458B in 347.242µs
2026/07/07 11:33:46 "GET http://localhost:9280/api/metrics/pods/default/fk-vault-restore-20260707-110000-45j66/history HTTP/1.1" from [::1]:33464 - 200 280B in 2.792823ms
2026/07/07 11:33:47 "GET http://localhost:9280/api/changes?namespace=default&kind=Pod&name=fk-vault-restore-20260707-110000-45j66&include_managed=true&since=2026-07-06T09%3A32%3A13.374Z&sources=k8s_event&limit=500 HTTP/1.1" from [::1]:33464 - 200 963B in 2.095417ms
2026/07/07 11:33:47 "GET http://localhost:9280/api/changes?namespace=default&kind=Pod&name=fk-vault-restore-20260707-110000-45j66&include_managed=true&since=2026-07-06T09%3A32%3A13.374Z&sources=informer%2Chistorical&limit=50 HTTP/1.1" from [::1]:33454 - 200 1247B in 2.202321ms
2026/07/07 11:33:51 "GET http://localhost:9280/api/audit HTTP/1.1" from [::1]:33464 - 200 8574B in 1.148541ms
2026/07/07 11:33:51 "GET http://localhost:9280/api/capabilities HTTP/1.1" from [::1]:33464 - 200 386B in 3.567276ms
2026/07/07 11:34:02 "GET http://localhost:9280/api/changes?namespace=default&kind=Pod&name=fk-vault-restore-20260707-110000-45j66&include_managed=true&since=2026-07-06T09%3A33%3A51.521Z&sources=k8s_event&limit=500 HTTP/1.1" from [::1]:33464 - 200 963B in 1.70352ms
2026/07/07 11:34:02 "GET http://localhost:9280/api/changes?namespace=default&kind=Pod&name=fk-vault-restore-20260707-110000-45j66&include_managed=true&since=2026-07-06T09%3A33%3A51.521Z&sources=informer%2Chistorical&limit=50 HTTP/1.1" from [::1]:33454 - 200 1247B in 1.728518ms
2026/07/07 11:34:03 "GET http://localhost:9280/api/portforwards HTTP/1.1" from [::1]:33464 - 200 28B in 83.88µs
2026/07/07 11:34:14 "GET http://localhost:9280/api/metrics/top/pods HTTP/1.1" from [::1]:33464 - 200 490B in 227.354µs
2026/07/07 11:34:15 "GET http://localhost:9280/api/prometheus/status HTTP/1.1" from [::1]:33464 - 200 89B in 63.01µs
2026/07/07 11:34:16 "GET http://localhost:9280/api/metrics/pods/default/fk-vault-restore-20260707-110000-45j66/history HTTP/1.1" from [::1]:33464 - 200 280B in 3.085036ms
2026/07/07 11:34:17 "GET http://localhost:9280/api/changes?namespace=default&kind=Pod&name=fk-vault-restore-20260707-110000-45j66&include_managed=true&since=2026-07-06T09%3A33%3A51.521Z&sources=informer%2Chistorical&limit=50 HTTP/1.1" from [::1]:33464 - 200 1247B in 2.153789ms
2026/07/07 11:34:17 "GET http://localhost:9280/api/changes?namespace=default&kind=Pod&name=fk-vault-restore-20260707-110000-45j66&include_managed=true&since=2026-07-06T09%3A33%3A51.521Z&sources=k8s_event&limit=500 HTTP/1.1" from [::1]:33454 - 200 963B in 2.047316ms
2026/07/07 11:34:21 Broadcasting topology update to 1 clients
2026/07/07 11:34:21 "GET http://localhost:9280/api/secrets/certificate-expiry HTTP/1.1" from [::1]:33464 - 200 28B in 94.17µs
2026/07/07 11:34:21 "GET http://localhost:9280/api/resource-counts? HTTP/1.1" from [::1]:33464 - 200 471B in 4.617559ms
2026/07/07 11:34:32 "GET http://localhost:9280/api/changes?namespace=default&kind=Pod&name=fk-vault-restore-20260707-110000-45j66&include_managed=true&since=2026-07-06T09%3A34%3A21.130Z&sources=k8s_event&limit=500 HTTP/1.1" from [::1]:33454 - 200 963B in 1.68282ms
2026/07/07 11:34:32 "GET http://localhost:9280/api/changes?namespace=default&kind=Pod&name=fk-vault-restore-20260707-110000-45j66&include_managed=true&since=2026-07-06T09%3A34%3A21.130Z&sources=informer%2Chistorical&limit=50 HTTP/1.1" from [::1]:33464 - 200 1247B in 2.312893ms
2026/07/07 11:34:33 "GET http://localhost:9280/api/portforwards HTTP/1.1" from [::1]:33464 - 200 28B in 61.387µs
2026/07/07 11:34:44 "GET http://localhost:9280/api/metrics/top/pods HTTP/1.1" from [::1]:33464 - 200 490B in 169.974µs
2026/07/07 11:34:46 "GET http://localhost:9280/api/metrics/pods/default/fk-vault-restore-20260707-110000-45j66/history HTTP/1.1" from [::1]:33464 - 200 280B in 3.444089ms
2026/07/07 11:34:47 "GET http://localhost:9280/api/changes?namespace=default&kind=Pod&name=fk-vault-restore-20260707-110000-45j66&include_managed=true&since=2026-07-06T09%3A34%3A21.130Z&sources=informer%2Chistorical&limit=50 HTTP/1.1" from [::1]:33454 - 200 1247B in 2.06575ms
2026/07/07 11:34:47 "GET http://localhost:9280/api/changes?namespace=default&kind=Pod&name=fk-vault-restore-20260707-110000-45j66&include_managed=true&since=2026-07-06T09%3A34%3A21.130Z&sources=k8s_event&limit=500 HTTP/1.1" from [::1]:33464 - 200 963B in 2.305678ms
2026/07/07 11:34:50 Broadcasting topology update to 1 clients
2026/07/07 11:34:51 "GET http://localhost:9280/api/audit HTTP/1.1" from [::1]:33464 - 200 8633B in 1.124315ms
2026/07/07 11:34:51 "GET http://localhost:9280/api/capabilities HTTP/1.1" from [::1]:33464 - 200 386B in 4.009549ms
2026/07/07 11:35:02 "GET http://localhost:9280/api/changes?namespace=default&kind=Pod&name=fk-vault-restore-20260707-110000-45j66&include_managed=true&since=2026-07-06T09%3A34%3A51.534Z&sources=k8s_event&limit=500 HTTP/1.1" from [::1]:33464 - 200 963B in 1.900395ms
2026/07/07 11:35:02 "GET http://localhost:9280/api/changes?namespace=default&kind=Pod&name=fk-vault-restore-20260707-110000-45j66&include_managed=true&since=2026-07-06T09%3A34%3A51.534Z&sources=informer%2Chistorical&limit=50 HTTP/1.1" from [::1]:33454 - 200 1247B in 2.207731ms
2026/07/07 11:35:03 "GET http://localhost:9280/api/portforwards HTTP/1.1" from [::1]:33464 - 200 28B in 68.601µs
2026/07/07 11:35:14 "GET http://localhost:9280/api/metrics/top/pods HTTP/1.1" from [::1]:33464 - 200 476B in 225.64µs
2026/07/07 11:35:15 "GET http://localhost:9280/api/prometheus/status HTTP/1.1" from [::1]:33464 - 200 89B in 97.856µs
2026/07/07 11:35:16 "GET http://localhost:9280/api/metrics/pods/default/fk-vault-restore-20260707-110000-45j66/history HTTP/1.1" from [::1]:33464 - 200 280B in 3.757378ms
2026/07/07 11:35:17 "GET http://localhost:9280/api/changes?namespace=default&kind=Pod&name=fk-vault-restore-20260707-110000-45j66&include_managed=true&since=2026-07-06T09%3A34%3A51.534Z&sources=k8s_event&limit=500 HTTP/1.1" from [::1]:33464 - 200 963B in 1.853415ms
2026/07/07 11:35:17 "GET http://localhost:9280/api/changes?namespace=default&kind=Pod&name=fk-vault-restore-20260707-110000-45j66&include_managed=true&since=2026-07-06T09%3A34%3A51.534Z&sources=informer%2Chistorical&limit=50 HTTP/1.1" from [::1]:33454 - 200 1247B in 1.879887ms
2026/07/07 11:35:21 "GET http://localhost:9280/api/secrets/certificate-expiry HTTP/1.1" from [::1]:33464 - 200 28B in 110.991µs
2026/07/07 11:35:21 "GET http://localhost:9280/api/resource-counts? HTTP/1.1" from [::1]:33464 - 200 471B in 4.879248ms
2026/07/07 11:35:29 "GET http://localhost:9280/api/resources/pods? HTTP/1.1" from [::1]:33464 - 200 13126B in 1.064511ms
2026/07/07 11:35:32 "GET http://localhost:9280/api/changes?namespace=default&kind=Pod&name=fk-vault-restore-20260707-110000-45j66&include_managed=true&since=2026-07-06T09%3A34%3A51.534Z&sources=k8s_event&limit=500 HTTP/1.1" from [::1]:33454 - 200 963B in 3.0653ms
2026/07/07 11:35:32 "GET http://localhost:9280/api/changes?namespace=default&kind=Pod&name=fk-vault-restore-20260707-110000-45j66&include_managed=true&since=2026-07-06T09%3A34%3A51.534Z&sources=informer%2Chistorical&limit=50 HTTP/1.1" from [::1]:33464 - 200 1247B in 4.359878ms
2026/07/07 11:35:33 "GET http://localhost:9280/api/portforwards HTTP/1.1" from [::1]:33464 - 200 28B in 245.308µs
2026/07/07 11:35:44 Broadcasting topology update to 1 clients
2026/07/07 11:35:44 "GET http://localhost:9280/api/metrics/top/pods HTTP/1.1" from [::1]:33464 - 200 490B in 422.586µs
2026/07/07 11:35:46 "GET http://localhost:9280/api/metrics/pods/default/fk-vault-restore-20260707-110000-45j66/history HTTP/1.1" from [::1]:33464 - 200 280B in 4.10399ms
2026/07/07 11:35:47 "GET http://localhost:9280/api/changes?namespace=default&kind=Pod&name=fk-vault-restore-20260707-110000-45j66&include_managed=true&since=2026-07-06T09%3A35%3A44.023Z&sources=informer%2Chistorical&limit=50 HTTP/1.1" from [::1]:33454 - 200 1247B in 1.742043ms
2026/07/07 11:35:47 "GET http://localhost:9280/api/changes?namespace=default&kind=Pod&name=fk-vault-restore-20260707-110000-45j66&include_managed=true&since=2026-07-06T09%3A35%3A44.023Z&sources=k8s_event&limit=500 HTTP/1.1" from [::1]:33464 - 200 963B in 2.392624ms
2026/07/07 11:35:51 "GET http://localhost:9280/api/audit HTTP/1.1" from [::1]:33464 - 200 8633B in 1.208916ms
2026/07/07 11:35:51 "GET http://localhost:9280/api/capabilities HTTP/1.1" from [::1]:33464 - 200 386B in 4.163795ms
2026/07/07 11:35:58 Broadcasting topology update to 1 clients
2026/07/07 11:36:02 "GET http://localhost:9280/api/changes?namespace=default&kind=Pod&name=fk-vault-restore-20260707-110000-45j66&include_managed=true&since=2026-07-06T09%3A35%3A59.042Z&sources=informer%2Chistorical&limit=50 HTTP/1.1" from [::1]:33464 - 200 1247B in 1.704111ms
2026/07/07 11:36:02 "GET http://localhost:9280/api/changes?namespace=default&kind=Pod&name=fk-vault-restore-20260707-110000-45j66&include_managed=true&since=2026-07-06T09%3A35%3A59.042Z&sources=k8s_event&limit=500 HTTP/1.1" from [::1]:33454 - 200 963B in 1.704392ms
2026/07/07 11:36:03 "GET http://localhost:9280/api/portforwards HTTP/1.1" from [::1]:33464 - 200 28B in 53.602µs
2026/07/07 11:36:14 "GET http://localhost:9280/api/metrics/top/pods HTTP/1.1" from [::1]:33464 - 200 480B in 180.635µs
2026/07/07 11:36:15 "GET http://localhost:9280/api/prometheus/status HTTP/1.1" from [::1]:33464 - 200 89B in 93.318µs
2026/07/07 11:36:16 "GET http://localhost:9280/api/metrics/pods/default/fk-vault-restore-20260707-110000-45j66/history HTTP/1.1" from [::1]:33464 - 200 280B in 6.115137ms
2026/07/07 11:36:17 "GET http://localhost:9280/api/changes?namespace=default&kind=Pod&name=fk-vault-restore-20260707-110000-45j66&include_managed=true&since=2026-07-06T09%3A35%3A59.042Z&sources=informer%2Chistorical&limit=50 HTTP/1.1" from [::1]:33464 - 200 1247B in 3.16603ms
2026/07/07 11:36:17 "GET http://localhost:9280/api/changes?namespace=default&kind=Pod&name=fk-vault-restore-20260707-110000-45j66&include_managed=true&since=2026-07-06T09%3A35%3A59.042Z&sources=k8s_event&limit=500 HTTP/1.1" from [::1]:33454 - 200 963B in 3.137395ms
2026/07/07 11:36:21 "GET http://localhost:9280/api/secrets/certificate-expiry HTTP/1.1" from [::1]:33464 - 200 28B in 183.481µs
2026/07/07 11:36:21 API resource discovery took 10.178958ms
2026/07/07 11:36:21 Discovered 66 API resources (63 unique kinds)
2026/07/07 11:36:21 "GET http://localhost:9280/api/resource-counts? HTTP/1.1" from [::1]:33464 - 200 471B in 20.97279ms
2026/07/07 11:36:32 "GET http://localhost:9280/api/changes?namespace=default&kind=Pod&name=fk-vault-restore-20260707-110000-45j66&include_managed=true&since=2026-07-06T09%3A35%3A59.042Z&sources=k8s_event&limit=500 HTTP/1.1" from [::1]:33454 - 200 963B in 2.700652ms
2026/07/07 11:36:32 "GET http://localhost:9280/api/changes?namespace=default&kind=Pod&name=fk-vault-restore-20260707-110000-45j66&include_managed=true&since=2026-07-06T09%3A35%3A59.042Z&sources=informer%2Chistorical&limit=50 HTTP/1.1" from [::1]:33464 - 200 1247B in 2.915511ms
2026/07/07 11:36:33 "GET http://localhost:9280/api/portforwards HTTP/1.1" from [::1]:33464 - 200 28B in 64.273µs
2026/07/07 11:36:44 "GET http://localhost:9280/api/metrics/top/pods HTTP/1.1" from [::1]:33464 - 200 458B in 508.049µs
2026/07/07 11:36:46 "GET http://localhost:9280/api/metrics/pods/default/fk-vault-restore-20260707-110000-45j66/history HTTP/1.1" from [::1]:33464 - 200 280B in 5.961393ms
2026/07/07 11:36:47 "GET http://localhost:9280/api/changes?namespace=default&kind=Pod&name=fk-vault-restore-20260707-110000-45j66&include_managed=true&since=2026-07-06T09%3A35%3A59.042Z&sources=k8s_event&limit=500 HTTP/1.1" from [::1]:33464 - 200 963B in 2.708507ms
2026/07/07 11:36:47 "GET http://localhost:9280/api/changes?namespace=default&kind=Pod&name=fk-vault-restore-20260707-110000-45j66&include_managed=true&since=2026-07-06T09%3A35%3A59.042Z&sources=informer%2Chistorical&limit=50 HTTP/1.1" from [::1]:33454 - 200 1247B in 2.284127ms
2026/07/07 11:36:51 "GET http://localhost:9280/api/audit HTTP/1.1" from [::1]:33464 - 200 8633B in 1.692238ms
2026/07/07 11:36:51 "GET http://localhost:9280/api/capabilities HTTP/1.1" from [::1]:33464 - 200 386B in 4.260056ms
2026/07/07 11:37:02 "GET http://localhost:9280/api/changes?namespace=default&kind=Pod&name=fk-vault-restore-20260707-110000-45j66&include_managed=true&since=2026-07-06T09%3A35%3A59.042Z&sources=informer%2Chistorical&limit=50 HTTP/1.1" from [::1]:33454 - 200 1247B in 2.631591ms
2026/07/07 11:37:02 "GET http://localhost:9280/api/changes?namespace=default&kind=Pod&name=fk-vault-restore-20260707-110000-45j66&include_managed=true&since=2026-07-06T09%3A35%3A59.042Z&sources=k8s_event&limit=500 HTTP/1.1" from [::1]:33464 - 200 963B in 2.673491ms
2026/07/07 11:37:03 "GET http://localhost:9280/api/portforwards HTTP/1.1" from [::1]:33464 - 200 28B in 62.269µs
2026/07/07 11:37:14 "GET http://localhost:9280/api/metrics/top/pods HTTP/1.1" from [::1]:33464 - 200 461B in 424.6µs
2026/07/07 11:37:15 "GET http://localhost:9280/api/prometheus/status HTTP/1.1" from [::1]:33464 - 200 89B in 162.981µs
2026/07/07 11:37:16 "GET http://localhost:9280/api/metrics/pods/default/fk-vault-restore-20260707-110000-45j66/history HTTP/1.1" from [::1]:33464 - 200 280B in 4.713853ms
2026/07/07 11:37:17 "GET http://localhost:9280/api/changes?namespace=default&kind=Pod&name=fk-vault-restore-20260707-110000-45j66&include_managed=true&since=2026-07-06T09%3A35%3A59.042Z&sources=informer%2Chistorical&limit=50 HTTP/1.1" from [::1]:33464 - 200 1247B in 2.375011ms
2026/07/07 11:37:17 "GET http://localhost:9280/api/changes?namespace=default&kind=Pod&name=fk-vault-restore-20260707-110000-45j66&include_managed=true&since=2026-07-06T09%3A35%3A59.042Z&sources=k8s_event&limit=500 HTTP/1.1" from [::1]:33454 - 200 963B in 2.247037ms
2026/07/07 11:37:19 Broadcasting topology update to 1 clients
2026/07/07 11:37:21 "GET http://localhost:9280/api/secrets/certificate-expiry HTTP/1.1" from [::1]:33464 - 200 28B in 114.639µs
2026/07/07 11:37:21 "GET http://localhost:9280/api/resource-counts? HTTP/1.1" from [::1]:33464 - 200 471B in 5.354053ms
2026/07/07 11:37:29 "GET http://localhost:9280/api/resources/pods? HTTP/1.1" from [::1]:33464 - 200 13417B in 1.816836ms
2026/07/07 11:37:32 "GET http://localhost:9280/api/changes?namespace=default&kind=Pod&name=fk-vault-restore-20260707-110000-45j66&include_managed=true&since=2026-07-06T09%3A37%3A19.148Z&sources=informer%2Chistorical&limit=50 HTTP/1.1" from [::1]:33464 - 200 1247B in 5.093928ms
2026/07/07 11:37:32 "GET http://localhost:9280/api/changes?namespace=default&kind=Pod&name=fk-vault-restore-20260707-110000-45j66&include_managed=true&since=2026-07-06T09%3A37%3A19.148Z&sources=k8s_event&limit=500 HTTP/1.1" from [::1]:33454 - 200 963B in 5.371118ms
2026/07/07 11:37:33 "GET http://localhost:9280/api/portforwards HTTP/1.1" from [::1]:33464 - 200 28B in 61.747µs
2026/07/07 11:37:44 "GET http://localhost:9280/api/metrics/top/pods HTTP/1.1" from [::1]:33464 - 200 476B in 225.199µs
2026/07/07 11:37:46 "GET http://localhost:9280/api/metrics/pods/default/fk-vault-restore-20260707-110000-45j66/history HTTP/1.1" from [::1]:33464 - 200 280B in 3.156681ms
2026/07/07 11:37:47 "GET http://localhost:9280/api/changes?namespace=default&kind=Pod&name=fk-vault-restore-20260707-110000-45j66&include_managed=true&since=2026-07-06T09%3A37%3A19.148Z&sources=k8s_event&limit=500 HTTP/1.1" from [::1]:33454 - 200 963B in 1.659345ms
2026/07/07 11:37:47 "GET http://localhost:9280/api/changes?namespace=default&kind=Pod&name=fk-vault-restore-20260707-110000-45j66&include_managed=true&since=2026-07-06T09%3A37%3A19.148Z&sources=informer%2Chistorical&limit=50 HTTP/1.1" from [::1]:33464 - 200 1247B in 2.335736ms
2026/07/07 11:37:51 "GET http://localhost:9280/api/audit HTTP/1.1" from [::1]:33464 - 200 8633B in 1.790656ms
2026/07/07 11:37:51 "GET http://localhost:9280/api/capabilities HTTP/1.1" from [::1]:33454 - 200 386B in 4.48188ms
2026/07/07 11:38:02 "GET http://localhost:9280/api/changes?namespace=default&kind=Pod&name=fk-vault-restore-20260707-110000-45j66&include_managed=true&since=2026-07-06T09%3A37%3A19.148Z&sources=k8s_event&limit=500 HTTP/1.1" from [::1]:33464 - 200 963B in 1.914392ms
2026/07/07 11:38:02 "GET http://localhost:9280/api/changes?namespace=default&kind=Pod&name=fk-vault-restore-20260707-110000-45j66&include_managed=true&since=2026-07-06T09%3A37%3A19.148Z&sources=informer%2Chistorical&limit=50 HTTP/1.1" from [::1]:33454 - 200 1247B in 2.153759ms
2026/07/07 11:38:03 "GET http://localhost:9280/api/portforwards HTTP/1.1" from [::1]:33464 - 200 28B in 45.897µs
2026/07/07 11:38:14 "GET http://localhost:9280/api/metrics/top/pods HTTP/1.1" from [::1]:33464 - 200 480B in 181.145µs
2026/07/07 11:38:15 "GET http://localhost:9280/api/prometheus/status HTTP/1.1" from [::1]:33464 - 200 89B in 108.197µs
2026/07/07 11:38:16 "GET http://localhost:9280/api/metrics/pods/default/fk-vault-restore-20260707-110000-45j66/history HTTP/1.1" from [::1]:33464 - 200 280B in 4.108498ms
2026/07/07 11:38:17 "GET http://localhost:9280/api/changes?namespace=default&kind=Pod&name=fk-vault-restore-20260707-110000-45j66&include_managed=true&since=2026-07-06T09%3A37%3A19.148Z&sources=k8s_event&limit=500 HTTP/1.1" from [::1]:33464 - 200 963B in 2.092161ms
2026/07/07 11:38:17 "GET http://localhost:9280/api/changes?namespace=default&kind=Pod&name=fk-vault-restore-20260707-110000-45j66&include_managed=true&since=2026-07-06T09%3A37%3A19.148Z&sources=informer%2Chistorical&limit=50 HTTP/1.1" from [::1]:33454 - 200 1247B in 2.286973ms
2026/07/07 11:38:21 "GET http://localhost:9280/api/secrets/certificate-expiry HTTP/1.1" from [::1]:33464 - 200 28B in 167.379µs
2026/07/07 11:38:21 "GET http://localhost:9280/api/resource-counts? HTTP/1.1" from [::1]:33464 - 200 471B in 6.822065ms
2026/07/07 11:38:32 "GET http://localhost:9280/api/changes?namespace=default&kind=Pod&name=fk-vault-restore-20260707-110000-45j66&include_managed=true&since=2026-07-06T09%3A37%3A19.148Z&sources=informer%2Chistorical&limit=50 HTTP/1.1" from [::1]:33454 - 200 1247B in 2.062965ms
2026/07/07 11:38:32 "GET http://localhost:9280/api/changes?namespace=default&kind=Pod&name=fk-vault-restore-20260707-110000-45j66&include_managed=true&since=2026-07-06T09%3A37%3A19.148Z&sources=k8s_event&limit=500 HTTP/1.1" from [::1]:33464 - 200 963B in 2.256845ms
2026/07/07 11:38:33 "GET http://localhost:9280/api/portforwards HTTP/1.1" from [::1]:33464 - 200 28B in 62.529µs
2026/07/07 11:38:44 "GET http://localhost:9280/api/metrics/top/pods HTTP/1.1" from [::1]:33464 - 200 466B in 209.36µs
2026/07/07 11:38:46 "GET http://localhost:9280/api/metrics/pods/default/fk-vault-restore-20260707-110000-45j66/history HTTP/1.1" from [::1]:33464 - 200 280B in 3.006966ms
2026/07/07 11:38:47 "GET http://localhost:9280/api/changes?namespace=default&kind=Pod&name=fk-vault-restore-20260707-110000-45j66&include_managed=true&since=2026-07-06T09%3A37%3A19.148Z&sources=informer%2Chistorical&limit=50 HTTP/1.1" from [::1]:33464 - 200 1247B in 1.671789ms
2026/07/07 11:38:47 "GET http://localhost:9280/api/changes?namespace=default&kind=Pod&name=fk-vault-restore-20260707-110000-45j66&include_managed=true&since=2026-07-06T09%3A37%3A19.148Z&sources=k8s_event&limit=500 HTTP/1.1" from [::1]:33454 - 200 963B in 1.858265ms
2026/07/07 11:38:51 "GET http://localhost:9280/api/audit HTTP/1.1" from [::1]:33464 - 200 8574B in 1.37878ms
2026/07/07 11:38:51 "GET http://localhost:9280/api/capabilities HTTP/1.1" from [::1]:33464 - 200 386B in 4.388822ms
2026/07/07 11:39:02 "GET http://localhost:9280/api/changes?namespace=default&kind=Pod&name=fk-vault-restore-20260707-110000-45j66&include_managed=true&since=2026-07-06T09%3A38%3A51.750Z&sources=informer%2Chistorical&limit=50 HTTP/1.1" from [::1]:33464 - 200 1247B in 2.336798ms
2026/07/07 11:39:02 "GET http://localhost:9280/api/changes?namespace=default&kind=Pod&name=fk-vault-restore-20260707-110000-45j66&include_managed=true&since=2026-07-06T09%3A38%3A51.750Z&sources=k8s_event&limit=500 HTTP/1.1" from [::1]:33454 - 200 963B in 2.282875ms
2026/07/07 11:39:03 "GET http://localhost:9280/api/portforwards HTTP/1.1" from [::1]:33464 - 200 28B in 56.318µs
2026/07/07 11:39:10 [metrics] Pod metrics collection failed (count=240): the server could not find the requested resource
2026/07/07 11:39:10 [metrics] Node metrics collection failed (count=240): the server could not find the requested resource
2026/07/07 11:39:14 "GET http://localhost:9280/api/metrics/top/pods HTTP/1.1" from [::1]:33464 - 200 466B in 468.223µs
2026/07/07 11:39:15 "GET http://localhost:9280/api/prometheus/status HTTP/1.1" from [::1]:33464 - 200 89B in 206.344µs
2026/07/07 11:39:16 "GET http://localhost:9280/api/metrics/pods/default/fk-vault-restore-20260707-110000-45j66/history HTTP/1.1" from [::1]:33464 - 200 280B in 4.311635ms
2026/07/07 11:39:17 "GET http://localhost:9280/api/changes?namespace=default&kind=Pod&name=fk-vault-restore-20260707-110000-45j66&include_managed=true&since=2026-07-06T09%3A38%3A51.750Z&sources=informer%2Chistorical&limit=50 HTTP/1.1" from [::1]:33464 - 200 1247B in 2.703558ms
2026/07/07 11:39:17 "GET http://localhost:9280/api/changes?namespace=default&kind=Pod&name=fk-vault-restore-20260707-110000-45j66&include_managed=true&since=2026-07-06T09%3A38%3A51.750Z&sources=k8s_event&limit=500 HTTP/1.1" from [::1]:33454 - 200 963B in 2.485081ms
2026/07/07 11:39:21 "GET http://localhost:9280/api/secrets/certificate-expiry HTTP/1.1" from [::1]:33464 - 200 28B in 165.385µs
2026/07/07 11:39:21 "GET http://localhost:9280/api/resource-counts? HTTP/1.1" from [::1]:33464 - 200 471B in 7.940929ms
2026/07/07 11:39:24 Broadcasting topology update to 1 clients
2026/07/07 11:39:29 "GET http://localhost:9280/api/resources/pods? HTTP/1.1" from [::1]:33464 - 200 12356B in 1.640189ms
2026/07/07 11:39:32 "GET http://localhost:9280/api/changes?namespace=default&kind=Pod&name=fk-vault-restore-20260707-110000-45j66&include_managed=true&since=2026-07-06T09%3A39%3A24.164Z&sources=k8s_event&limit=500 HTTP/1.1" from [::1]:33454 - 200 963B in 2.972881ms
2026/07/07 11:39:32 "GET http://localhost:9280/api/changes?namespace=default&kind=Pod&name=fk-vault-restore-20260707-110000-45j66&include_managed=true&since=2026-07-06T09%3A39%3A24.164Z&sources=informer%2Chistorical&limit=50 HTTP/1.1" from [::1]:33464 - 200 1247B in 3.831518ms
2026/07/07 11:39:33 "GET http://localhost:9280/api/portforwards HTTP/1.1" from [::1]:33464 - 200 28B in 81.646µs
2026/07/07 11:39:44 "GET http://localhost:9280/api/metrics/top/pods HTTP/1.1" from [::1]:33464 - 200 470B in 572.863µs
2026/07/07 11:39:46 "GET http://localhost:9280/api/metrics/pods/default/fk-vault-restore-20260707-110000-45j66/history HTTP/1.1" from [::1]:33464 - 200 280B in 2.979915ms
2026/07/07 11:39:47 "GET http://localhost:9280/api/changes?namespace=default&kind=Pod&name=fk-vault-restore-20260707-110000-45j66&include_managed=true&since=2026-07-06T09%3A39%3A24.164Z&sources=informer%2Chistorical&limit=50 HTTP/1.1" from [::1]:33454 - 200 1247B in 1.896007ms
2026/07/07 11:39:47 "GET http://localhost:9280/api/changes?namespace=default&kind=Pod&name=fk-vault-restore-20260707-110000-45j66&include_managed=true&since=2026-07-06T09%3A39%3A24.164Z&sources=k8s_event&limit=500 HTTP/1.1" from [::1]:33464 - 200 963B in 1.955741ms
2026/07/07 11:39:51 "GET http://localhost:9280/api/audit HTTP/1.1" from [::1]:33464 - 200 8633B in 1.314709ms
2026/07/07 11:39:51 "GET http://localhost:9280/api/capabilities HTTP/1.1" from [::1]:33464 - 200 386B in 5.896759ms
2026/07/07 11:39:56 Broadcasting topology update to 1 clients
2026/07/07 11:40:02 "GET http://localhost:9280/api/changes?namespace=default&kind=Pod&name=fk-vault-restore-20260707-110000-45j66&include_managed=true&since=2026-07-06T09%3A39%3A57.018Z&sources=k8s_event&limit=500 HTTP/1.1" from [::1]:33464 - 200 963B in 1.907419ms
2026/07/07 11:40:02 "GET http://localhost:9280/api/changes?namespace=default&kind=Pod&name=fk-vault-restore-20260707-110000-45j66&include_managed=true&since=2026-07-06T09%3A39%3A57.018Z&sources=informer%2Chistorical&limit=50 HTTP/1.1" from [::1]:33454 - 200 1247B in 2.324163ms
2026/07/07 11:40:03 "GET http://localhost:9280/api/portforwards HTTP/1.1" from [::1]:33464 - 200 28B in 51.438µs
2026/07/07 11:40:14 "GET http://localhost:9280/api/metrics/top/pods HTTP/1.1" from [::1]:33464 - 200 458B in 188.149µs
2026/07/07 11:40:15 "GET http://localhost:9280/api/prometheus/status HTTP/1.1" from [::1]:33464 - 200 89B in 85.784µs
2026/07/07 11:40:16 "GET http://localhost:9280/api/metrics/pods/default/fk-vault-restore-20260707-110000-45j66/history HTTP/1.1" from [::1]:33464 - 200 280B in 3.939776ms
2026/07/07 11:40:17 "GET http://localhost:9280/api/changes?namespace=default&kind=Pod&name=fk-vault-restore-20260707-110000-45j66&include_managed=true&since=2026-07-06T09%3A39%3A57.018Z&sources=k8s_event&limit=500 HTTP/1.1" from [::1]:33464 - 200 963B in 1.728698ms
2026/07/07 11:40:17 "GET http://localhost:9280/api/changes?namespace=default&kind=Pod&name=fk-vault-restore-20260707-110000-45j66&include_managed=true&since=2026-07-06T09%3A39%3A57.018Z&sources=informer%2Chistorical&limit=50 HTTP/1.1" from [::1]:33454 - 200 1247B in 1.872493ms
2026/07/07 11:40:21 "GET http://localhost:9280/api/secrets/certificate-expiry HTTP/1.1" from [::1]:33464 - 200 28B in 128.876µs
2026/07/07 11:40:21 "GET http://localhost:9280/api/resource-counts? HTTP/1.1" from [::1]:33464 - 200 471B in 8.012384ms
2026/07/07 11:40:32 "GET http://localhost:9280/api/changes?namespace=default&kind=Pod&name=fk-vault-restore-20260707-110000-45j66&include_managed=true&since=2026-07-06T09%3A39%3A57.018Z&sources=k8s_event&limit=500 HTTP/1.1" from [::1]:33464 - 200 963B in 1.892631ms
2026/07/07 11:40:32 "GET http://localhost:9280/api/changes?namespace=default&kind=Pod&name=fk-vault-restore-20260707-110000-45j66&include_managed=true&since=2026-07-06T09%3A39%3A57.018Z&sources=informer%2Chistorical&limit=50 HTTP/1.1" from [::1]:33454 - 200 1247B in 1.699572ms
2026/07/07 11:40:33 "GET http://localhost:9280/api/portforwards HTTP/1.1" from [::1]:33464 - 200 28B in 362.181µs
2026/07/07 11:40:44 "GET http://localhost:9280/api/metrics/top/pods HTTP/1.1" from [::1]:33464 - 200 458B in 883.616µs
2026/07/07 11:40:46 "GET http://localhost:9280/api/metrics/pods/default/fk-vault-restore-20260707-110000-45j66/history HTTP/1.1" from [::1]:33464 - 200 280B in 4.365759ms
2026/07/07 11:40:47 "GET http://localhost:9280/api/changes?namespace=default&kind=Pod&name=fk-vault-restore-20260707-110000-45j66&include_managed=true&since=2026-07-06T09%3A39%3A57.018Z&sources=informer%2Chistorical&limit=50 HTTP/1.1" from [::1]:33454 - 200 1247B in 2.280771ms
2026/07/07 11:40:47 "GET http://localhost:9280/api/changes?namespace=default&kind=Pod&name=fk-vault-restore-20260707-110000-45j66&include_managed=true&since=2026-07-06T09%3A39%3A57.018Z&sources=k8s_event&limit=500 HTTP/1.1" from [::1]:33464 - 200 963B in 2.859916ms
2026/07/07 11:40:49 Broadcasting topology update to 1 clients
2026/07/07 11:40:51 "GET http://localhost:9280/api/audit HTTP/1.1" from [::1]:33464 - 200 8633B in 1.515972ms
2026/07/07 11:40:51 "GET http://localhost:9280/api/capabilities HTTP/1.1" from [::1]:33464 - 200 386B in 5.120518ms
2026/07/07 11:40:59 Broadcasting topology update to 1 clients
2026/07/07 11:41:02 "GET http://localhost:9280/api/changes?namespace=default&kind=Pod&name=fk-vault-restore-20260707-110000-45j66&include_managed=true&since=2026-07-06T09%3A41%3A00.076Z&sources=informer%2Chistorical&limit=50 HTTP/1.1" from [::1]:33464 - 200 1247B in 1.900696ms
2026/07/07 11:41:02 "GET http://localhost:9280/api/changes?namespace=default&kind=Pod&name=fk-vault-restore-20260707-110000-45j66&include_managed=true&since=2026-07-06T09%3A41%3A00.076Z&sources=k8s_event&limit=500 HTTP/1.1" from [::1]:33454 - 200 963B in 2.487085ms
2026/07/07 11:41:03 "GET http://localhost:9280/api/portforwards HTTP/1.1" from [::1]:33464 - 200 28B in 73.931µs
2026/07/07 11:41:14 "GET http://localhost:9280/api/metrics/top/pods HTTP/1.1" from [::1]:33464 - 200 480B in 413.849µs
2026/07/07 11:41:15 "GET http://localhost:9280/api/prometheus/status HTTP/1.1" from [::1]:33464 - 200 89B in 147.903µs
2026/07/07 11:41:16 "GET http://localhost:9280/api/metrics/pods/default/fk-vault-restore-20260707-110000-45j66/history HTTP/1.1" from [::1]:33464 - 200 280B in 3.668118ms
2026/07/07 11:41:17 "GET http://localhost:9280/api/changes?namespace=default&kind=Pod&name=fk-vault-restore-20260707-110000-45j66&include_managed=true&since=2026-07-06T09%3A41%3A00.076Z&sources=k8s_event&limit=500 HTTP/1.1" from [::1]:33454 - 200 963B in 2.081631ms
2026/07/07 11:41:17 "GET http://localhost:9280/api/changes?namespace=default&kind=Pod&name=fk-vault-restore-20260707-110000-45j66&include_managed=true&since=2026-07-06T09%3A41%3A00.076Z&sources=informer%2Chistorical&limit=50 HTTP/1.1" from [::1]:33464 - 200 1247B in 2.308885ms
2026/07/07 11:41:21 "GET http://localhost:9280/api/secrets/certificate-expiry HTTP/1.1" from [::1]:33464 - 200 28B in 108.688µs
2026/07/07 11:41:21 API resource discovery took 5.362269ms
2026/07/07 11:41:21 Discovered 66 API resources (63 unique kinds)
2026/07/07 11:41:21 "GET http://localhost:9280/api/resource-counts? HTTP/1.1" from [::1]:33464 - 200 471B in 9.786789ms
2026/07/07 11:41:29 "GET http://localhost:9280/api/resources/pods? HTTP/1.1" from [::1]:33464 - 200 12506B in 1.462751ms
2026/07/07 11:41:32 "GET http://localhost:9280/api/changes?namespace=default&kind=Pod&name=fk-vault-restore-20260707-110000-45j66&include_managed=true&since=2026-07-06T09%3A41%3A00.076Z&sources=informer%2Chistorical&limit=50 HTTP/1.1" from [::1]:33454 - 200 1247B in 3.749094ms
2026/07/07 11:41:32 "GET http://localhost:9280/api/changes?namespace=default&kind=Pod&name=fk-vault-restore-20260707-110000-45j66&include_managed=true&since=2026-07-06T09%3A41%3A00.076Z&sources=k8s_event&limit=500 HTTP/1.1" from [::1]:33464 - 200 963B in 3.794699ms
2026/07/07 11:41:33 "GET http://localhost:9280/api/portforwards HTTP/1.1" from [::1]:33464 - 200 28B in 56.849µs
2026/07/07 11:41:44 "GET http://localhost:9280/api/metrics/top/pods HTTP/1.1" from [::1]:33464 - 200 470B in 2.069789ms
2026/07/07 11:41:46 "GET http://localhost:9280/api/metrics/pods/default/fk-vault-restore-20260707-110000-45j66/history HTTP/1.1" from [::1]:33464 - 200 280B in 3.267935ms
2026/07/07 11:41:47 "GET http://localhost:9280/api/changes?namespace=default&kind=Pod&name=fk-vault-restore-20260707-110000-45j66&include_managed=true&since=2026-07-06T09%3A41%3A00.076Z&sources=informer%2Chistorical&limit=50 HTTP/1.1" from [::1]:33464 - 200 1247B in 1.895577ms
2026/07/07 11:41:47 "GET http://localhost:9280/api/changes?namespace=default&kind=Pod&name=fk-vault-restore-20260707-110000-45j66&include_managed=true&since=2026-07-06T09%3A41%3A00.076Z&sources=k8s_event&limit=500 HTTP/1.1" from [::1]:33454 - 200 963B in 1.679263ms
2026/07/07 11:41:51 "GET http://localhost:9280/api/audit HTTP/1.1" from [::1]:33464 - 200 8633B in 1.355295ms
2026/07/07 11:41:51 "GET http://localhost:9280/api/capabilities HTTP/1.1" from [::1]:33464 - 200 386B in 5.232382ms
2026/07/07 11:42:02 "GET http://localhost:9280/api/changes?namespace=default&kind=Pod&name=fk-vault-restore-20260707-110000-45j66&include_managed=true&since=2026-07-06T09%3A41%3A00.076Z&sources=informer%2Chistorical&limit=50 HTTP/1.1" from [::1]:33464 - 200 1247B in 2.406101ms
2026/07/07 11:42:02 "GET http://localhost:9280/api/changes?namespace=default&kind=Pod&name=fk-vault-restore-20260707-110000-45j66&include_managed=true&since=2026-07-06T09%3A41%3A00.076Z&sources=k8s_event&limit=500 HTTP/1.1" from [::1]:33454 - 200 963B in 3.112478ms
2026/07/07 11:42:03 "GET http://localhost:9280/api/portforwards HTTP/1.1" from [::1]:33464 - 200 28B in 537.105µs
2026/07/07 11:42:14 "GET http://localhost:9280/api/metrics/top/pods HTTP/1.1" from [::1]:33464 - 200 473B in 232.734µs
2026/07/07 11:42:15 "GET http://localhost:9280/api/prometheus/status HTTP/1.1" from [::1]:33464 - 200 89B in 59.614µs
2026/07/07 11:42:16 "GET http://localhost:9280/api/metrics/pods/default/fk-vault-restore-20260707-110000-45j66/history HTTP/1.1" from [::1]:33464 - 200 280B in 3.100075ms
2026/07/07 11:42:17 "GET http://localhost:9280/api/changes?namespace=default&kind=Pod&name=fk-vault-restore-20260707-110000-45j66&include_managed=true&since=2026-07-06T09%3A41%3A00.076Z&sources=k8s_event&limit=500 HTTP/1.1" from [::1]:33454 - 200 963B in 3.176989ms
2026/07/07 11:42:17 "GET http://localhost:9280/api/changes?namespace=default&kind=Pod&name=fk-vault-restore-20260707-110000-45j66&include_managed=true&since=2026-07-06T09%3A41%3A00.076Z&sources=informer%2Chistorical&limit=50 HTTP/1.1" from [::1]:33464 - 200 1247B in 3.678287ms
2026/07/07 11:42:21 "GET http://localhost:9280/api/secrets/certificate-expiry HTTP/1.1" from [::1]:33464 - 200 28B in 467.872µs
2026/07/07 11:42:21 "GET http://localhost:9280/api/resource-counts? HTTP/1.1" from [::1]:33454 - 200 471B in 5.996269ms
2026/07/07 11:42:25 Broadcasting topology update to 1 clients
2026/07/07 11:42:32 "GET http://localhost:9280/api/changes?namespace=default&kind=Pod&name=fk-vault-restore-20260707-110000-45j66&include_managed=true&since=2026-07-06T09%3A42%3A25.664Z&sources=k8s_event&limit=500 HTTP/1.1" from [::1]:33464 - 200 963B in 2.539925ms
2026/07/07 11:42:32 "GET http://localhost:9280/api/changes?namespace=default&kind=Pod&name=fk-vault-restore-20260707-110000-45j66&include_managed=true&since=2026-07-06T09%3A42%3A25.664Z&sources=informer%2Chistorical&limit=50 HTTP/1.1" from [::1]:33454 - 200 1247B in 2.355424ms
2026/07/07 11:42:33 "GET http://localhost:9280/api/portforwards HTTP/1.1" from [::1]:33464 - 200 28B in 68.621µs
2026/07/07 11:42:44 "GET http://localhost:9280/api/metrics/top/pods HTTP/1.1" from [::1]:33464 - 200 470B in 236.912µs
2026/07/07 11:42:46 "GET http://localhost:9280/api/metrics/pods/default/fk-vault-restore-20260707-110000-45j66/history HTTP/1.1" from [::1]:33464 - 200 280B in 5.19942ms
2026/07/07 11:42:47 "GET http://localhost:9280/api/changes?namespace=default&kind=Pod&name=fk-vault-restore-20260707-110000-45j66&include_managed=true&since=2026-07-06T09%3A42%3A25.664Z&sources=k8s_event&limit=500 HTTP/1.1" from [::1]:33464 - 200 963B in 1.929671ms
2026/07/07 11:42:47 "GET http://localhost:9280/api/changes?namespace=default&kind=Pod&name=fk-vault-restore-20260707-110000-45j66&include_managed=true&since=2026-07-06T09%3A42%3A25.664Z&sources=informer%2Chistorical&limit=50 HTTP/1.1" from [::1]:33454 - 200 1247B in 2.004855ms
2026/07/07 11:42:51 "GET http://localhost:9280/api/audit HTTP/1.1" from [::1]:33464 - 200 8633B in 1.901017ms
2026/07/07 11:42:51 "GET http://localhost:9280/api/capabilities HTTP/1.1" from [::1]:33464 - 200 386B in 4.08478ms
2026/07/07 11:43:03 "GET http://localhost:9280/api/changes?namespace=default&kind=Pod&name=fk-vault-restore-20260707-110000-45j66&include_managed=true&since=2026-07-06T09%3A42%3A25.664Z&sources=k8s_event&limit=500 HTTP/1.1" from [::1]:33454 - 200 963B in 1.932106ms
2026/07/07 11:43:03 "GET http://localhost:9280/api/changes?namespace=default&kind=Pod&name=fk-vault-restore-20260707-110000-45j66&include_managed=true&since=2026-07-06T09%3A42%3A25.664Z&sources=informer%2Chistorical&limit=50 HTTP/1.1" from [::1]:33464 - 200 1247B in 2.115465ms
2026/07/07 11:43:03 "GET http://localhost:9280/api/portforwards HTTP/1.1" from [::1]:33464 - 200 28B in 49.234µs
2026/07/07 11:43:14 "GET http://localhost:9280/api/metrics/top/pods HTTP/1.1" from [::1]:33464 - 200 490B in 197.196µs
2026/07/07 11:43:16 "GET http://localhost:9280/api/prometheus/status HTTP/1.1" from [::1]:33464 - 200 89B in 81.966µs
2026/07/07 11:43:16 "GET http://localhost:9280/api/metrics/pods/default/fk-vault-restore-20260707-110000-45j66/history HTTP/1.1" from [::1]:33464 - 200 280B in 3.233659ms
2026/07/07 11:43:18 "GET http://localhost:9280/api/changes?namespace=default&kind=Pod&name=fk-vault-restore-20260707-110000-45j66&include_managed=true&since=2026-07-06T09%3A42%3A25.664Z&sources=k8s_event&limit=500 HTTP/1.1" from [::1]:33464 - 200 963B in 1.946673ms
2026/07/07 11:43:18 "GET http://localhost:9280/api/changes?namespace=default&kind=Pod&name=fk-vault-restore-20260707-110000-45j66&include_managed=true&since=2026-07-06T09%3A42%3A25.664Z&sources=informer%2Chistorical&limit=50 HTTP/1.1" from [::1]:33454 - 200 1247B in 1.778243ms
2026/07/07 11:43:21 "GET http://localhost:9280/api/secrets/certificate-expiry HTTP/1.1" from [::1]:33464 - 200 28B in 271.257µs
2026/07/07 11:43:21 "GET http://localhost:9280/api/resource-counts? HTTP/1.1" from [::1]:33454 - 200 471B in 4.818282ms
2026/07/07 11:43:29 "GET http://localhost:9280/api/resources/pods? HTTP/1.1" from [::1]:33464 - 200 12506B in 1.535029ms
2026/07/07 11:43:33 "GET http://localhost:9280/api/changes?namespace=default&kind=Pod&name=fk-vault-restore-20260707-110000-45j66&include_managed=true&since=2026-07-06T09%3A42%3A25.664Z&sources=informer%2Chistorical&limit=50 HTTP/1.1" from [::1]:33454 - 200 1247B in 2.640527ms
2026/07/07 11:43:33 "GET http://localhost:9280/api/changes?namespace=default&kind=Pod&name=fk-vault-restore-20260707-110000-45j66&include_managed=true&since=2026-07-06T09%3A42%3A25.664Z&sources=k8s_event&limit=500 HTTP/1.1" from [::1]:33464 - 200 963B in 2.75696ms
2026/07/07 11:43:34 "GET http://localhost:9280/api/portforwards HTTP/1.1" from [::1]:33464 - 200 28B in 549.368µs
2026/07/07 11:43:44 "GET http://localhost:9280/api/metrics/top/pods HTTP/1.1" from [::1]:33464 - 200 480B in 160.095µs
2026/07/07 11:43:46 "GET http://localhost:9280/api/metrics/pods/default/fk-vault-restore-20260707-110000-45j66/history HTTP/1.1" from [::1]:33464 - 200 280B in 4.011611ms
2026/07/07 11:43:48 "GET http://localhost:9280/api/changes?namespace=default&kind=Pod&name=fk-vault-restore-20260707-110000-45j66&include_managed=true&since=2026-07-06T09%3A42%3A25.664Z&sources=informer%2Chistorical&limit=50 HTTP/1.1" from [::1]:33464 - 200 1247B in 1.747684ms
2026/07/07 11:43:48 "GET http://localhost:9280/api/changes?namespace=default&kind=Pod&name=fk-vault-restore-20260707-110000-45j66&include_managed=true&since=2026-07-06T09%3A42%3A25.664Z&sources=k8s_event&limit=500 HTTP/1.1" from [::1]:33454 - 200 963B in 1.925363ms
2026/07/07 11:43:51 "GET http://localhost:9280/api/audit HTTP/1.1" from [::1]:33464 - 200 8633B in 1.303887ms
2026/07/07 11:43:51 "GET http://localhost:9280/api/capabilities HTTP/1.1" from [::1]:33454 - 200 386B in 3.613293ms
2026/07/07 11:44:03 "GET http://localhost:9280/api/changes?namespace=default&kind=Pod&name=fk-vault-restore-20260707-110000-45j66&include_managed=true&since=2026-07-06T09%3A42%3A25.664Z&sources=k8s_event&limit=500 HTTP/1.1" from [::1]:33454 - 200 963B in 1.829701ms
2026/07/07 11:44:03 "GET http://localhost:9280/api/changes?namespace=default&kind=Pod&name=fk-vault-restore-20260707-110000-45j66&include_managed=true&since=2026-07-06T09%3A42%3A25.664Z&sources=informer%2Chistorical&limit=50 HTTP/1.1" from [::1]:33464 - 200 1247B in 1.927106ms
2026/07/07 11:44:04 "GET http://localhost:9280/api/portforwards HTTP/1.1" from [::1]:33464 - 200 28B in 77.127µs
2026/07/07 11:44:14 "GET http://localhost:9280/api/metrics/top/pods HTTP/1.1" from [::1]:33464 - 200 480B in 554.438µs
2026/07/07 11:44:16 "GET http://localhost:9280/api/prometheus/status HTTP/1.1" from [::1]:33464 - 200 89B in 159.445µs
2026/07/07 11:44:16 "GET http://localhost:9280/api/metrics/pods/default/fk-vault-restore-20260707-110000-45j66/history HTTP/1.1" from [::1]:33464 - 200 280B in 4.470517ms
2026/07/07 11:44:18 "GET http://localhost:9280/api/changes?namespace=default&kind=Pod&name=fk-vault-restore-20260707-110000-45j66&include_managed=true&since=2026-07-06T09%3A42%3A25.664Z&sources=k8s_event&limit=500 HTTP/1.1" from [::1]:33464 - 200 963B in 2.912857ms
2026/07/07 11:44:18 "GET http://localhost:9280/api/changes?namespace=default&kind=Pod&name=fk-vault-restore-20260707-110000-45j66&include_managed=true&since=2026-07-06T09%3A42%3A25.664Z&sources=informer%2Chistorical&limit=50 HTTP/1.1" from [::1]:33454 - 200 1247B in 2.701203ms
2026/07/07 11:44:21 Broadcasting topology update to 1 clients
2026/07/07 11:44:21 "GET http://localhost:9280/api/secrets/certificate-expiry HTTP/1.1" from [::1]:33464 - 200 28B in 1.220408ms
2026/07/07 11:44:21 "GET http://localhost:9280/api/resource-counts? HTTP/1.1" from [::1]:33454 - 200 471B in 7.115014ms
2026/07/07 11:44:33 "GET http://localhost:9280/api/changes?namespace=default&kind=Pod&name=fk-vault-restore-20260707-110000-45j66&include_managed=true&since=2026-07-06T09%3A44%3A21.152Z&sources=informer%2Chistorical&limit=50 HTTP/1.1" from [::1]:33454 - 200 1247B in 2.408395ms
2026/07/07 11:44:33 "GET http://localhost:9280/api/changes?namespace=default&kind=Pod&name=fk-vault-restore-20260707-110000-45j66&include_managed=true&since=2026-07-06T09%3A44%3A21.152Z&sources=k8s_event&limit=500 HTTP/1.1" from [::1]:33464 - 200 963B in 2.402965ms
2026/07/07 11:44:34 "GET http://localhost:9280/api/portforwards HTTP/1.1" from [::1]:33464 - 200 28B in 69.743µs
2026/07/07 11:44:44 "GET http://localhost:9280/api/metrics/top/pods HTTP/1.1" from [::1]:33464 - 200 476B in 225.731µs
2026/07/07 11:44:46 "GET http://localhost:9280/api/metrics/pods/default/fk-vault-restore-20260707-110000-45j66/history HTTP/1.1" from [::1]:33464 - 200 280B in 5.256488ms
2026/07/07 11:44:48 "GET http://localhost:9280/api/changes?namespace=default&kind=Pod&name=fk-vault-restore-20260707-110000-45j66&include_managed=true&since=2026-07-06T09%3A44%3A21.152Z&sources=informer%2Chistorical&limit=50 HTTP/1.1" from [::1]:33464 - 200 1247B in 2.340375ms
2026/07/07 11:44:48 "GET http://localhost:9280/api/changes?namespace=default&kind=Pod&name=fk-vault-restore-20260707-110000-45j66&include_managed=true&since=2026-07-06T09%3A44%3A21.152Z&sources=k8s_event&limit=500 HTTP/1.1" from [::1]:33454 - 200 963B in 2.319485ms
2026/07/07 11:44:51 "GET http://localhost:9280/api/audit HTTP/1.1" from [::1]:33464 - 200 8633B in 2.624496ms
2026/07/07 11:44:51 "GET http://localhost:9280/api/capabilities HTTP/1.1" from [::1]:33454 - 200 386B in 4.014583ms
2026/07/07 11:44:51 Broadcasting topology update to 1 clients
2026/07/07 11:45:03 "GET http://localhost:9280/api/changes?namespace=default&kind=Pod&name=fk-vault-restore-20260707-110000-45j66&include_managed=true&since=2026-07-06T09%3A44%3A52.024Z&sources=informer%2Chistorical&limit=50 HTTP/1.1" from [::1]:33464 - 200 1247B in 2.487546ms
2026/07/07 11:45:03 "GET http://localhost:9280/api/changes?namespace=default&kind=Pod&name=fk-vault-restore-20260707-110000-45j66&include_managed=true&since=2026-07-06T09%3A44%3A52.024Z&sources=k8s_event&limit=500 HTTP/1.1" from [::1]:33454 - 200 963B in 2.545666ms
2026/07/07 11:45:04 "GET http://localhost:9280/api/portforwards HTTP/1.1" from [::1]:33464 - 200 28B in 56.187µs
2026/07/07 11:45:14 "GET http://localhost:9280/api/metrics/top/pods HTTP/1.1" from [::1]:33464 - 200 486B in 656.312µs
2026/07/07 11:45:16 "GET http://localhost:9280/api/prometheus/status HTTP/1.1" from [::1]:33464 - 200 89B in 60.475µs
2026/07/07 11:45:16 "GET http://localhost:9280/api/metrics/pods/default/fk-vault-restore-20260707-110000-45j66/history HTTP/1.1" from [::1]:33464 - 200 280B in 3.304584ms
2026/07/07 11:45:18 "GET http://localhost:9280/api/changes?namespace=default&kind=Pod&name=fk-vault-restore-20260707-110000-45j66&include_managed=true&since=2026-07-06T09%3A44%3A52.024Z&sources=k8s_event&limit=500 HTTP/1.1" from [::1]:33454 - 200 963B in 1.668272ms
2026/07/07 11:45:18 "GET http://localhost:9280/api/changes?namespace=default&kind=Pod&name=fk-vault-restore-20260707-110000-45j66&include_managed=true&since=2026-07-06T09%3A44%3A52.024Z&sources=informer%2Chistorical&limit=50 HTTP/1.1" from [::1]:33464 - 200 1247B in 1.664304ms
2026/07/07 11:45:22 "GET http://localhost:9280/api/secrets/certificate-expiry HTTP/1.1" from [::1]:33464 - 200 28B in 202.434µs
2026/07/07 11:45:22 "GET http://localhost:9280/api/resource-counts? HTTP/1.1" from [::1]:33454 - 200 471B in 5.928678ms
2026/07/07 11:45:29 "GET http://localhost:9280/api/resources/pods? HTTP/1.1" from [::1]:33464 - 200 12363B in 1.460687ms
2026/07/07 11:45:33 "GET http://localhost:9280/api/changes?namespace=default&kind=Pod&name=fk-vault-restore-20260707-110000-45j66&include_managed=true&since=2026-07-06T09%3A44%3A52.024Z&sources=k8s_event&limit=500 HTTP/1.1" from [::1]:33454 - 200 963B in 4.046291ms
2026/07/07 11:45:33 "GET http://localhost:9280/api/changes?namespace=default&kind=Pod&name=fk-vault-restore-20260707-110000-45j66&include_managed=true&since=2026-07-06T09%3A44%3A52.024Z&sources=informer%2Chistorical&limit=50 HTTP/1.1" from [::1]:33464 - 200 1247B in 4.124347ms
2026/07/07 11:45:34 "GET http://localhost:9280/api/portforwards HTTP/1.1" from [::1]:33464 - 200 28B in 79.392µs
2026/07/07 11:45:44 "GET http://localhost:9280/api/metrics/top/pods HTTP/1.1" from [::1]:33464 - 200 458B in 964.199µs
2026/07/07 11:45:46 "GET http://localhost:9280/api/metrics/pods/default/fk-vault-restore-20260707-110000-45j66/history HTTP/1.1" from [::1]:33464 - 200 280B in 4.892042ms
2026/07/07 11:45:48 "GET http://localhost:9280/api/changes?namespace=default&kind=Pod&name=fk-vault-restore-20260707-110000-45j66&include_managed=true&since=2026-07-06T09%3A44%3A52.024Z&sources=k8s_event&limit=500 HTTP/1.1" from [::1]:33464 - 200 963B in 3.081248ms
2026/07/07 11:45:48 "GET http://localhost:9280/api/changes?namespace=default&kind=Pod&name=fk-vault-restore-20260707-110000-45j66&include_managed=true&since=2026-07-06T09%3A44%3A52.024Z&sources=informer%2Chistorical&limit=50 HTTP/1.1" from [::1]:33454 - 200 1247B in 3.111816ms
2026/07/07 11:45:51 "GET http://localhost:9280/api/audit HTTP/1.1" from [::1]:33464 - 200 8633B in 3.787054ms
2026/07/07 11:45:51 "GET http://localhost:9280/api/capabilities HTTP/1.1" from [::1]:33454 - 200 386B in 9.824452ms
2026/07/07 11:45:52 Broadcasting topology update to 1 clients
2026/07/07 11:46:03 "GET http://localhost:9280/api/changes?namespace=default&kind=Pod&name=fk-vault-restore-20260707-110000-45j66&include_managed=true&since=2026-07-06T09%3A45%3A52.121Z&sources=k8s_event&limit=500 HTTP/1.1" from [::1]:33464 - 200 963B in 1.764766ms
2026/07/07 11:46:03 "GET http://localhost:9280/api/changes?namespace=default&kind=Pod&name=fk-vault-restore-20260707-110000-45j66&include_managed=true&since=2026-07-06T09%3A45%3A52.121Z&sources=informer%2Chistorical&limit=50 HTTP/1.1" from [::1]:33454 - 200 1247B in 1.548083ms
2026/07/07 11:46:04 "GET http://localhost:9280/api/portforwards HTTP/1.1" from [::1]:33464 - 200 28B in 65.595µs
2026/07/07 11:46:05 Broadcasting topology update to 1 clients
2026/07/07 11:46:14 "GET http://localhost:9280/api/metrics/top/pods HTTP/1.1" from [::1]:33464 - 200 490B in 214.629µs
2026/07/07 11:46:16 "GET http://localhost:9280/api/prometheus/status HTTP/1.1" from [::1]:33464 - 200 89B in 68.481µs
2026/07/07 11:46:16 "GET http://localhost:9280/api/metrics/pods/default/fk-vault-restore-20260707-110000-45j66/history HTTP/1.1" from [::1]:33464 - 200 280B in 3.376921ms
2026/07/07 11:46:18 "GET http://localhost:9280/api/changes?namespace=default&kind=Pod&name=fk-vault-restore-20260707-110000-45j66&include_managed=true&since=2026-07-06T09%3A46%3A06.046Z&sources=informer%2Chistorical&limit=50 HTTP/1.1" from [::1]:33454 - 200 1247B in 1.58863ms
2026/07/07 11:46:18 "GET http://localhost:9280/api/changes?namespace=default&kind=Pod&name=fk-vault-restore-20260707-110000-45j66&include_managed=true&since=2026-07-06T09%3A46%3A06.046Z&sources=k8s_event&limit=500 HTTP/1.1" from [::1]:33464 - 200 963B in 2.104023ms
2026/07/07 11:46:22 "GET http://localhost:9280/api/secrets/certificate-expiry HTTP/1.1" from [::1]:33464 - 200 28B in 392.87µs
2026/07/07 11:46:22 API resource discovery took 6.098092ms
2026/07/07 11:46:22 Discovered 66 API resources (63 unique kinds)
2026/07/07 11:46:22 "GET http://localhost:9280/api/resource-counts? HTTP/1.1" from [::1]:33454 - 200 471B in 10.798859ms
2026/07/07 11:46:33 "GET http://localhost:9280/api/changes?namespace=default&kind=Pod&name=fk-vault-restore-20260707-110000-45j66&include_managed=true&since=2026-07-06T09%3A46%3A06.046Z&sources=informer%2Chistorical&limit=50 HTTP/1.1" from [::1]:33464 - 200 1247B in 3.897334ms
2026/07/07 11:46:33 "GET http://localhost:9280/api/changes?namespace=default&kind=Pod&name=fk-vault-restore-20260707-110000-45j66&include_managed=true&since=2026-07-06T09%3A46%3A06.046Z&sources=k8s_event&limit=500 HTTP/1.1" from [::1]:33454 - 200 963B in 4.221904ms
2026/07/07 11:46:34 "GET http://localhost:9280/api/portforwards HTTP/1.1" from [::1]:33464 - 200 28B in 71.346µs
2026/07/07 11:46:44 "GET http://localhost:9280/api/metrics/top/pods HTTP/1.1" from [::1]:33464 - 200 473B in 332.614µs
2026/07/07 11:46:46 "GET http://localhost:9280/api/metrics/pods/default/fk-vault-restore-20260707-110000-45j66/history HTTP/1.1" from [::1]:33464 - 200 280B in 3.094569ms
2026/07/07 11:46:48 "GET http://localhost:9280/api/changes?namespace=default&kind=Pod&name=fk-vault-restore-20260707-110000-45j66&include_managed=true&since=2026-07-06T09%3A46%3A06.046Z&sources=k8s_event&limit=500 HTTP/1.1" from [::1]:33454 - 200 963B in 1.524548ms
2026/07/07 11:46:48 "GET http://localhost:9280/api/changes?namespace=default&kind=Pod&name=fk-vault-restore-20260707-110000-45j66&include_managed=true&since=2026-07-06T09%3A46%3A06.046Z&sources=informer%2Chistorical&limit=50 HTTP/1.1" from [::1]:33464 - 200 1247B in 1.763203ms
2026/07/07 11:46:51 "GET http://localhost:9280/api/audit HTTP/1.1" from [::1]:33464 - 200 8633B in 3.773715ms
2026/07/07 11:46:51 "GET http://localhost:9280/api/capabilities HTTP/1.1" from [::1]:33454 - 200 386B in 7.403434ms
2026/07/07 11:47:03 "GET http://localhost:9280/api/changes?namespace=default&kind=Pod&name=fk-vault-restore-20260707-110000-45j66&include_managed=true&since=2026-07-06T09%3A46%3A06.046Z&sources=k8s_event&limit=500 HTTP/1.1" from [::1]:33464 - 200 963B in 2.597184ms
2026/07/07 11:47:03 "GET http://localhost:9280/api/changes?namespace=default&kind=Pod&name=fk-vault-restore-20260707-110000-45j66&include_managed=true&since=2026-07-06T09%3A46%3A06.046Z&sources=informer%2Chistorical&limit=50 HTTP/1.1" from [::1]:33454 - 200 1247B in 2.374309ms
2026/07/07 11:47:04 "GET http://localhost:9280/api/portforwards HTTP/1.1" from [::1]:33464 - 200 28B in 57.49µs
2026/07/07 11:47:14 "GET http://localhost:9280/api/metrics/top/pods HTTP/1.1" from [::1]:33464 - 200 480B in 164.754µs
2026/07/07 11:47:16 "GET http://localhost:9280/api/prometheus/status HTTP/1.1" from [::1]:33464 - 200 89B in 55.375µs
2026/07/07 11:47:16 "GET http://localhost:9280/api/metrics/pods/default/fk-vault-restore-20260707-110000-45j66/history HTTP/1.1" from [::1]:33464 - 200 280B in 3.088552ms
2026/07/07 11:47:18 "GET http://localhost:9280/api/changes?namespace=default&kind=Pod&name=fk-vault-restore-20260707-110000-45j66&include_managed=true&since=2026-07-06T09%3A46%3A06.046Z&sources=k8s_event&limit=500 HTTP/1.1" from [::1]:33464 - 200 963B in 2.302422ms
2026/07/07 11:47:18 "GET http://localhost:9280/api/changes?namespace=default&kind=Pod&name=fk-vault-restore-20260707-110000-45j66&include_managed=true&since=2026-07-06T09%3A46%3A06.046Z&sources=informer%2Chistorical&limit=50 HTTP/1.1" from [::1]:33454 - 200 1247B in 2.174308ms
2026/07/07 11:47:22 "GET http://localhost:9280/api/secrets/certificate-expiry HTTP/1.1" from [::1]:33464 - 200 28B in 355.889µs
2026/07/07 11:47:22 "GET http://localhost:9280/api/resource-counts? HTTP/1.1" from [::1]:33454 - 200 471B in 10.031315ms
2026/07/07 11:47:29 "GET http://localhost:9280/api/resources/pods? HTTP/1.1" from [::1]:33464 - 200 13598B in 2.123852ms
2026/07/07 11:47:32 Broadcasting topology update to 1 clients
2026/07/07 11:47:33 "GET http://localhost:9280/api/changes?namespace=default&kind=Pod&name=fk-vault-restore-20260707-110000-45j66&include_managed=true&since=2026-07-06T09%3A47%3A32.358Z&sources=informer%2Chistorical&limit=50 HTTP/1.1" from [::1]:33454 - 200 1247B in 3.947891ms
2026/07/07 11:47:33 "GET http://localhost:9280/api/changes?namespace=default&kind=Pod&name=fk-vault-restore-20260707-110000-45j66&include_managed=true&since=2026-07-06T09%3A47%3A32.358Z&sources=k8s_event&limit=500 HTTP/1.1" from [::1]:33464 - 200 963B in 3.168183ms
2026/07/07 11:47:34 "GET http://localhost:9280/api/portforwards HTTP/1.1" from [::1]:33464 - 200 28B in 447.374µs
2026/07/07 11:47:44 "GET http://localhost:9280/api/metrics/top/pods HTTP/1.1" from [::1]:33464 - 200 480B in 293.61µs
2026/07/07 11:47:46 "GET http://localhost:9280/api/metrics/pods/default/fk-vault-restore-20260707-110000-45j66/history HTTP/1.1" from [::1]:33464 - 200 280B in 7.506941ms
2026/07/07 11:47:48 "GET http://localhost:9280/api/changes?namespace=default&kind=Pod&name=fk-vault-restore-20260707-110000-45j66&include_managed=true&since=2026-07-06T09%3A47%3A32.358Z&sources=informer%2Chistorical&limit=50 HTTP/1.1" from [::1]:33464 - 200 1247B in 2.955839ms
2026/07/07 11:47:48 "GET http://localhost:9280/api/changes?namespace=default&kind=Pod&name=fk-vault-restore-20260707-110000-45j66&include_managed=true&since=2026-07-06T09%3A47%3A32.358Z&sources=k8s_event&limit=500 HTTP/1.1" from [::1]:33454 - 200 963B in 2.799801ms
2026/07/07 11:47:51 "GET http://localhost:9280/api/audit HTTP/1.1" from [::1]:33464 - 200 8574B in 3.579498ms
2026/07/07 11:47:51 "GET http://localhost:9280/api/capabilities HTTP/1.1" from [::1]:33454 - 200 386B in 10.19548ms
2026/07/07 11:48:03 "GET http://localhost:9280/api/changes?namespace=default&kind=Pod&name=fk-vault-restore-20260707-110000-45j66&include_managed=true&since=2026-07-06T09%3A47%3A52.002Z&sources=k8s_event&limit=500 HTTP/1.1" from [::1]:33454 - 200 963B in 1.932036ms
2026/07/07 11:48:03 "GET http://localhost:9280/api/changes?namespace=default&kind=Pod&name=fk-vault-restore-20260707-110000-45j66&include_managed=true&since=2026-07-06T09%3A47%3A52.002Z&sources=informer%2Chistorical&limit=50 HTTP/1.1" from [::1]:33464 - 200 1247B in 2.334664ms
2026/07/07 11:48:04 "GET http://localhost:9280/api/portforwards HTTP/1.1" from [::1]:33464 - 200 28B in 56.258µs
2026/07/07 11:48:14 "GET http://localhost:9280/api/metrics/top/pods HTTP/1.1" from [::1]:33464 - 200 480B in 265.316µs
2026/07/07 11:48:16 "GET http://localhost:9280/api/prometheus/status HTTP/1.1" from [::1]:33464 - 200 89B in 67.579µs
2026/07/07 11:48:16 "GET http://localhost:9280/api/metrics/pods/default/fk-vault-restore-20260707-110000-45j66/history HTTP/1.1" from [::1]:33464 - 200 280B in 3.437429ms
2026/07/07 11:48:18 "GET http://localhost:9280/api/changes?namespace=default&kind=Pod&name=fk-vault-restore-20260707-110000-45j66&include_managed=true&since=2026-07-06T09%3A47%3A52.002Z&sources=informer%2Chistorical&limit=50 HTTP/1.1" from [::1]:33454 - 200 1247B in 2.016076ms
2026/07/07 11:48:18 "GET http://localhost:9280/api/changes?namespace=default&kind=Pod&name=fk-vault-restore-20260707-110000-45j66&include_managed=true&since=2026-07-06T09%3A47%3A52.002Z&sources=k8s_event&limit=500 HTTP/1.1" from [::1]:33464 - 200 963B in 2.205498ms
2026/07/07 11:48:22 "GET http://localhost:9280/api/secrets/certificate-expiry HTTP/1.1" from [::1]:33464 - 200 28B in 108.918µs
2026/07/07 11:48:22 "GET http://localhost:9280/api/resource-counts? HTTP/1.1" from [::1]:33454 - 200 471B in 6.52096ms
2026/07/07 11:48:33 "GET http://localhost:9280/api/changes?namespace=default&kind=Pod&name=fk-vault-restore-20260707-110000-45j66&include_managed=true&since=2026-07-06T09%3A47%3A52.002Z&sources=k8s_event&limit=500 HTTP/1.1" from [::1]:33454 - 200 963B in 1.777461ms
2026/07/07 11:48:33 "GET http://localhost:9280/api/changes?namespace=default&kind=Pod&name=fk-vault-restore-20260707-110000-45j66&include_managed=true&since=2026-07-06T09%3A47%3A52.002Z&sources=informer%2Chistorical&limit=50 HTTP/1.1" from [::1]:33464 - 200 1247B in 1.953697ms
2026/07/07 11:48:34 "GET http://localhost:9280/api/portforwards HTTP/1.1" from [::1]:33464 - 200 28B in 64.924µs
2026/07/07 11:48:44 "GET http://localhost:9280/api/metrics/top/pods HTTP/1.1" from [::1]:33464 - 200 476B in 228.095µs
2026/07/07 11:48:46 "GET http://localhost:9280/api/metrics/pods/default/fk-vault-restore-20260707-110000-45j66/history HTTP/1.1" from [::1]:33464 - 200 280B in 4.872176ms
2026/07/07 11:48:48 "GET http://localhost:9280/api/changes?namespace=default&kind=Pod&name=fk-vault-restore-20260707-110000-45j66&include_managed=true&since=2026-07-06T09%3A47%3A52.002Z&sources=k8s_event&limit=500 HTTP/1.1" from [::1]:33464 - 200 963B in 2.055562ms
2026/07/07 11:48:48 "GET http://localhost:9280/api/changes?namespace=default&kind=Pod&name=fk-vault-restore-20260707-110000-45j66&include_managed=true&since=2026-07-06T09%3A47%3A52.002Z&sources=informer%2Chistorical&limit=50 HTTP/1.1" from [::1]:33454 - 200 1247B in 2.039281ms
2026/07/07 11:48:51 "GET http://localhost:9280/api/audit HTTP/1.1" from [::1]:33464 - 200 8633B in 1.36276ms
2026/07/07 11:48:52 "GET http://localhost:9280/api/capabilities HTTP/1.1" from [::1]:33464 - 200 386B in 4.683706ms
2026/07/07 11:49:03 "GET http://localhost:9280/api/changes?namespace=default&kind=Pod&name=fk-vault-restore-20260707-110000-45j66&include_managed=true&since=2026-07-06T09%3A48%3A52.001Z&sources=k8s_event&limit=500 HTTP/1.1" from [::1]:33464 - 200 963B in 1.889004ms
2026/07/07 11:49:03 "GET http://localhost:9280/api/changes?namespace=default&kind=Pod&name=fk-vault-restore-20260707-110000-45j66&include_managed=true&since=2026-07-06T09%3A48%3A52.001Z&sources=informer%2Chistorical&limit=50 HTTP/1.1" from [::1]:33454 - 200 1247B in 2.336177ms
2026/07/07 11:49:04 "GET http://localhost:9280/api/portforwards HTTP/1.1" from [::1]:33464 - 200 28B in 64.353µs
2026/07/07 11:49:10 [metrics] Pod metrics collection failed (count=260): the server could not find the requested resource
2026/07/07 11:49:10 [metrics] Node metrics collection failed (count=260): the server could not find the requested resource
2026/07/07 11:49:14 "GET http://localhost:9280/api/metrics/top/pods HTTP/1.1" from [::1]:33464 - 200 470B in 165.736µs
2026/07/07 11:49:16 "GET http://localhost:9280/api/prometheus/status HTTP/1.1" from [::1]:33464 - 200 89B in 71.797µs
2026/07/07 11:49:16 "GET http://localhost:9280/api/metrics/pods/default/fk-vault-restore-20260707-110000-45j66/history HTTP/1.1" from [::1]:33464 - 200 280B in 3.54322ms
2026/07/07 11:49:18 "GET http://localhost:9280/api/changes?namespace=default&kind=Pod&name=fk-vault-restore-20260707-110000-45j66&include_managed=true&since=2026-07-06T09%3A48%3A52.001Z&sources=k8s_event&limit=500 HTTP/1.1" from [::1]:33464 - 200 963B in 1.663965ms
2026/07/07 11:49:18 "GET http://localhost:9280/api/changes?namespace=default&kind=Pod&name=fk-vault-restore-20260707-110000-45j66&include_managed=true&since=2026-07-06T09%3A48%3A52.001Z&sources=informer%2Chistorical&limit=50 HTTP/1.1" from [::1]:33454 - 200 1247B in 1.957945ms
2026/07/07 11:49:22 "GET http://localhost:9280/api/secrets/certificate-expiry HTTP/1.1" from [::1]:33464 - 200 28B in 132.773µs
2026/07/07 11:49:22 "GET http://localhost:9280/api/resource-counts? HTTP/1.1" from [::1]:33454 - 200 471B in 5.755641ms
2026/07/07 11:49:24 Broadcasting topology update to 1 clients
2026/07/07 11:49:29 "GET http://localhost:9280/api/resources/pods? HTTP/1.1" from [::1]:33464 - 200 13134B in 1.846222ms
2026/07/07 11:49:33 "GET http://localhost:9280/api/changes?namespace=default&kind=Pod&name=fk-vault-restore-20260707-110000-45j66&include_managed=true&since=2026-07-06T09%3A49%3A24.129Z&sources=informer%2Chistorical&limit=50 HTTP/1.1" from [::1]:33454 - 200 1247B in 2.933997ms
2026/07/07 11:49:33 "GET http://localhost:9280/api/changes?namespace=default&kind=Pod&name=fk-vault-restore-20260707-110000-45j66&include_managed=true&since=2026-07-06T09%3A49%3A24.129Z&sources=k8s_event&limit=500 HTTP/1.1" from [::1]:33464 - 200 963B in 3.056652ms
2026/07/07 11:49:34 "GET http://localhost:9280/api/portforwards HTTP/1.1" from [::1]:33464 - 200 28B in 69.824µs
2026/07/07 11:49:44 "GET http://localhost:9280/api/metrics/top/pods HTTP/1.1" from [::1]:33464 - 200 470B in 239.286µs
2026/07/07 11:49:46 "GET http://localhost:9280/api/metrics/pods/default/fk-vault-restore-20260707-110000-45j66/history HTTP/1.1" from [::1]:33464 - 200 280B in 2.946142ms
2026/07/07 11:49:46 Broadcasting topology update to 1 clients
2026/07/07 11:49:48 "GET http://localhost:9280/api/changes?namespace=default&kind=Pod&name=fk-vault-restore-20260707-110000-45j66&include_managed=true&since=2026-07-06T09%3A49%3A47.009Z&sources=informer%2Chistorical&limit=50 HTTP/1.1" from [::1]:33454 - 200 1247B in 1.679253ms
2026/07/07 11:49:48 "GET http://localhost:9280/api/changes?namespace=default&kind=Pod&name=fk-vault-restore-20260707-110000-45j66&include_managed=true&since=2026-07-06T09%3A49%3A47.009Z&sources=k8s_event&limit=500 HTTP/1.1" from [::1]:33464 - 200 963B in 2.679862ms
2026/07/07 11:49:52 "GET http://localhost:9280/api/audit HTTP/1.1" from [::1]:33464 - 200 8633B in 1.061736ms
2026/07/07 11:49:52 "GET http://localhost:9280/api/capabilities HTTP/1.1" from [::1]:33464 - 200 386B in 5.036026ms
2026/07/07 11:50:03 "GET http://localhost:9280/api/changes?namespace=default&kind=Pod&name=fk-vault-restore-20260707-110000-45j66&include_managed=true&since=2026-07-06T09%3A49%3A47.009Z&sources=informer%2Chistorical&limit=50 HTTP/1.1" from [::1]:33464 - 200 1247B in 2.5106ms
2026/07/07 11:50:03 "GET http://localhost:9280/api/changes?namespace=default&kind=Pod&name=fk-vault-restore-20260707-110000-45j66&include_managed=true&since=2026-07-06T09%3A49%3A47.009Z&sources=k8s_event&limit=500 HTTP/1.1" from [::1]:33454 - 200 963B in 3.049328ms
2026/07/07 11:50:04 "GET http://localhost:9280/api/portforwards HTTP/1.1" from [::1]:33464 - 200 28B in 72.889µs
2026/07/07 11:50:14 "GET http://localhost:9280/api/metrics/top/pods HTTP/1.1" from [::1]:33464 - 200 458B in 208.838µs
2026/07/07 11:50:16 "GET http://localhost:9280/api/prometheus/status HTTP/1.1" from [::1]:33464 - 200 89B in 63.691µs
2026/07/07 11:50:16 "GET http://localhost:9280/api/metrics/pods/default/fk-vault-restore-20260707-110000-45j66/history HTTP/1.1" from [::1]:33464 - 200 280B in 3.092789ms
2026/07/07 11:50:18 "GET http://localhost:9280/api/changes?namespace=default&kind=Pod&name=fk-vault-restore-20260707-110000-45j66&include_managed=true&since=2026-07-06T09%3A49%3A47.009Z&sources=informer%2Chistorical&limit=50 HTTP/1.1" from [::1]:33464 - 200 1247B in 2.313423ms
2026/07/07 11:50:18 "GET http://localhost:9280/api/changes?namespace=default&kind=Pod&name=fk-vault-restore-20260707-110000-45j66&include_managed=true&since=2026-07-06T09%3A49%3A47.009Z&sources=k8s_event&limit=500 HTTP/1.1" from [::1]:33454 - 200 963B in 2.172775ms
2026/07/07 11:50:22 "GET http://localhost:9280/api/secrets/certificate-expiry HTTP/1.1" from [::1]:33464 - 200 28B in 167.77µs
2026/07/07 11:50:22 "GET http://localhost:9280/api/resource-counts? HTTP/1.1" from [::1]:33464 - 200 471B in 9.398269ms
2026/07/07 11:50:33 "GET http://localhost:9280/api/changes?namespace=default&kind=Pod&name=fk-vault-restore-20260707-110000-45j66&include_managed=true&since=2026-07-06T09%3A49%3A47.009Z&sources=k8s_event&limit=500 HTTP/1.1" from [::1]:33454 - 200 963B in 2.319976ms
2026/07/07 11:50:33 "GET http://localhost:9280/api/changes?namespace=default&kind=Pod&name=fk-vault-restore-20260707-110000-45j66&include_managed=true&since=2026-07-06T09%3A49%3A47.009Z&sources=informer%2Chistorical&limit=50 HTTP/1.1" from [::1]:33464 - 200 1247B in 2.601783ms
2026/07/07 11:50:34 "GET http://localhost:9280/api/portforwards HTTP/1.1" from [::1]:33464 - 200 28B in 51.218µs
2026/07/07 11:50:44 "GET http://localhost:9280/api/metrics/top/pods HTTP/1.1" from [::1]:33464 - 200 480B in 292.548µs
2026/07/07 11:50:46 "GET http://localhost:9280/api/metrics/pods/default/fk-vault-restore-20260707-110000-45j66/history HTTP/1.1" from [::1]:33464 - 200 280B in 3.327457ms
2026/07/07 11:50:48 "GET http://localhost:9280/api/changes?namespace=default&kind=Pod&name=fk-vault-restore-20260707-110000-45j66&include_managed=true&since=2026-07-06T09%3A49%3A47.009Z&sources=k8s_event&limit=500 HTTP/1.1" from [::1]:33454 - 200 963B in 1.716264ms
2026/07/07 11:50:48 "GET http://localhost:9280/api/changes?namespace=default&kind=Pod&name=fk-vault-restore-20260707-110000-45j66&include_managed=true&since=2026-07-06T09%3A49%3A47.009Z&sources=informer%2Chistorical&limit=50 HTTP/1.1" from [::1]:33464 - 200 1247B in 1.955391ms
2026/07/07 11:50:52 "GET http://localhost:9280/api/audit HTTP/1.1" from [::1]:33464 - 200 8633B in 1.343193ms
2026/07/07 11:50:52 "GET http://localhost:9280/api/capabilities HTTP/1.1" from [::1]:33464 - 200 386B in 3.346361ms
2026/07/07 11:50:52 Broadcasting topology update to 1 clients
2026/07/07 11:51:03 "GET http://localhost:9280/api/changes?namespace=default&kind=Pod&name=fk-vault-restore-20260707-110000-45j66&include_managed=true&since=2026-07-06T09%3A50%3A53.042Z&sources=informer%2Chistorical&limit=50 HTTP/1.1" from [::1]:33464 - 200 1247B in 2.078866ms
2026/07/07 11:51:03 "GET http://localhost:9280/api/changes?namespace=default&kind=Pod&name=fk-vault-restore-20260707-110000-45j66&include_managed=true&since=2026-07-06T09%3A50%3A53.042Z&sources=k8s_event&limit=500 HTTP/1.1" from [::1]:33454 - 200 963B in 1.883493ms
2026/07/07 11:51:04 Broadcasting topology update to 1 clients
2026/07/07 11:51:04 "GET http://localhost:9280/api/portforwards HTTP/1.1" from [::1]:33464 - 200 28B in 68.27µs
2026/07/07 11:51:15 "GET http://localhost:9280/api/metrics/top/pods HTTP/1.1" from [::1]:33464 - 200 490B in 298.62µs
2026/07/07 11:51:16 "GET http://localhost:9280/api/prometheus/status HTTP/1.1" from [::1]:33464 - 200 89B in 63.441µs
2026/07/07 11:51:16 "GET http://localhost:9280/api/metrics/pods/default/fk-vault-restore-20260707-110000-45j66/history HTTP/1.1" from [::1]:33464 - 200 280B in 3.802223ms
2026/07/07 11:51:18 "GET http://localhost:9280/api/changes?namespace=default&kind=Pod&name=fk-vault-restore-20260707-110000-45j66&include_managed=true&since=2026-07-06T09%3A51%3A04.028Z&sources=informer%2Chistorical&limit=50 HTTP/1.1" from [::1]:33464 - 200 1247B in 2.159078ms
2026/07/07 11:51:18 "GET http://localhost:9280/api/changes?namespace=default&kind=Pod&name=fk-vault-restore-20260707-110000-45j66&include_managed=true&since=2026-07-06T09%3A51%3A04.028Z&sources=k8s_event&limit=500 HTTP/1.1" from [::1]:33454 - 200 963B in 2.258469ms
2026/07/07 11:51:22 "GET http://localhost:9280/api/secrets/certificate-expiry HTTP/1.1" from [::1]:33464 - 200 28B in 171.057µs
2026/07/07 11:51:22 API resource discovery took 12.250669ms
2026/07/07 11:51:22 Discovered 66 API resources (63 unique kinds)
2026/07/07 11:51:22 "GET http://localhost:9280/api/resource-counts? HTTP/1.1" from [::1]:33464 - 200 471B in 21.548324ms
2026/07/07 11:51:29 "GET http://localhost:9280/api/resources/pods? HTTP/1.1" from [::1]:33464 - 200 13079B in 1.258561ms
2026/07/07 11:51:33 "GET http://localhost:9280/api/changes?namespace=default&kind=Pod&name=fk-vault-restore-20260707-110000-45j66&include_managed=true&since=2026-07-06T09%3A51%3A04.028Z&sources=k8s_event&limit=500 HTTP/1.1" from [::1]:33464 - 200 963B in 4.147592ms
2026/07/07 11:51:33 "GET http://localhost:9280/api/changes?namespace=default&kind=Pod&name=fk-vault-restore-20260707-110000-45j66&include_managed=true&since=2026-07-06T09%3A51%3A04.028Z&sources=informer%2Chistorical&limit=50 HTTP/1.1" from [::1]:33454 - 200 1247B in 4.585118ms
2026/07/07 11:51:34 "GET http://localhost:9280/api/portforwards HTTP/1.1" from [::1]:33464 - 200 28B in 80.283µs
2026/07/07 11:51:45 "GET http://localhost:9280/api/metrics/top/pods HTTP/1.1" from [::1]:33464 - 200 480B in 437.935µs
2026/07/07 11:51:46 "GET http://localhost:9280/api/metrics/pods/default/fk-vault-restore-20260707-110000-45j66/history HTTP/1.1" from [::1]:33464 - 200 280B in 3.604998ms
2026/07/07 11:51:48 "GET http://localhost:9280/api/changes?namespace=default&kind=Pod&name=fk-vault-restore-20260707-110000-45j66&include_managed=true&since=2026-07-06T09%3A51%3A04.028Z&sources=k8s_event&limit=500 HTTP/1.1" from [::1]:33464 - 200 963B in 1.888573ms
2026/07/07 11:51:48 "GET http://localhost:9280/api/changes?namespace=default&kind=Pod&name=fk-vault-restore-20260707-110000-45j66&include_managed=true&since=2026-07-06T09%3A51%3A04.028Z&sources=informer%2Chistorical&limit=50 HTTP/1.1" from [::1]:33454 - 200 1247B in 1.920564ms
2026/07/07 11:51:52 "GET http://localhost:9280/api/audit HTTP/1.1" from [::1]:33464 - 200 8574B in 1.638907ms
2026/07/07 11:51:52 "GET http://localhost:9280/api/capabilities HTTP/1.1" from [::1]:33464 - 200 386B in 4.638229ms
2026/07/07 11:52:03 "GET http://localhost:9280/api/changes?namespace=default&kind=Pod&name=fk-vault-restore-20260707-110000-45j66&include_managed=true&since=2026-07-06T09%3A51%3A52.055Z&sources=informer%2Chistorical&limit=50 HTTP/1.1" from [::1]:33454 - 200 1247B in 1.616804ms
2026/07/07 11:52:03 "GET http://localhost:9280/api/changes?namespace=default&kind=Pod&name=fk-vault-restore-20260707-110000-45j66&include_managed=true&since=2026-07-06T09%3A51%3A52.055Z&sources=k8s_event&limit=500 HTTP/1.1" from [::1]:33464 - 200 963B in 1.77743ms
2026/07/07 11:52:04 "GET http://localhost:9280/api/portforwards HTTP/1.1" from [::1]:33464 - 200 28B in 51.508µs
2026/07/07 11:52:15 "GET http://localhost:9280/api/metrics/top/pods HTTP/1.1" from [::1]:33464 - 200 458B in 575.158µs
2026/07/07 11:52:16 "GET http://localhost:9280/api/prometheus/status HTTP/1.1" from [::1]:33464 - 200 89B in 64.634µs
2026/07/07 11:52:17 "GET http://localhost:9280/api/metrics/pods/default/fk-vault-restore-20260707-110000-45j66/history HTTP/1.1" from [::1]:33464 - 200 280B in 3.461014ms
2026/07/07 11:52:18 "GET http://localhost:9280/api/changes?namespace=default&kind=Pod&name=fk-vault-restore-20260707-110000-45j66&include_managed=true&since=2026-07-06T09%3A51%3A52.055Z&sources=informer%2Chistorical&limit=50 HTTP/1.1" from [::1]:33464 - 200 1247B in 1.927507ms
2026/07/07 11:52:18 "GET http://localhost:9280/api/changes?namespace=default&kind=Pod&name=fk-vault-restore-20260707-110000-45j66&include_managed=true&since=2026-07-06T09%3A51%3A52.055Z&sources=k8s_event&limit=500 HTTP/1.1" from [::1]:33454 - 200 963B in 2.14953ms
2026/07/07 11:52:22 "GET http://localhost:9280/api/secrets/certificate-expiry HTTP/1.1" from [::1]:33464 - 200 28B in 122.914µs
2026/07/07 11:52:22 "GET http://localhost:9280/api/resource-counts? HTTP/1.1" from [::1]:33464 - 200 471B in 6.737332ms
2026/07/07 11:52:33 "GET http://localhost:9280/api/changes?namespace=default&kind=Pod&name=fk-vault-restore-20260707-110000-45j66&include_managed=true&since=2026-07-06T09%3A51%3A52.055Z&sources=informer%2Chistorical&limit=50 HTTP/1.1" from [::1]:33464 - 200 1247B in 2.025094ms
2026/07/07 11:52:33 "GET http://localhost:9280/api/changes?namespace=default&kind=Pod&name=fk-vault-restore-20260707-110000-45j66&include_managed=true&since=2026-07-06T09%3A51%3A52.055Z&sources=k8s_event&limit=500 HTTP/1.1" from [::1]:33454 - 200 963B in 2.057195ms
2026/07/07 11:52:34 "GET http://localhost:9280/api/portforwards HTTP/1.1" from [::1]:33464 - 200 28B in 45.677µs
2026/07/07 11:52:37 Broadcasting topology update to 1 clients
2026/07/07 11:52:45 "GET http://localhost:9280/api/metrics/top/pods HTTP/1.1" from [::1]:33464 - 200 480B in 199.601µs
2026/07/07 11:52:47 "GET http://localhost:9280/api/metrics/pods/default/fk-vault-restore-20260707-110000-45j66/history HTTP/1.1" from [::1]:33464 - 200 280B in 3.523031ms
2026/07/07 11:52:48 "GET http://localhost:9280/api/changes?namespace=default&kind=Pod&name=fk-vault-restore-20260707-110000-45j66&include_managed=true&since=2026-07-06T09%3A52%3A37.841Z&sources=k8s_event&limit=500 HTTP/1.1" from [::1]:33464 - 200 963B in 1.875879ms
2026/07/07 11:52:48 "GET http://localhost:9280/api/changes?namespace=default&kind=Pod&name=fk-vault-restore-20260707-110000-45j66&include_managed=true&since=2026-07-06T09%3A52%3A37.841Z&sources=informer%2Chistorical&limit=50 HTTP/1.1" from [::1]:33454 - 200 1247B in 1.70907ms
2026/07/07 11:52:52 "GET http://localhost:9280/api/audit HTTP/1.1" from [::1]:33464 - 200 8633B in 1.731403ms
2026/07/07 11:52:52 "GET http://localhost:9280/api/capabilities HTTP/1.1" from [::1]:33464 - 200 386B in 4.185215ms
2026/07/07 11:53:04 "GET http://localhost:9280/api/changes?namespace=default&kind=Pod&name=fk-vault-restore-20260707-110000-45j66&include_managed=true&since=2026-07-06T09%3A52%3A52.113Z&sources=k8s_event&limit=500 HTTP/1.1" from [::1]:33454 - 200 963B in 1.896247ms
2026/07/07 11:53:04 "GET http://localhost:9280/api/changes?namespace=default&kind=Pod&name=fk-vault-restore-20260707-110000-45j66&include_managed=true&since=2026-07-06T09%3A52%3A52.113Z&sources=informer%2Chistorical&limit=50 HTTP/1.1" from [::1]:33464 - 200 1247B in 2.068926ms
2026/07/07 11:53:04 "GET http://localhost:9280/api/portforwards HTTP/1.1" from [::1]:33464 - 200 28B in 51.088µs
2026/07/07 11:53:15 "GET http://localhost:9280/api/metrics/top/pods HTTP/1.1" from [::1]:33464 - 200 458B in 191.605µs
2026/07/07 11:53:16 "GET http://localhost:9280/api/prometheus/status HTTP/1.1" from [::1]:33464 - 200 89B in 57.379µs
2026/07/07 11:53:17 "GET http://localhost:9280/api/metrics/pods/default/fk-vault-restore-20260707-110000-45j66/history HTTP/1.1" from [::1]:33464 - 200 280B in 4.257241ms
2026/07/07 11:53:19 "GET http://localhost:9280/api/changes?namespace=default&kind=Pod&name=fk-vault-restore-20260707-110000-45j66&include_managed=true&since=2026-07-06T09%3A52%3A52.113Z&sources=informer%2Chistorical&limit=50 HTTP/1.1" from [::1]:33454 - 200 1247B in 2.551527ms
2026/07/07 11:53:19 "GET http://localhost:9280/api/changes?namespace=default&kind=Pod&name=fk-vault-restore-20260707-110000-45j66&include_managed=true&since=2026-07-06T09%3A52%3A52.113Z&sources=k8s_event&limit=500 HTTP/1.1" from [::1]:33464 - 200 963B in 2.868832ms
2026/07/07 11:53:22 "GET http://localhost:9280/api/secrets/certificate-expiry HTTP/1.1" from [::1]:33464 - 200 28B in 148.824µs
2026/07/07 11:53:22 "GET http://localhost:9280/api/resource-counts? HTTP/1.1" from [::1]:33464 - 200 471B in 5.035425ms
2026/07/07 11:53:29 "GET http://localhost:9280/api/resources/pods? HTTP/1.1" from [::1]:33464 - 200 13134B in 1.660488ms
2026/07/07 11:53:34 "GET http://localhost:9280/api/changes?namespace=default&kind=Pod&name=fk-vault-restore-20260707-110000-45j66&include_managed=true&since=2026-07-06T09%3A52%3A52.113Z&sources=informer%2Chistorical&limit=50 HTTP/1.1" from [::1]:33464 - 200 1247B in 2.963834ms
2026/07/07 11:53:34 "GET http://localhost:9280/api/changes?namespace=default&kind=Pod&name=fk-vault-restore-20260707-110000-45j66&include_managed=true&since=2026-07-06T09%3A52%3A52.113Z&sources=k8s_event&limit=500 HTTP/1.1" from [::1]:33454 - 200 963B in 3.00881ms
2026/07/07 11:53:34 "GET http://localhost:9280/api/portforwards HTTP/1.1" from [::1]:33464 - 200 28B in 70.865µs
2026/07/07 11:54:20 Broadcasting topology update to 1 clients
2026/07/07 11:54:47 Broadcasting topology update to 1 clients
2026/07/07 11:56:02 Broadcasting topology update to 1 clients
2026/07/07 11:56:16 Broadcasting topology update to 1 clients
2026/07/07 11:57:44 Broadcasting topology update to 1 clients
2026/07/07 11:59:02 Broadcasting topology update to 1 clients
2026/07/07 11:59:03 Broadcasting topology update to 1 clients
2026/07/07 11:59:04 Broadcasting topology update to 1 clients
2026/07/07 11:59:05 Broadcasting topology update to 1 clients
2026/07/07 11:59:06 "GET http://localhost:9280/api/resources/pods/default/fk-vault-restore-20260707-110000-45j66 HTTP/1.1" from [::1]:51694 - 404 94B in 333.928µs
2026/07/07 11:59:10 [metrics] Pod metrics collection failed (count=280): the server could not find the requested resource
2026/07/07 11:59:10 [metrics] Node metrics collection failed (count=280): the server could not find the requested resource
2026/07/07 11:59:16 Broadcasting topology update to 1 clients
2026/07/07 11:59:18 "GET http://localhost:9280/api/resources/pods? HTTP/1.1" from [::1]:51694 - 200 13496B in 1.961902ms
2026/07/07 11:59:21 Broadcasting topology update to 1 clients
2026/07/07 12:00:44 Broadcasting topology update to 1 clients
2026/07/07 12:00:46 API resource discovery took 6.296572ms
2026/07/07 12:00:46 Discovered 66 API resources (63 unique kinds)
2026/07/07 12:00:46 "GET http://localhost:9280/api/resource-counts? HTTP/1.1" from [::1]:51694 - 200 469B in 13.250218ms
2026/07/07 12:00:52 Broadcasting topology update to 1 clients
2026/07/07 12:00:53 Broadcasting topology update to 1 clients
2026/07/07 12:00:54 Broadcasting topology update to 1 clients
2026/07/07 12:00:55 "GET http://localhost:9280/api/resources/pods/default/fk-vault-restore-20260707-110000-45j66 HTTP/1.1" from [::1]:46320 - 404 94B in 311.294µs
2026/07/07 12:00:55 "GET http://localhost:9280/api/resource-counts? HTTP/1.1" from [::1]:51694 - 200 471B in 7.852008ms
2026/07/07 12:00:55 "GET http://localhost:9280/api/resources/pods? HTTP/1.1" from [::1]:46330 - 200 14454B in 3.902645ms
2026/07/07 12:00:55 Broadcasting topology update to 1 clients
2026/07/07 12:00:56 Broadcasting topology update to 1 clients
2026/07/07 12:01:07 "GET http://localhost:9280/api/resources/pods? HTTP/1.1" from [::1]:46330 - 200 14452B in 1.722226ms
2026/07/07 12:01:14 Broadcasting topology update to 1 clients
2026/07/07 12:01:16 "GET http://localhost:9280/api/resources/pods/default/fk-vault-restore-20260707-110000-45j66 HTTP/1.1" from [::1]:46330 - 404 94B in 205.212µs
2026/07/07 12:01:16 "GET http://localhost:9280/api/resources/pods? HTTP/1.1" from [::1]:51694 - 200 12960B in 1.564114ms
2026/07/07 12:01:16 "GET http://localhost:9280/api/resource-counts? HTTP/1.1" from [::1]:46320 - 200 472B in 6.055892ms
2026/07/07 12:01:27 Broadcasting topology update to 1 clients
2026/07/07 12:01:29 "GET http://localhost:9280/api/resources/pods/default/fk-vault-restore-20260707-110000-45j66 HTTP/1.1" from [::1]:51694 - 404 94B in 92.847µs
2026/07/07 12:01:29 "GET http://localhost:9280/api/resources/pods? HTTP/1.1" from [::1]:46330 - 200 12285B in 1.823178ms
2026/07/07 12:01:29 "GET http://localhost:9280/api/resource-counts? HTTP/1.1" from [::1]:46320 - 200 471B in 6.89391ms
2026/07/07 12:01:29 "GET http://localhost:9280/api/resources/pods? HTTP/1.1" from [::1]:46330 - 200 13284B in 2.031836ms
2026/07/07 12:04:21 Broadcasting topology update to 1 clients
2026/07/07 12:05:45 Broadcasting topology update to 1 clients
2026/07/07 12:09:10 [metrics] Pod metrics collection failed (count=300): the server could not find the requested resource
2026/07/07 12:09:10 [metrics] Node metrics collection failed (count=300): the server could not find the requested resource
2026/07/07 12:09:24 Broadcasting topology update to 1 clients
2026/07/07 12:10:50 Broadcasting topology update to 1 clients
2026/07/07 12:13:50 Broadcasting topology update to 1 clients
2026/07/07 12:13:53 Broadcasting topology update to 1 clients
2026/07/07 12:13:55 Broadcasting topology update to 1 clients
2026/07/07 12:14:20 Broadcasting topology update to 1 clients
2026/07/07 12:15:11 Broadcasting topology update to 1 clients
2026/07/07 12:15:56 Broadcasting topology update to 1 clients
2026/07/07 12:18:18 Broadcasting topology update to 1 clients
2026/07/07 12:19:10 [metrics] Pod metrics collection failed (count=320): the server could not find the requested resource
2026/07/07 12:19:10 [metrics] Node metrics collection failed (count=320): the server could not find the requested resource
2026/07/07 12:19:22 Broadcasting topology update to 1 clients
2026/07/07 12:20:34 Broadcasting topology update to 1 clients
2026/07/07 12:21:02 Broadcasting topology update to 1 clients
2026/07/07 12:46:57 Broadcasting topology update to 1 clients
2026/07/07 12:47:08 SSE client disconnected, total clients: 0
2026/07/07 12:47:08 "GET http://localhost:9280/api/events/stream HTTP/1.1" from [::1]:50536 - 200 5156650B in 2h27m54.376963111s
2026/07/07 12:47:19 SSE client connected (namespaces=[], view=full), total clients: 1
2026/07/07 12:47:19 "GET http://localhost:9280/api/changes?namespace=default&kind=Pod&name=fk-vault-restore-20260707-110000-45j66&include_managed=true&since=2026-07-06T10%3A47%3A18.067Z&sources=informer%2Chistorical&limit=50 HTTP/1.1" from [::1]:55636 - 200 1247B in 7.697473ms
2026/07/07 12:47:19 "GET http://localhost:9280/api/changes?namespace=default&kind=Pod&name=fk-vault-restore-20260707-110000-45j66&include_managed=true&since=2026-07-06T10%3A47%3A18.067Z&sources=k8s_event&limit=500 HTTP/1.1" from [::1]:55622 - 200 963B in 24.639062ms
2026/07/07 12:47:19 "GET http://localhost:9280/api/auth/me HTTP/1.1" from [::1]:55652 - 200 65B in 379.524µs
2026/07/07 12:47:19 API resource discovery took 28.74676ms
2026/07/07 12:47:19 Discovered 66 API resources (63 unique kinds)
2026/07/07 12:47:19 "GET http://localhost:9280/api/api-resources HTTP/1.1" from [::1]:55636 - 200 1540B in 49.099667ms
2026/07/07 12:47:19 "GET http://localhost:9280/api/capabilities HTTP/1.1" from [::1]:55648 - 200 386B in 59.881854ms
2026/07/07 12:47:19 "GET http://localhost:9280/api/cluster/namespace-scope HTTP/1.1" from [::1]:55652 - 200 188B in 20.184284ms
2026/07/07 12:47:19 "GET http://localhost:9280/api/portforwards HTTP/1.1" from [::1]:55648 - 200 28B in 52.881µs
2026/07/07 12:47:19 "GET http://localhost:9280/api/namespaces HTTP/1.1" from [::1]:55622 - 200 117B in 30.924053ms
2026/07/07 12:47:19 "GET http://localhost:9280/api/audit HTTP/1.1" from [::1]:55636 - 200 8633B in 6.155703ms
2026/07/07 12:47:19 "GET http://localhost:9280/api/cluster-info HTTP/1.1" from [::1]:55652 - 200 153B in 620.623µs
2026/07/07 12:47:19 "GET http://localhost:9280/api/metrics/top/pods HTTP/1.1" from [::1]:55652 - 200 494B in 357.672µs
2026/07/07 12:47:19 "GET http://localhost:9280/api/secrets/certificate-expiry HTTP/1.1" from [::1]:55652 - 200 28B in 222.795µs
2026/07/07 12:47:19 "GET http://localhost:9280/api/contexts HTTP/1.1" from [::1]:55648 - 200 121B in 27.950772ms
2026/07/07 12:47:19 "GET http://localhost:9280/api/resources/pods? HTTP/1.1" from [::1]:55652 - 200 12923B in 11.931131ms
2026/07/07 12:47:19 "GET http://localhost:9280/api/capabilities?namespace=default HTTP/1.1" from [::1]:55648 - 200 386B in 8.204632ms
2026/07/07 12:47:19 "GET http://localhost:9280/api/prometheus/status HTTP/1.1" from [::1]:55652 - 200 89B in 118.627µs
2026/07/07 12:47:19 "GET http://localhost:9280/api/resources/pods/default/fk-vault-restore-20260707-110000-45j66 HTTP/1.1" from [::1]:55652 - 404 94B in 157.63µs
2026/07/07 12:47:19 "GET http://localhost:9280/api/rbac/subject/ServiceAccount/default/fk-vault HTTP/1.1" from [::1]:55648 - 200 655B in 2.210356ms
2026/07/07 12:47:19 "GET http://localhost:9280/api/resources/pods/default/fk-vault-restore-20260707-110000-45j66/cascade-preview HTTP/1.1" from [::1]:55652 - 200 136B in 1.198496ms
2026/07/07 12:47:19 "GET http://localhost:9280/api/portforwards/available/pod/default/fk-vault-restore-20260707-110000-45j66 HTTP/1.1" from [::1]:55652 - 404 110B in 8.035559ms
2026/07/07 12:47:19 "GET http://localhost:9280/api/issues/resource/pods/default/fk-vault-restore-20260707-110000-45j66 HTTP/1.1" from [::1]:55648 - 200 28B in 10.97669ms
2026/07/07 12:47:19 "GET http://localhost:9280/api/metrics/pods/default/fk-vault-restore-20260707-110000-45j66/history HTTP/1.1" from [::1]:55652 - 200 280B in 7.656556ms
2026/07/07 12:47:19 "GET http://localhost:9280/api/resource-counts? HTTP/1.1" from [::1]:55636 - 200 471B in 58.347808ms
2026/07/07 12:47:19 "GET http://localhost:9280/api/connection HTTP/1.1" from [::1]:55668 - 200 144B in 119.653779ms
2026/07/07 12:47:19 "GET http://localhost:9280/api/audit/resource/Pod/default/fk-vault-restore-20260707-110000-45j66 HTTP/1.1" from [::1]:55648 - 200 28B in 20.927371ms
2026/07/07 12:47:20 "GET http://localhost:9280/api/version-check HTTP/1.1" from [::1]:55622 - 200 482B in 615.170103ms
2026/07/07 12:48:45 Broadcasting topology update to 1 clients
2026/07/07 12:51:46 [metrics] Pod metrics collection failed (count=340): the server could not find the requested resource
2026/07/07 12:51:46 [metrics] Node metrics collection failed (count=340): the server could not find the requested resource
2026/07/07 12:51:58 Broadcasting topology update to 1 clients
2026/07/07 12:53:51 Broadcasting topology update to 1 clients
2026/07/07 12:56:58 Broadcasting topology update to 1 clients
2026/07/07 12:58:56 Broadcasting topology update to 1 clients
2026/07/07 13:01:46 [metrics] Pod metrics collection failed (count=360): the server could not find the requested resource
2026/07/07 13:01:46 [metrics] Node metrics collection failed (count=360): the server could not find the requested resource
2026/07/07 13:01:59 Broadcasting topology update to 1 clients
2026/07/07 13:04:01 Broadcasting topology update to 1 clients
2026/07/07 13:06:59 Broadcasting topology update to 1 clients
2026/07/07 13:09:07 Broadcasting topology update to 1 clients
2026/07/07 13:11:46 [metrics] Pod metrics collection failed (count=380): the server could not find the requested resource
2026/07/07 13:11:46 [metrics] Node metrics collection failed (count=380): the server could not find the requested resource
2026/07/07 13:11:59 Broadcasting topology update to 1 clients
2026/07/07 13:14:12 Broadcasting topology update to 1 clients
2026/07/07 13:16:58 Broadcasting topology update to 1 clients
2026/07/07 13:17:57 Broadcasting topology update to 1 clients
2026/07/07 13:19:18 Broadcasting topology update to 1 clients
2026/07/07 13:21:46 [metrics] Pod metrics collection failed (count=400): the server could not find the requested resource
2026/07/07 13:21:46 [metrics] Node metrics collection failed (count=400): the server could not find the requested resource
2026/07/07 13:21:56 Broadcasting topology update to 1 clients
2026/07/07 13:24:21 Broadcasting topology update to 1 clients
2026/07/07 13:24:25 Broadcasting topology update to 1 clients
2026/07/07 13:24:30 Broadcasting topology update to 1 clients
2026/07/07 13:25:28 "GET http://localhost:9280/api/resources/pods/default/fk-vault-restore-20260707-110000-45j66 HTTP/1.1" from [::1]:51836 - 404 94B in 2.48489ms
2026/07/07 13:25:28 "GET http://localhost:9280/api/portforwards/available/pod/default/fk-vault-restore-20260707-110000-45j66 HTTP/1.1" from [::1]:51852 - 404 110B in 6.771307ms
2026/07/07 13:25:29 "GET http://localhost:9280/api/resources/pods? HTTP/1.1" from [::1]:51852 - 200 12923B in 4.975752ms
2026/07/07 13:26:56 Broadcasting topology update to 1 clients
2026/07/07 13:29:30 Broadcasting topology update to 1 clients
2026/07/07 13:31:46 [metrics] Pod metrics collection failed (count=420): the server could not find the requested resource
2026/07/07 13:31:46 [metrics] Node metrics collection failed (count=420): the server could not find the requested resource
2026/07/07 13:31:56 Broadcasting topology update to 1 clients
2026/07/07 13:34:37 Broadcasting topology update to 1 clients
2026/07/07 13:36:59 Broadcasting topology update to 1 clients
2026/07/07 13:39:44 Broadcasting topology update to 1 clients
2026/07/07 13:41:46 [metrics] Pod metrics collection failed (count=440): the server could not find the requested resource
2026/07/07 13:41:46 [metrics] Node metrics collection failed (count=440): the server could not find the requested resource
2026/07/07 13:41:59 Broadcasting topology update to 1 clients
2026/07/07 13:44:49 Broadcasting topology update to 1 clients
2026/07/07 13:46:58 Broadcasting topology update to 1 clients
2026/07/07 13:49:56 Broadcasting topology update to 1 clients
2026/07/07 13:51:46 [metrics] Pod metrics collection failed (count=460): the server could not find the requested resource
2026/07/07 13:51:46 [metrics] Node metrics collection failed (count=460): the server could not find the requested resource
2026/07/07 13:51:58 Broadcasting topology update to 1 clients
2026/07/07 13:55:02 Broadcasting topology update to 1 clients
2026/07/07 13:56:58 Broadcasting topology update to 1 clients
2026/07/07 13:58:30 SSE client disconnected, total clients: 0
2026/07/07 13:58:30 "GET http://localhost:9280/api/events/stream HTTP/1.1" from [::1]:55606 - 200 513773B in 1h10m43.76985061s
2026/07/07 13:58:36 SSE client connected (namespaces=[], view=full), total clients: 1
2026/07/07 13:58:36 "GET http://localhost:9280/api/connection HTTP/1.1" from [::1]:47832 - 200 144B in 9.19641ms
2026/07/07 13:58:36 "GET http://localhost:9280/api/auth/me HTTP/1.1" from [::1]:47838 - 200 65B in 1.122051ms
2026/07/07 13:58:36 "GET http://localhost:9280/api/namespaces HTTP/1.1" from [::1]:47846 - 200 115B in 1.72431ms
2026/07/07 13:58:36 "GET http://localhost:9280/api/audit HTTP/1.1" from [::1]:47838 - 200 8574B in 32.990405ms
2026/07/07 13:58:36 "GET http://localhost:9280/api/portforwards HTTP/1.1" from [::1]:47838 - 200 28B in 315.993µs
2026/07/07 13:58:36 "GET http://localhost:9280/api/cluster-info HTTP/1.1" from [::1]:47838 - 200 153B in 532.787µs
2026/07/07 13:58:36 "GET http://localhost:9280/api/contexts HTTP/1.1" from [::1]:47846 - 200 121B in 2.287613ms
2026/07/07 13:58:36 "GET http://localhost:9280/api/changes?namespace=default&kind=Pod&name=fk-vault-restore-20260707-110000-45j66&include_managed=true&since=2026-07-06T11%3A58%3A34.346Z&sources=k8s_event&limit=500 HTTP/1.1" from [::1]:47846 - 200 963B in 11.018699ms
2026/07/07 13:58:36 "GET http://localhost:9280/api/changes?namespace=default&kind=Pod&name=fk-vault-restore-20260707-110000-45j66&include_managed=true&since=2026-07-06T11%3A58%3A34.346Z&sources=informer%2Chistorical&limit=50 HTTP/1.1" from [::1]:47846 - 200 1247B in 7.088693ms
2026/07/07 13:58:36 "GET http://localhost:9280/api/cluster/namespace-scope HTTP/1.1" from [::1]:47860 - 200 188B in 65.932237ms
2026/07/07 13:58:36 API resource discovery took 153.661778ms
2026/07/07 13:58:36 Discovered 66 API resources (63 unique kinds)
2026/07/07 13:58:36 "GET http://localhost:9280/api/api-resources HTTP/1.1" from [::1]:47832 - 200 1514B in 157.036095ms
2026/07/07 13:58:36 "GET http://localhost:9280/api/secrets/certificate-expiry HTTP/1.1" from [::1]:47832 - 200 28B in 653.859µs
2026/07/07 13:58:36 "GET http://localhost:9280/api/metrics/top/pods HTTP/1.1" from [::1]:47860 - 200 495B in 17.912262ms
2026/07/07 13:58:36 "GET http://localhost:9280/api/resources/pods? HTTP/1.1" from [::1]:47832 - 200 13026B in 26.846894ms
2026/07/07 13:58:36 "GET http://localhost:9280/api/capabilities HTTP/1.1" from [::1]:47844 - 200 386B in 211.564436ms
2026/07/07 13:58:37 "GET http://localhost:9280/api/prometheus/status HTTP/1.1" from [::1]:47832 - 200 89B in 573.011µs
2026/07/07 13:58:37 "GET http://localhost:9280/api/resources/pods/default/fk-vault-restore-20260707-110000-45j66 HTTP/1.1" from [::1]:47832 - 404 94B in 170.194µs
2026/07/07 13:58:37 "GET http://localhost:9280/api/resources/pods/default/fk-vault-restore-20260707-110000-45j66/cascade-preview HTTP/1.1" from [::1]:47832 - 200 136B in 1.013204ms
2026/07/07 13:58:37 "GET http://localhost:9280/api/capabilities?namespace=default HTTP/1.1" from [::1]:47860 - 200 386B in 71.464782ms
2026/07/07 13:58:37 "GET http://localhost:9280/api/rbac/subject/ServiceAccount/default/fk-vault HTTP/1.1" from [::1]:47844 - 200 655B in 7.234431ms
2026/07/07 13:58:37 "GET http://localhost:9280/api/portforwards/available/pod/default/fk-vault-restore-20260707-110000-45j66 HTTP/1.1" from [::1]:47860 - 404 110B in 6.711534ms
2026/07/07 13:58:37 "GET http://localhost:9280/api/resource-counts? HTTP/1.1" from [::1]:47846 - 200 469B in 101.110346ms
2026/07/07 13:58:37 "GET http://localhost:9280/api/issues/resource/pods/default/fk-vault-restore-20260707-110000-45j66 HTTP/1.1" from [::1]:47832 - 200 28B in 13.630945ms
2026/07/07 13:58:37 "GET http://localhost:9280/api/metrics/pods/default/fk-vault-restore-20260707-110000-45j66/history HTTP/1.1" from [::1]:47844 - 200 280B in 11.850887ms
2026/07/07 13:58:37 "GET http://localhost:9280/api/audit/resource/Pod/default/fk-vault-restore-20260707-110000-45j66 HTTP/1.1" from [::1]:47860 - 200 28B in 1.199688ms
2026/07/07 13:58:37 "GET http://localhost:9280/api/version-check HTTP/1.1" from [::1]:47838 - 200 482B in 602.181372ms
2026/07/07 14:00:35 Broadcasting topology update to 1 clients
2026/07/07 14:02:14 [metrics] Pod metrics collection failed (count=480): the server could not find the requested resource
2026/07/07 14:02:14 [metrics] Node metrics collection failed (count=480): the server could not find the requested resource
2026/07/07 14:02:27 Broadcasting topology update to 1 clients
2026/07/07 14:04:54 Broadcasting topology update to 1 clients
2026/07/07 14:04:56 API resource discovery took 4.633626ms
2026/07/07 14:04:56 Discovered 66 API resources (63 unique kinds)
2026/07/07 14:04:56 "GET http://localhost:9280/api/resource-counts? HTTP/1.1" from [::1]:48416 - 200 467B in 9.77196ms
2026/07/07 14:05:08 Broadcasting topology update to 1 clients
2026/07/07 14:05:09 Broadcasting topology update to 1 clients
2026/07/07 14:05:10 Broadcasting topology update to 1 clients
2026/07/07 14:05:11 "GET http://localhost:9280/api/resources/pods/default/fk-vault-restore-20260707-110000-45j66 HTTP/1.1" from [::1]:46920 - 404 94B in 289.542µs
2026/07/07 14:05:11 "GET http://localhost:9280/api/resource-counts? HTTP/1.1" from [::1]:48416 - 200 467B in 6.853196ms
2026/07/07 14:05:11 "GET http://localhost:9280/api/resources/pods? HTTP/1.1" from [::1]:46928 - 200 14368B in 2.787428ms
2026/07/07 14:05:12 Broadcasting topology update to 1 clients
2026/07/07 14:05:22 "GET http://localhost:9280/api/resources/pods? HTTP/1.1" from [::1]:46928 - 200 14358B in 1.51482ms
2026/07/07 14:05:25 Broadcasting topology update to 1 clients
2026/07/07 14:05:27 "GET http://localhost:9280/api/resources/pods/default/fk-vault-restore-20260707-110000-45j66 HTTP/1.1" from [::1]:46928 - 404 94B in 120.029µs
2026/07/07 14:05:27 "GET http://localhost:9280/api/resources/pods? HTTP/1.1" from [::1]:48416 - 200 13374B in 1.91334ms
2026/07/07 14:05:27 "GET http://localhost:9280/api/resource-counts? HTTP/1.1" from [::1]:46920 - 200 472B in 5.409341ms
2026/07/07 14:05:40 "GET http://localhost:9280/api/resources/pods? HTTP/1.1" from [::1]:46928 - 200 13455B in 1.824892ms
2026/07/07 14:05:41 Broadcasting topology update to 1 clients
2026/07/07 14:05:45 "GET http://localhost:9280/api/resources/pods/default/fk-vault-restore-20260707-110000-45j66 HTTP/1.1" from [::1]:46928 - 404 94B in 100.031µs
2026/07/07 14:05:45 "GET http://localhost:9280/api/resources/pods? HTTP/1.1" from [::1]:48416 - 200 12579B in 1.695184ms
2026/07/07 14:05:45 "GET http://localhost:9280/api/resource-counts? HTTP/1.1" from [::1]:46920 - 200 471B in 5.795957ms
2026/07/07 14:07:25 Broadcasting topology update to 1 clients
2026/07/07 14:08:59 Broadcasting topology update to 1 clients
2026/07/07 14:09:01 "GET http://localhost:9280/api/resources/pods/default/fk-vault-restore-20260707-110000-45j66 HTTP/1.1" from [::1]:49228 - 404 94B in 275.115µs
2026/07/07 14:09:13 "GET http://localhost:9280/api/resources/pods? HTTP/1.1" from [::1]:49228 - 200 13183B in 1.96585ms
2026/07/07 14:10:02 Broadcasting topology update to 1 clients
2026/07/07 14:10:03 Broadcasting topology update to 1 clients
2026/07/07 14:10:04 Broadcasting topology update to 1 clients
2026/07/07 14:10:04 "GET http://localhost:9280/api/resources/pods/default/fk-vault-restore-20260707-110000-45j66 HTTP/1.1" from [::1]:49228 - 404 94B in 231.462µs
2026/07/07 14:10:04 "GET http://localhost:9280/api/resources/pods? HTTP/1.1" from [::1]:49228 - 200 14565B in 2.430407ms
2026/07/07 14:10:04 API resource discovery took 6.90155ms
2026/07/07 14:10:04 Discovered 66 API resources (63 unique kinds)
2026/07/07 14:10:04 "GET http://localhost:9280/api/resource-counts? HTTP/1.1" from [::1]:54696 - 200 469B in 13.228159ms
2026/07/07 14:10:06 Broadcasting topology update to 1 clients
2026/07/07 14:10:16 "GET http://localhost:9280/api/resources/pods? HTTP/1.1" from [::1]:49228 - 200 14669B in 1.964527ms
2026/07/07 14:10:32 Broadcasting topology update to 1 clients
2026/07/07 14:10:35 "GET http://localhost:9280/api/resources/pods/default/fk-vault-restore-20260707-110000-45j66 HTTP/1.1" from [::1]:49228 - 404 94B in 129.277µs
2026/07/07 14:10:35 "GET http://localhost:9280/api/resources/pods? HTTP/1.1" from [::1]:54696 - 200 13387B in 1.793512ms
2026/07/07 14:10:35 "GET http://localhost:9280/api/resource-counts? HTTP/1.1" from [::1]:59912 - 200 469B in 5.806958ms
2026/07/07 14:10:36 Broadcasting topology update to 1 clients
2026/07/07 14:10:46 Broadcasting topology update to 1 clients
2026/07/07 14:10:47 "GET http://localhost:9280/api/resources/pods? HTTP/1.1" from [::1]:49228 - 200 12447B in 1.494922ms
2026/07/07 14:12:14 [metrics] Pod metrics collection failed (count=500): the server could not find the requested resource
2026/07/07 14:12:14 [metrics] Node metrics collection failed (count=500): the server could not find the requested resource
2026/07/07 14:13:11 Broadcasting topology update to 1 clients
2026/07/07 14:13:12 Broadcasting topology update to 1 clients
2026/07/07 14:13:14 Broadcasting topology update to 1 clients
2026/07/07 14:13:14 "GET http://localhost:9280/api/resources/pods/default/fk-vault-restore-20260707-110000-45j66 HTTP/1.1" from [::1]:55226 - 404 94B in 125.579µs
2026/07/07 14:13:14 "GET http://localhost:9280/api/resources/pods? HTTP/1.1" from [::1]:55232 - 200 14920B in 2.318483ms
2026/07/07 14:13:14 "GET http://localhost:9280/api/resource-counts? HTTP/1.1" from [::1]:55226 - 200 472B in 6.9924ms
2026/07/07 14:13:15 Broadcasting topology update to 1 clients
2026/07/07 14:13:26 "GET http://localhost:9280/api/resources/pods? HTTP/1.1" from [::1]:55232 - 200 14920B in 2.439885ms
2026/07/07 14:13:42 Broadcasting topology update to 1 clients
2026/07/07 14:13:44 "GET http://localhost:9280/api/resources/pods/default/fk-vault-restore-20260707-110000-45j66 HTTP/1.1" from [::1]:55232 - 404 94B in 156.84µs
2026/07/07 14:13:44 "GET http://localhost:9280/api/resources/pods? HTTP/1.1" from [::1]:55226 - 200 13351B in 1.928649ms
2026/07/07 14:13:44 "GET http://localhost:9280/api/resource-counts? HTTP/1.1" from [::1]:55232 - 200 472B in 6.56244ms
2026/07/07 14:13:45 Broadcasting topology update to 1 clients
2026/07/07 14:13:56 "GET http://localhost:9280/api/resources/pods? HTTP/1.1" from [::1]:55232 - 200 12346B in 1.162539ms
2026/07/07 14:15:52 Broadcasting topology update to 1 clients
2026/07/07 14:20:58 Broadcasting topology update to 1 clients
2026/07/07 14:22:14 [metrics] Pod metrics collection failed (count=520): the server could not find the requested resource
2026/07/07 14:22:14 [metrics] Node metrics collection failed (count=520): the server could not find the requested resource
2026/07/07 14:26:04 Broadcasting topology update to 1 clients
2026/07/07 14:26:18 Broadcasting topology update to 1 clients
2026/07/07 14:31:10 Broadcasting topology update to 1 clients
2026/07/07 14:32:14 [metrics] Pod metrics collection failed (count=540): the server could not find the requested resource
2026/07/07 14:32:14 [metrics] Node metrics collection failed (count=540): the server could not find the requested resource
2026/07/07 14:36:17 Broadcasting topology update to 1 clients
2026/07/07 14:39:05 Broadcasting topology update to 1 clients
2026/07/07 14:40:54 "GET http://localhost:9280/api/resources/pods/default/fk-vault-restore-20260707-110000-45j66 HTTP/1.1" from [::1]:55596 - 404 94B in 348.114µs
2026/07/07 14:40:54 "GET http://localhost:9280/api/portforwards/available/pod/default/fk-vault-restore-20260707-110000-45j66 HTTP/1.1" from [::1]:55612 - 404 110B in 7.760029ms
2026/07/07 14:40:55 "GET http://localhost:9280/api/events/stream HTTP/1.1" from [::1]:47820 - 200 559788B in 42m19.184609772s
2026/07/07 14:40:55 SSE client disconnected, total clients: 0
2026/07/07 14:42:14 [metrics] Pod metrics collection failed (count=560): the server could not find the requested resource
2026/07/07 14:42:14 [metrics] Node metrics collection failed (count=560): the server could not find the requested resource
2026/07/07 14:52:14 [metrics] Pod metrics collection failed (count=580): the server could not find the requested resource
2026/07/07 14:52:14 [metrics] Node metrics collection failed (count=580): the server could not find the requested resource
2026/07/07 15:02:14 [metrics] Pod metrics collection failed (count=600): the server could not find the requested resource
2026/07/07 15:02:14 [metrics] Node metrics collection failed (count=600): the server could not find the requested resource
2026/07/07 15:12:14 [metrics] Pod metrics collection failed (count=620): the server could not find the requested resource
2026/07/07 15:12:14 [metrics] Node metrics collection failed (count=620): the server could not find the requested resource
